Nome_Serie,Data_1,Data_2,Data_3,Data_4,Lat_Centro,Lon_Centro,EPSG
EMSR350_2_50KPC_x660015_y7734285_S1RTC,2018-02-08,2018-02-15,2018-03-23,2018-04-04,-20.494712047069132,118.54663920835642,EPSG:32750
EMSR279_4_30TXM_x611635_y4633105_S1RTC,2017-02-21,2017-03-12,2017-04-11,2017-04-17,41.830313204084455,-1.6402636587242214,EPSG:32631
EMSR203_3_15SVA_x447645_y4099745_S1RTC,NaN,2016-04-14,2016-05-08,2016-05-08,37.03104063363781,-93.57431783978662,EPSG:32615
EMSR444_2_35UMP_x402755_y5359705_S1RTC,2019-05-09,2019-06-06,2019-06-21,2019-06-26,48.37173801294441,25.704111442511472,EPSG:32635
EMSR416_1_30TXP_x651415_y4834755_S1RTC,2018-10-09,2018-11-27,2018-12-08,2019-01-13,43.63864270932156,-1.106988243765251,EPSG:32630
EMSR203_3_15SWA_x521455_y4084375_S1RTC,NaN,2016-04-14,2016-05-08,2016-05-08,36.89360399646205,-92.74489329012158,EPSG:32615
EMSR187_1_35TNL_x546265_y5063815_S1RTC,2015-08-29,2015-09-22,2015-10-08,2015-11-09,45.714781791052296,27.610824958076137,EPSG:32635
EMSR277_2_35TMF_x456125_y4573475_S1RTC,2017-01-25,2017-03-02,2017-03-26,2017-04-19,41.30012944620376,26.491155070621545,EPSG:32635
EMSR397_1_31TCG_x341115_y4619385_S1RTC,2018-09-04,2018-09-28,2018-10-22,2018-11-21,41.6991728172504,1.1058382891322722,EPSG:32630
EMSR645_6_38LRH_x813025_y8200745_S1RTC,2021-11-16,2022-01-03,2022-01-27,2022-01-27,-16.265191143341838,47.94042959657192,EPSG:32739
EMSR427_10_33VVC_x455495_y6283045_S1RTC,2018-12-24,2019-01-17,2019-03-01,2019-03-18,56.67803834825817,14.294444712452515,EPSG:32633
EMSR265_14_31UEQ_x522555_y5415395_S1RTC,2016-12-04,2017-01-06,2017-01-21,2017-02-14,48.87957712723541,3.325019655783213,EPSG:32631
EMSR774_1_15QTA_x228485_y2037415_S1RTC,2023-09-20,2023-10-14,2023-11-04,2023-11-19,18.3981411064334,-95.55786039760041,EPSG:32615
EMSR779_1_33PVM_x475315_y1163255_S1RTC,2023-09-18,2023-10-24,2023-11-17,2023-12-23,10.511548949320467,14.786053724101661,EPSG:32633
EMSR279_3_30TXM_x618985_y4676815_S1RTC,2017-02-09,2017-03-18,2017-04-11,2017-04-17,42.222784304736436,-1.5428151966792727,EPSG:32630
EMSR788_1_30TWT_x585815_y5289685_S1RTC,2023-12-04,2024-01-12,2024-01-24,2024-02-21,47.7431806685731,-1.8382499895243245,EPSG:32630
EMSR397_1_31TCG_x330875_y4606585_S1RTC,2018-09-04,2018-09-28,2018-10-22,2018-11-21,41.58185790032542,0.9864361471614116,EPSG:32630
EMSR200_12_56JNP_x513785_y6808485_S1RTC,2016-01-26,2016-02-26,2016-04-02,2016-04-26,-28.862755021316072,153.1544165929215,EPSG:32756
EMSR184_4_55HCC_x339535_y6250965_S1RTC,2015-07-28,2015-09-02,2015-10-01,2015-10-20,-33.88113607308905,145.27868404768273,EPSG:32755
EMSR347_6_36LXH_x683775_y8278755_S1RTC,2018-01-23,2018-02-28,2018-03-12,2018-03-24,-15.573611979936993,34.72573794500224,EPSG:32736
EMSR657_1_35UMB_x471625_y6191905_S1RTC,2022-01-24,2022-03-10,2022-04-01,2022-04-18,55.86042326983863,26.5670385833467,EPSG:32635
EMSR279_2_30TWN_x593785_y4724295_S1RTC,2017-02-09,2017-03-24,2017-04-10,2017-04-29,42.65377328222435,-1.840236265538121,EPSG:32630
EMSR279_1_30TWN_x559895_y4762255_S1RTC,2017-02-21,2017-03-29,2017-04-10,2017-04-22,42.999027359893745,-2.24953813014614,EPSG:32630
EMSR554_1_56JLP_x302395_y6851775_S1RTC,2020-10-07,2020-11-05,2020-11-24,2020-11-29,-28.45730983600724,150.99489967551466,EPSG:32756
EMSR280_3_33VWH_x551845_y6720835_S1RTC,2017-03-11,2017-04-04,2017-05-10,2017-05-29,60.608379054866475,15.97024495392562,EPSG:32633
EMSR200_2_55KFT_x672095_y7748185_S1RTC,NaN,NaN,NaN,NaN,-20.368091216723727,148.6610922898973,EPSG:32755
EMSR472_1_48QXE_x629305_y1980975_S1RTC,2019-08-29,2019-09-10,2019-10-12,2019-10-16,17.90132132015367,106.23272388972399,EPSG:32648
EMSR264_9_39KTU_x275275_y7819035_S1RTC,2016-11-13,2016-12-31,2017-01-12,2017-01-24,-19.723068345806453,48.86796045353948,EPSG:32739
EMSR264_17_38KMD_x442085_y7836255_S1RTC,2016-12-10,2016-12-10,2017-01-10,2017-02-03,-19.57932536493089,44.45996202772607,EPSG:32738
EMSR712_8_32UND_x581835_y5811155_S1RTC,2022-11-09,2022-11-19,2022-12-18,2022-12-30,52.4327994927785,10.222471861143399,EPSG:32632
EMSR777_1_16QCE_x349815_y1916655_S1RTC,2023-09-29,2023-11-04,2023-11-16,2023-11-28,17.318935819247134,-88.4012377579848,EPSG:32616
EMSR706_1_31UDS_x449045_y5624315_S1RTC,2022-09-01,2022-10-12,2022-11-17,2022-11-29,50.757005130931475,2.2956700834833095,EPSG:32631
EMSR437_2_30TXP_x666715_y4841105_S1RTC,2019-03-27,2019-04-19,2019-05-13,2019-05-13,43.692482904065365,-0.9154435706673143,EPSG:32630
EMSR421_3_31TDH_x410455_y4773035_S1RTC,2018-11-21,2019-01-08,2019-01-20,2019-02-13,43.09342152540406,1.9154032769899878,EPSG:32631
EMSR417_1_29TNE_x543545_y4441365_S1RTC,2018-10-17,2018-11-28,2018-12-17,2019-01-03,40.109920852811435,-8.474084877092197,EPSG:32629
EMSR348_1_37KBA_x280055_y8022345_S1RTC,2018-01-30,2018-02-18,2018-03-14,2018-04-07,-17.88732717076196,36.9360701070793,EPSG:32737
EMSR419_6_40RFR_x693875_y3055795_S1RTC,2018-11-15,2018-12-14,2019-01-07,2019-01-23,27.600594559757567,58.977325389415945,EPSG:32640
EMSR280_3_33VWH_x528805_y6700355_S1RTC,2017-03-11,2017-04-04,2017-05-10,2017-05-29,60.426896887797845,15.54634202270587,EPSG:32633
EMSR712_6_32UNC_x561195_y5755515_S1RTC,2022-11-09,2022-11-21,2022-12-27,2023-01-20,51.935370508083814,9.908672049501137,EPSG:32633
EMSR243_2_19QGV_x783155_y1992115_S1RTC,2016-07-28,2016-08-21,NaN,2016-10-27,17.9872983690965,-66.3142099475041,EPSG:32619
EMSR482_5_16PFC_x634465_y1763965_S1RTC,2019-09-25,2019-11-02,2019-11-14,2019-12-08,15.939808819194317,-85.73176948146491,EPSG:32616
EMSR483_3_33SXD_x667545_y4349965_S1RTC,2019-10-07,2019-10-25,2019-11-18,2019-12-06,39.27112754167756,16.957022911005577,EPSG:32633
EMSR311_3_17SPT_x686025_y3769255_S1RTC,2017-08-07,2017-08-19,2017-09-12,2017-10-06,34.03578183375777,-78.97110711502113,EPSG:32617
EMSR498_1_31TDK_x415665_y4988795_S1RTC,2019-12-10,2020-01-04,2020-01-27,2020-02-21,45.036266369423515,1.9454782295360806,EPSG:32631
EMSR261_1_32UNC_x539305_y5788515_S1RTC,2016-10-11,2016-10-23,2016-12-10,2016-12-22,52.234078860378844,9.594216614552582,EPSG:32632
EMSR184_4_55HCD_x368665_y6306575_S1RTC,2015-08-14,2015-09-02,2015-10-01,2015-11-25,-33.38371223406049,145.60170161782443,EPSG:32755
EMSR203_2_15SVA_x416365_y4081125_S1RTC,NaN,2016-04-14,2016-05-08,2016-06-13,36.860989112058554,-93.92395154298664,EPSG:32615
EMSR312_6_51QUU_x371405_y1889055_S1RTC,2017-07-11,2017-08-16,2017-09-09,2017-10-03,17.070821635808638,121.80349165419254,EPSG:32651
EMSR347_6_36LXJ_x653175_y8300825_S1RTC,2018-01-23,2018-02-28,2018-03-12,2018-03-24,-15.37619592525355,34.439060477204194,EPSG:32736
EMSR779_1_33PVM_x472755_y1150455_S1RTC,2023-09-18,2023-10-24,2023-11-17,2023-12-23,10.395765978785708,14.762745656009873,EPSG:32633
EMSR229_5_15RUP_x394025_y3302975_S1RTC,NaN,NaN,NaN,2016-10-04,29.841362205029082,-94.08381002619655,EPSG:32615
EMSR475_2_48QWF_x590345_y2031395_S1RTC,2019-08-25,2019-09-27,2019-10-24,2019-11-14,18.35897246240132,105.86720623554031,EPSG:32648
EMSR793_1_37LED_x596825_y8323065_S1RTC,2024-01-13,2024-02-18,2024-03-13,2024-03-25,-15.177923718863667,39.91322068180991,EPSG:32737
EMSR422_1_31TDG_x489245_y4617615_S1RTC,2018-11-17,2019-01-03,2019-01-27,2019-02-20,41.6987866334292,2.8860673396005523,EPSG:32631
EMSR265_23_31TDN_x462805_y5286605_S1RTC,2016-12-09,2017-01-14,2017-01-26,2017-02-19,47.72034884657765,2.5210517806834503,EPSG:32631
EMSR427_4_33VUE_x679215_y6407325_S1RTC,2018-12-29,2019-01-17,2019-02-22,2019-03-18,57.76014365768988,12.033855366591288,EPSG:32632
EMSR347_6_36LYJ_x699965_y8305745_S1RTC,2018-01-11,2018-02-28,2018-03-12,2018-03-24,-15.32849535165668,34.874473034299484,EPSG:32736
EMSR470_1_31PBM_x231615_y1165555_S1RTC,2019-08-21,2019-09-14,2019-10-20,2019-10-20,10.523022056731522,0.5594538408634573,EPSG:32631
EMSR261_1_32UNC_x544425_y5793635_S1RTC,2016-10-11,2016-10-23,2016-12-10,2016-12-22,52.279706217127924,9.669877120258748,EPSG:32632
EMSR417_1_29TNE_x556345_y4441365_S1RTC,2018-10-17,2018-11-28,2018-12-17,2019-01-03,40.10914152184516,-8.32389924783377,EPSG:32629
EMSR629_3_42RVS_x438385_y3132375_S1RTC,2021-06-24,2021-07-22,2021-08-23,2021-08-27,28.30461007486906,68.38457267472171,EPSG:32642
EMSR258_7_34TCK_x387455_y4482825_S1RTC,2016-09-29,2016-11-16,2016-11-28,2016-12-16,40.477186874487074,19.687292387982062,EPSG:32634
EMSR564_1_38KND_x519155_y7802255_S1RTC,2020-12-08,2021-01-25,2021-02-06,2021-02-06,-19.887283368030648,45.195166892495834,EPSG:32738
EMSR264_1_39LTF_x303425_y8547865_S1RTC,2016-11-18,2016-12-12,2017-01-05,2017-01-29,-13.140848561478412,49.198273166632056,EPSG:32739
EMSR411_1_31TGJ_x300545_y4810745_S1RTC,2018-09-20,2018-10-25,2018-11-18,2018-12-24,43.411922960286894,6.552219841684361,EPSG:32632
EMSR429_6_29UMU_x503765_y5871525_S1RTC,2018-12-21,2019-01-26,2019-02-19,2019-02-19,52.98181288140875,-8.924931369762966,EPSG:32629
EMSR429_5_29UNA_x580665_y5993265_S1RTC,2018-12-31,2019-01-29,2019-02-19,2019-03-13,54.069595515278024,-7.747832739558563,EPSG:32629
EMSR280_5_33VVH_x482915_y6780515_S1RTC,2017-03-11,2017-04-04,2017-04-21,2017-05-22,61.147390126442325,14.706324461965474,EPSG:32633
EMSR342_7_54KWE_x500705_y7989535_S1RTC,2017-12-21,2018-01-02,2018-02-19,2018-03-03,-18.194820104567956,141.01872415433198,EPSG:32754
EMSR312_6_51QUV_x363795_y1906485_S1RTC,2017-08-04,2017-08-16,2017-09-09,2017-10-03,17.227905559635992,121.73091818471092,EPSG:32651
EMSR283_1_32VPP_x354435_y6818105_S1RTC,2017-03-28,2017-04-09,2017-05-08,2017-05-15,61.45827993170834,12.292571110073846,EPSG:32632
EMSR229_3_14RNR_x568465_y3050825_S1RTC,NaN,NaN,NaN,NaN,27.568017941709005,-98.2935093424584,EPSG:32614
EMSR333_2_33SUB_x311225_y4171045_S1RTC,2017-09-21,2017-10-03,2017-11-02,2017-11-02,37.65596449928185,12.874416748804391,EPSG:32633
EMSR694_2_30TUK_x399145_y4463615_S1RTC,2022-07-18,2022-07-30,2022-09-04,2022-09-17,40.30564065879649,-4.1718204972785395,EPSG:32630
EMSR777_1_16QCD_x357345_y1845045_S1RTC,2023-10-03,2023-10-27,2023-11-16,2023-11-20,16.672271370231257,-88.32583720252421,EPSG:32616
EMSR264_4_38LQJ_x781065_y8298635_S1RTC,2016-11-18,2016-12-12,2017-01-05,2017-01-29,-15.385093879652674,47.63020445595192,EPSG:32739
EMSR567_13_56HLJ_x310765_y6301705_S1RTC,2020-12-21,2021-02-07,2021-02-28,2021-03-27,-33.41904001517602,150.9784768823469,EPSG:32756
EMSR280_5_33VVH_x462435_y6793315_S1RTC,2017-03-11,2017-04-04,2017-04-21,2017-05-22,61.26093586821953,14.323464417676607,EPSG:32633
EMSR481_3_16PFC_x654945_y1756285_S1RTC,2019-09-20,2019-10-02,2019-10-31,2019-11-02,15.869190267569012,-85.54096557886665,EPSG:32616
EMSR328_2_13QDE_x430895_y2493615_S1RTC,2017-09-01,2017-09-23,2017-10-19,2017-11-12,22.536304919549117,-105.65963339915346,EPSG:32613
EMSR261_1_32UND_x569845_y5813535_S1RTC,2016-10-09,2016-10-23,2016-12-10,2016-12-10,52.455884208437475,10.046651540093332,EPSG:32632
EMSR482_5_16PFC_x654945_y1756285_S1RTC,2019-09-20,2019-11-02,2019-11-14,2019-12-08,15.869190267569012,-85.54096557886665,EPSG:32616
EMSR472_3_48PZC_x826295_y1799585_S1RTC,2019-08-17,2019-09-10,2019-10-11,2019-10-23,16.243390938205717,108.06414031720738,EPSG:32648
EMSR265_22_31UDQ_x423755_y5423685_S1RTC,2016-12-06,2017-01-06,2017-01-26,2017-02-19,48.95006496355773,1.9760306887502537,EPSG:32631
EMSR471_5_33UXP_x658515_y5363445_S1RTC,2019-09-06,2019-09-26,2019-10-08,2019-10-20,48.39243201050811,17.15856693090717,EPSG:32634
EMSR712_4_32UNC_x521505_y5762735_S1RTC,2022-11-02,2022-11-21,2022-12-27,2023-01-20,52.00332485618813,9.331850513005175,EPSG:32632
EMSR348_3_36KXD_x687075_y7826825_S1RTC,2018-01-30,2018-02-23,2018-03-19,2018-04-24,-19.65637511140488,34.79648332711229,EPSG:32736
EMSR475_5_48QYD_x784935_y1829185_S1RTC,2019-08-29,2019-09-22,2019-10-28,2019-11-12,16.515922452258103,107.68123459754578,EPSG:32648
EMSR472_1_48QXE_x639545_y1952815_S1RTC,2019-08-29,2019-09-10,2019-10-12,2019-10-16,17.646220072050976,106.32749482064946,EPSG:32648
EMSR279_5_30TXM_x659255_y4621125_S1RTC,2017-02-17,2017-03-12,2017-04-11,2017-04-17,41.71425267319837,-1.0702961350740559,EPSG:32631
EMSR200_12_56JNN_x526485_y6796775_S1RTC,2016-01-26,2016-02-26,2016-04-02,2016-04-26,-28.96823712634675,153.2849227745556,EPSG:32756
EMSR347_6_36LYJ_x710205_y8303185_S1RTC,2018-01-11,2018-02-28,2018-03-12,2018-03-24,-15.35080558057829,34.9700321197821,EPSG:32736
EMSR570_1_56JNN_x525345_y6778475_S1RTC,2021-02-11,2021-03-19,2021-03-31,2021-04-12,-29.133433489907926,153.2736577888859,EPSG:32756
EMSR265_6_31UDQ_x435315_y5403555_S1RTC,2016-12-06,2017-01-06,2017-01-23,2017-02-19,48.77029290995446,2.1370197465730687,EPSG:32631
EMSR261_3_32UND_x591175_y5821215_S1RTC,2016-10-06,2016-10-30,2016-12-10,2017-01-18,52.521715935609876,10.362605388796696,EPSG:32633
EMSR472_4_48PZC_x218815_y1716635_S1RTC,2019-08-20,2019-09-17,2019-10-11,2019-10-19,15.500240275764225,108.39097915054703,EPSG:32648
EMSR312_5_51QUV_x381725_y1926235_S1RTC,2017-08-04,2017-08-16,2017-09-09,2017-10-03,17.407390452219627,121.89847098858004,EPSG:32651
EMSR260_4_32TPQ_x614245_y4958965_S1RTC,2016-10-18,2016-11-11,2016-12-13,2016-12-25,44.76327377211852,10.459705582327999,EPSG:32632
EMSR442_7_35WNU_x542165_y7803045_S1RTC,2019-04-22,2019-05-04,2019-06-08,2019-06-09,70.31818969156295,28.155726662538548,EPSG:32635
EMSR229_5_15RUP_x401705_y3308095_S1RTC,NaN,NaN,NaN,2016-10-04,29.88819047386403,-94.00478333596598,EPSG:32615
EMSR507_3_51LYK_x766365_y8979035_S1RTC,2020-02-10,2020-03-05,2020-03-29,2020-04-10,-9.23945749773144,125.4359174518623,EPSG:32751
EMSR267_1_34UEG_x529525_y6138275_S1RTC,2016-12-09,2016-12-31,2017-01-26,2017-01-31,55.37832609929558,21.486073052618924,EPSG:32634
EMSR279_4_30TXM_x629555_y4633105_S1RTC,2017-02-21,2017-03-12,2017-04-11,2017-04-17,41.82755630709647,-1.4245325590397644,EPSG:32631
EMSR427_10_33VVD_x460885_y6293015_S1RTC,2018-12-24,2019-01-17,2019-03-01,2019-03-30,56.76806970226268,14.38093868163233,EPSG:32633
EMSR264_5_38LQH_x708175_y8216875_S1RTC,2016-11-23,2016-12-17,2017-01-10,2017-02-03,-16.130811595337235,46.95858559941797,EPSG:32738
EMSR264_16_38KND_x546665_y7843965_S1RTC,2016-11-23,2016-12-17,2017-01-10,2017-02-03,-19.50988044570458,45.45689325954954,EPSG:32738
EMSR264_5_38LPH_x665615_y8218385_S1RTC,2016-11-23,2016-12-17,2017-01-10,2017-02-03,-16.120448650087297,46.56061660029436,EPSG:32738
EMSR280_5_33VVH_x472675_y6788195_S1RTC,2017-03-11,2017-04-04,2017-04-21,2017-05-22,61.21578976349921,14.515061929832397,EPSG:32633
EMSR712_7_32UNC_x590125_y5743925_S1RTC,2022-11-04,2022-11-21,2022-12-18,2023-02-01,51.827191821722906,10.326307583950667,EPSG:32633
EMSR264_16_38KND_x523625_y7810685_S1RTC,2016-11-23,2016-12-17,2017-01-10,2017-02-03,-19.811051526233395,45.23775488908418,EPSG:32738
EMSR280_5_33VVH_x449635_y6770275_S1RTC,2017-03-11,2017-04-04,2017-04-21,2017-05-22,61.052716472258396,14.090841331986061,EPSG:32633
EMSR777_1_16QCE_x357495_y1937135_S1RTC,2023-09-29,2023-11-04,2023-11-16,2023-11-28,17.50450044126345,-88.33032276970866,EPSG:32616
EMSR483_3_33SXD_x667545_y4370445_S1RTC,2019-10-07,2019-10-25,2019-11-18,2019-12-06,39.455560415153,16.96217877329641,EPSG:32633
EMSR472_1_48QWF_x599555_y1996015_S1RTC,2019-08-25,2019-09-18,2019-10-12,2019-11-14,18.038819736917915,105.95263378722419,EPSG:32648
EMSR279_1_30TWN_x534295_y4754575_S1RTC,2017-02-21,2017-03-29,2017-04-10,2017-04-22,42.93149822393359,-2.5640872510753607,EPSG:32630
EMSR507_3_51LYK_x779165_y8989275_S1RTC,2020-02-10,2020-03-05,2020-03-29,2020-04-10,-9.14612028412847,125.55167550427889,EPSG:32751
EMSR712_8_32UND_x579275_y5813715_S1RTC,2022-11-09,2022-11-19,2022-12-18,2022-12-30,52.45619288334675,10.185443072097645,EPSG:32632
EMSR264_16_38KND_x528745_y7805565_S1RTC,2016-11-23,2016-12-17,2017-01-10,2017-02-03,-19.857247889784425,45.28672523218891,EPSG:32738
EMSR265_6_31UDQ_x445555_y5416355_S1RTC,2016-12-06,2017-01-06,2017-01-23,2017-02-19,48.88639023609286,2.274708682907283,EPSG:32631
EMSR352_1_39RTQ_x851445_y3476835_S1RTC,2018-02-17,2018-02-22,2018-04-06,2018-04-06,31.36104259946317,48.7075682270158,EPSG:32639
EMSR572_1_33TXJ_x698375_y4792995_S1RTC,2021-02-11,2021-03-19,2021-03-31,2021-04-05,43.25184985344818,17.459464084384084,EPSG:32633
EMSR570_2_56JNP_x530915_y6821485_S1RTC,2021-02-04,2021-03-19,2021-03-31,2021-04-12,-28.74510041263641,153.32968647101652,EPSG:32756
EMSR481_1_16PCC_x401055_y1726205_S1RTC,2019-09-14,2019-10-12,2019-11-05,2019-11-13,15.600277913359605,-87.9110533433557,EPSG:32616
EMSR407_2_30UXE_x687445_y5902885_S1RTC,2018-09-13,2018-10-14,2018-11-07,2018-12-01,53.23019741787721,-0.1725316992924361,EPSG:32631
EMSR184_4_55HCD_x330265_y6342415_S1RTC,2015-08-14,2015-09-02,2015-10-01,2015-11-25,-33.05525808018651,145.195661538132,EPSG:32755
EMSR470_1_31PBN_x252165_y1203495_S1RTC,2019-08-09,2019-09-20,2019-10-20,2019-10-20,10.867281192372117,0.744578795028085,EPSG:32631
EMSR166_4_33UUP_x340395_y5346825_S1RTC,2015-04-22,2015-05-04,2015-06-09,2015-06-09,48.24337930817205,12.867381178902637,EPSG:32633
EMSR279_2_30TWN_x580985_y4737095_S1RTC,2017-02-09,2017-03-24,2017-04-10,2017-04-29,42.77050097311176,-1.9945164607639732,EPSG:32630
EMSR264_4_38LQJ_x778505_y8311435_S1RTC,2016-11-18,2016-12-12,2017-01-05,2017-01-29,-15.269770366938477,47.60494096113996,EPSG:32739
EMSR397_1_31TCG_x351355_y4624505_S1RTC,2018-09-04,2018-09-28,2018-10-22,2018-11-21,41.74722929560398,1.2275776068708277,EPSG:32630
EMSR472_1_48QXE_x665145_y1932335_S1RTC,2019-08-29,2019-09-10,2019-10-12,2019-10-16,17.459397342496132,106.56716973521138,EPSG:32648
EMSR184_4_55HCD_x396825_y6321935_S1RTC,2015-08-21,2015-09-02,NaN,2015-11-25,-33.24823322514191,145.90613173654378,EPSG:32755
EMSR779_3_33PVN_x458325_y1209945_S1RTC,2023-09-30,2023-10-24,2023-11-17,2023-12-11,10.933669688721064,14.630269921048997,EPSG:32633
EMSR427_10_33VVC_x450375_y6265125_S1RTC,2018-12-24,2019-01-17,2019-03-01,2019-03-18,56.51655766294452,14.21423814869616,EPSG:32633
EMSR779_1_33PWM_x515605_y1173495_S1RTC,2023-09-18,2023-10-24,2023-11-17,2023-12-23,10.604196493656222,15.154314330094852,EPSG:32633
EMSR637_1_55HED_x581255_y6310725_S1RTC,2021-09-01,2021-09-13,2021-10-31,2021-12-06,-33.35098962052798,147.88698361508432,EPSG:32755
EMSR481_3_16PEC_x601925_y1733055_S1RTC,2019-09-03,2019-10-07,2019-10-31,2019-12-01,15.661978217354045,-86.03707927767343,EPSG:32616
EMSR280_2_33VVH_x464345_y6726005_S1RTC,2017-03-11,2017-04-04,2017-04-16,2017-05-22,60.65683919633264,14.371110012688492,EPSG:32633
EMSR706_1_31UDS_x436245_y5649915_S1RTC,2022-09-01,2022-10-12,2022-11-17,2022-11-29,50.98595358084729,2.1098472489587956,EPSG:32631
EMSR229_5_15RVP_x421635_y3337375_S1RTC,NaN,NaN,NaN,NaN,30.15381471632221,-93.80051783208191,EPSG:32615
EMSR311_3_17SQT_x700805_y3767615_S1RTC,2017-07-26,2017-08-19,2017-09-12,2017-10-06,34.018256263975424,-78.8114838936016,EPSG:32617
EMSR265_4_31UDQ_x490615_y5421275_S1RTC,2016-12-04,2016-12-21,2017-01-30,2017-02-02,48.9328771085663,2.889269300960382,EPSG:32631
EMSR668_2_32VNM_x551745_y6648795_S1RTC,2022-04-12,2022-04-17,2022-05-18,2022-05-30,59.96164485675044,9.949482260903704,EPSG:32632
EMSR279_5_30TXM_x684855_y4610885_S1RTC,2017-02-17,2017-03-12,2017-04-11,2017-04-17,41.61651148227385,-0.7659627829551234,EPSG:32631
EMSR265_14_31UEQ_x558395_y5405155_S1RTC,2016-12-04,2017-01-06,2017-01-21,2017-02-14,48.78505487254747,3.812318322495685,EPSG:32631
EMSR265_6_31UDQ_x494195_y5426595_S1RTC,2016-12-04,2017-01-06,2017-01-21,2017-02-19,48.98077068826821,2.938089952664552,EPSG:32631
EMSR200_12_56JNP_x526585_y6808485_S1RTC,2016-01-26,2016-02-26,2016-04-02,2016-04-26,-28.862540843492482,153.28565940733537,EPSG:32756
EMSR251_2_32VMK_x470785_y6474135_S1RTC,2016-09-03,2016-10-04,2016-10-16,2016-10-28,58.395652409807944,8.522029571475858,EPSG:32632
EMSR333_6_33SUB_x354235_y4149375_S1RTC,2017-09-27,2017-10-21,2017-11-02,2017-11-08,37.46849857228876,13.366058505816909,EPSG:32633
EMSR184_4_55HCD_x366105_y6298895_S1RTC,2015-08-14,2015-09-02,2015-10-01,2015-11-25,-33.45264944822939,145.5730534876484,EPSG:32755
EMSR264_9_39KTT_x260165_y7794365_S1RTC,2016-11-13,2016-12-31,2016-12-31,2017-01-05,-19.944058383769487,48.720694473439615,EPSG:32739
EMSR251_3_32VNL_x517955_y6559475_S1RTC,2016-08-29,2016-09-27,2016-10-16,2016-10-21,59.16254337059042,9.336299652860617,EPSG:32632
EMSR280_4_33VWH_x525155_y6754595_S1RTC,2017-03-11,2017-04-04,2017-04-16,2017-05-10,60.91412054780909,15.487355598705772,EPSG:32633
EMSR479_1_15QVA_x428705_y2008095_S1RTC,2019-09-12,2019-10-06,2019-11-08,2019-11-23,18.149212855864647,-93.66197030521886,EPSG:32615
EMSR352_1_39RTQ_x815605_y3428195_S1RTC,2018-02-18,2018-02-22,2018-04-07,2018-04-07,30.93323704531088,48.316106657415816,EPSG:32639
EMSR347_6_36LXH_x660735_y8260835_S1RTC,2018-01-23,2018-02-28,2018-03-12,2018-03-24,-15.73714403547123,34.51211944488892,EPSG:32736
EMSR184_1_55HFD_x601065_y6308535_S1RTC,NaN,2015-09-09,2015-10-03,2015-10-15,-33.36903634492226,148.10010742589074,EPSG:32755
EMSR793_1_37LFD_x649235_y8348365_S1RTC,2024-01-13,2024-02-18,2024-03-13,2024-03-25,-14.946745460313766,40.39952847045528,EPSG:32737
EMSR264_5_38KPG_x688555_y8169185_S1RTC,2016-11-23,2016-12-17,2017-01-10,2017-02-03,-16.563331695211797,46.779081704762845,EPSG:32738
EMSR200_2_55KFT_x651615_y7758425_S1RTC,NaN,NaN,NaN,NaN,-20.277346285189136,148.46404999803298,EPSG:32755
EMSR586_3_56HLH_x316205_y6292305_S1RTC,2021-04-29,2021-06-04,2021-07-01,2021-07-25,-33.50471480372596,151.03504255932828,EPSG:32756
EMSR280_4_33VWH_x522595_y6767395_S1RTC,2017-03-11,2017-04-04,2017-04-16,2017-05-10,61.029197404727846,15.441743357522157,EPSG:32633
EMSR200_12_56JNN_x508565_y6791655_S1RTC,2016-01-26,2016-02-26,2016-04-02,2016-04-26,-29.014713897055472,153.10104104870504,EPSG:32756
EMSR472_1_48QXD_x685625_y1899095_S1RTC,2019-08-25,2019-09-18,2019-10-12,2019-11-17,17.157461827571417,106.75711047660866,EPSG:32648
EMSR712_7_32UNC_x579885_y5774645_S1RTC,2022-11-07,2022-11-21,2022-12-18,2023-02-01,52.10491842947619,10.185012279816359,EPSG:32633
EMSR166_4_33UUP_x345515_y5349385_S1RTC,2015-04-22,2015-05-04,2015-06-09,2015-06-09,48.26765419452553,12.935370665709936,EPSG:32633
EMSR779_3_33PVP_x486595_y1334745_S1RTC,2023-09-30,2023-11-05,2023-11-17,2023-12-11,12.0625249205681,14.888545858757826,EPSG:32633
EMSR758_3_35TNL_x551455_y5039585_S1RTC,2023-07-22,2023-08-15,2023-09-08,2023-10-14,45.49632756082883,27.674884818318553,EPSG:32635
EMSR779_3_33PVN_x455765_y1266265_S1RTC,2023-09-30,2023-10-24,2023-11-17,2023-12-11,11.442980416741177,14.60615439483478,EPSG:32633
EMSR427_4_33VUE_x702255_y6425245_S1RTC,2018-12-29,2019-01-17,2019-02-22,2019-03-18,57.910964610770506,12.43566278487454,EPSG:32632
EMSR774_1_15QTA_x228485_y2016935_S1RTC,2023-09-20,2023-10-14,2023-11-04,2023-11-19,18.21322088151637,-95.55514537085926,EPSG:32615
EMSR712_4_32UNC_x521505_y5767855_S1RTC,2022-11-05,2022-11-21,2022-12-27,2023-01-20,52.04935758321196,9.332191399289297,EPSG:32632
EMSR756_1_33UWS_x586635_y5648645_S1RTC,2023-07-23,2023-09-02,2023-09-14,2023-10-11,50.971213907558976,16.25206770589519,EPSG:32633
EMSR788_6_30TWT_x572605_y5265115_S1RTC,2023-12-11,2024-01-09,2024-01-24,2024-02-26,47.52378664698702,-2.018585339665803,EPSG:32630
EMSR470_1_31PBM_x208575_y1137395_S1RTC,2019-08-21,2019-09-14,2019-10-20,2019-10-20,10.266916798010401,0.3512364550127106,EPSG:32631
EMSR283_10_32VNP_x530095_y6845545_S1RTC,2017-03-26,2017-04-07,2017-05-08,2017-06-01,61.73021890212684,9.593686728734802,EPSG:32632
EMSR437_2_30TXP_x656475_y4846225_S1RTC,2019-03-27,2019-04-19,2019-05-13,2019-05-13,43.740802424959064,-1.0409332194544696,EPSG:32630
EMSR407_2_30UXD_x662475_y5886815_S1RTC,2018-09-13,2018-10-24,2018-11-07,2018-11-29,53.09415757008159,-0.5544599294640205,EPSG:32631
EMSR683_22_32VNN_x528505_y6743865_S1RTC,2022-06-16,2022-07-22,2022-08-15,2022-08-27,60.817552354898716,9.54747341157594,EPSG:32632
EMSR777_1_16QCD_x357345_y1873205_S1RTC,2023-10-03,2023-10-27,2023-11-16,2023-11-20,16.926761414003256,-88.32760571812418,EPSG:32616
EMSR261_3_32UNC_x594015_y5761125_S1RTC,2016-10-14,2016-10-23,2016-12-13,2017-01-18,51.981143644512585,10.387494054854697,EPSG:32633
EMSR261_3_32UPC_x641825_y5758775_S1RTC,2016-10-09,2016-11-02,2016-12-13,2017-01-03,51.949774002519334,11.082250319477488,EPSG:32632
EMSR264_4_38LQJ_x770825_y8311435_S1RTC,2016-11-23,2016-12-17,2017-01-10,2017-02-03,-15.270590115874377,47.53348578402076,EPSG:32739
EMSR265_14_31UEQ_x540475_y5417955_S1RTC,2016-12-04,2017-01-06,2017-01-21,2017-02-14,48.90165732252088,3.569683902922369,EPSG:32631
EMSR280_4_33VWH_x566115_y6744355_S1RTC,2017-03-11,2017-04-04,2017-04-16,2017-05-10,60.817355424227266,16.23892610316296,EPSG:32633
EMSR482_8_16PEA_x606355_y1594405_S1RTC,2019-09-20,2019-10-31,2019-11-19,2019-12-06,14.408423103277192,-86.00159683032815,EPSG:32616
EMSR637_1_55HEC_x591485_y6296365_S1RTC,2021-09-01,2021-09-13,2021-10-31,2021-12-06,-33.47965996401094,147.99839684204485,EPSG:32755
EMSR774_1_15QTA_x231045_y2042535_S1RTC,2023-09-20,2023-10-14,2023-11-04,2023-11-19,18.444695786200313,-95.53432451352445,EPSG:32615
EMSR186_4_17RNL_x555965_y3020115_S1RTC,NaN,2015-09-21,2015-10-15,NaN,27.291367284790418,-80.42157969115561,EPSG:32617
EMSR482_8_16PEB_x580695_y1606005_S1RTC,2019-09-20,2019-10-31,2019-11-24,2019-12-18,14.514183006448281,-86.23925143017547,EPSG:32616
EMSR763_1_33UVU_x456215_y5834685_S1RTC,2023-08-12,2023-08-29,2023-09-22,2023-10-11,52.64898979963519,14.371646566072636,EPSG:32633
EMSR264_3_38LQJ_x806065_y8359125_S1RTC,2016-11-18,2016-12-12,2017-01-05,2017-01-29,-14.836006888304825,47.855578033273794,EPSG:32739
EMSR348_1_37KBA_x274935_y8030025_S1RTC,2018-01-30,2018-02-18,2018-03-14,2018-04-07,-17.81743887028974,36.88858735168596,EPSG:32737
EMSR706_1_31UDS_x413205_y5644795_S1RTC,2022-09-01,2022-10-12,2022-11-17,2022-11-29,50.93696019686043,1.7828683729617056,EPSG:32631
EMSR517_15_31UGS_x349945_y5593495_S1RTC,2020-06-09,2020-06-12,2020-07-11,2020-07-18,50.463083923933354,6.903719960642818,EPSG:32632
EMSR564_1_38KND_x501235_y7804815_S1RTC,2020-12-08,2021-01-25,2021-02-06,2021-02-06,-19.864254473440838,45.02397449186549,EPSG:32738
EMSR332_8_32TQS_x318705_y5104535_S1RTC,2017-09-22,2017-10-04,2017-10-28,2017-11-02,46.059213776905445,12.672624096153848,EPSG:32633
EMSR192_7_32TLQ_x390935_y4982045_S1RTC,2015-09-23,2015-10-29,2015-11-22,2015-12-04,44.97219059328603,7.633033499844799,EPSG:32632
EMSR265_16_31UEP_x520465_y5359025_S1RTC,2016-12-04,2017-01-09,2017-01-21,2017-02-14,48.37254471008033,3.293558377279291,EPSG:32631
EMSR187_1_35TNL_x548825_y5045895_S1RTC,2015-08-29,2015-09-22,2015-10-08,2015-11-09,45.553314821406815,27.64187152309962,EPSG:32635
EMSR265_9_31UDP_x503615_y5361345_S1RTC,2016-11-19,2016-12-25,2017-01-21,2017-02-19,48.3937723483945,3.0660578102684637,EPSG:32631
EMSR427_7_33VVC_x427895_y6241505_S1RTC,2018-12-24,2019-01-17,2019-03-01,2019-03-18,56.30154308575231,13.85536069822712,EPSG:32633
EMSR429_3_29UMA_x491515_y5993585_S1RTC,2018-12-19,2019-01-26,2019-02-19,2019-03-13,54.078937864921585,-9.110201752637009,EPSG:32629
EMSR187_1_35TNL_x569305_y5058695_S1RTC,2015-08-29,2015-09-22,2015-10-08,2015-11-09,45.666737216271244,27.90608223136948,EPSG:32635
EMSR492_1_30TXP_x638635_y4820865_S1RTC,2019-11-21,2019-12-03,2020-01-02,2020-01-14,43.516145616920674,-1.2689427709128978,EPSG:32630
EMSR322_17_16RFV_x666085_y3421965_S1RTC,NaN,2017-09-20,2017-10-14,2017-10-26,30.907728042167893,-85.24873015420206,EPSG:32616
EMSR326_2_30SUG_x345775_y4100875_S1RTC,2017-08-25,2017-09-24,2017-10-18,2017-10-19,37.03015428770872,-4.71960932718104,EPSG:32629
EMSR481_1_16PDC_x436475_y1736405_S1RTC,2019-09-18,2019-10-19,2019-11-05,2019-12-01,15.69360939115186,-87.58093595259447,EPSG:32616
EMSR184_4_55HDD_x410665_y6318965_S1RTC,2015-07-28,2015-09-02,NaN,2015-11-25,-33.27623689467439,146.0543927442262,EPSG:32755
EMSR348_13_36KXE_x671325_y7906845_S1RTC,2018-01-23,2018-02-23,2018-03-19,2018-04-12,-18.93493992410967,34.639092908980565,EPSG:32736
EMSR342_7_54KVF_x488425_y8011235_S1RTC,2017-12-21,2018-01-02,2018-02-19,2018-03-03,-17.99866007250451,140.90270486308654,EPSG:32754
EMSR243_1_19QGA_x738255_y1995935_S1RTC,NaN,NaN,NaN,2016-10-13,18.02720932186571,-66.73748196715839,EPSG:32619
EMSR279_5_30TXM_x679735_y4613445_S1RTC,2017-02-17,2017-03-12,2017-04-11,2017-04-17,41.640730980228476,-0.8265986650052692,EPSG:32631
EMSR472_1_48QXF_x639545_y1996465_S1RTC,2019-08-25,2019-09-22,2019-10-12,2019-11-17,18.0406563152501,106.33042251255735,EPSG:32648
EMSR200_12_56JMP_x506225_y6828965_S1RTC,2016-02-02,2016-02-26,2016-03-26,2016-04-14,-28.677963536471268,153.07676536787278,EPSG:32756
EMSR337_1_34SEG_x543505_y4169915_S1RTC,2017-11-07,2017-12-18,2018-01-11,2018-02-10,37.66384295168149,21.50772773040656,EPSG:32634
EMSR774_1_15QTA_x228485_y2022055_S1RTC,2023-09-20,2023-10-14,2023-11-04,2023-11-19,18.259451309238678,-95.55582110535508,EPSG:32615
EMSR332_8_32TQS_x293105_y5122455_S1RTC,2017-09-22,2017-10-04,2017-10-28,2017-11-02,46.21310673433568,12.334227426614358,EPSG:32633
EMSR706_1_31UDS_x428565_y5634555_S1RTC,2022-09-01,2022-10-12,2022-11-17,2022-11-29,50.84696289008442,2.003401473468167,EPSG:32631
EMSR728_6_32UPU_x631775_y5321245_S1RTC,2023-04-21,2023-04-29,2023-06-04,2023-06-16,48.01915931119223,10.784310323152901,EPSG:32632
EMSR778_12_16PEB_x601265_y1624715_S1RTC,2023-09-28,2023-11-03,2023-11-15,2023-11-27,14.682630296558877,-86.04763446835236,EPSG:32616
EMSR456_1_16PHA_x216335_y1584885_S1RTC,2019-06-04,2019-07-17,2019-08-10,2019-09-15,14.310032022469489,-83.61768891676083,EPSG:32616
EMSR267_1_34UEG_x534645_y6125475_S1RTC,2016-12-09,2016-12-31,2017-01-26,2017-01-31,55.2629637239166,21.565231968241445,EPSG:32634
EMSR352_1_39STS_x783735_y3615985_S1RTC,2018-02-18,2018-03-14,2018-04-07,2018-05-01,32.63327669526698,48.03787399984162,EPSG:32639
EMSR273_2_34TCM_x364155_y4655755_S1RTC,2017-01-15,2017-02-14,2017-03-16,2017-04-16,42.030851390305585,19.37434175596942,EPSG:32634
EMSR777_5_16QCE_x321735_y1923035_S1RTC,2023-09-29,2023-11-04,2023-11-16,2023-11-28,17.3745599069182,-88.6659149692014,EPSG:32616
EMSR203_2_15SVA_x401005_y4070885_S1RTC,2016-03-02,2016-04-14,2016-05-01,2016-06-06,36.76723112954577,-94.0949251750644,EPSG:32615
EMSR261_3_32UND_x578375_y5823775_S1RTC,2016-10-09,2016-11-02,2016-12-10,2017-01-18,52.54674719812373,10.174608736918891,EPSG:32633
EMSR280_2_33VVH_x489945_y6720885_S1RTC,2017-03-11,2017-04-04,2017-04-16,2017-05-22,60.61225038808104,14.83961660556934,EPSG:32633
EMSR481_1_16PDC_x426235_y1728725_S1RTC,2019-09-18,2019-10-19,2019-11-05,2019-12-01,15.623906936038322,-87.67626597310398,EPSG:32616
EMSR429_3_29UMV_x468325_y5961205_S1RTC,2018-12-17,2019-01-29,2019-02-19,2019-02-22,53.78706860366075,-9.461421338301733,EPSG:32629
EMSR199_13_17MQM_x719045_y9103535_S1RTC,2016-02-07,2016-03-05,2016-03-26,2016-04-19,-8.116680172847461,-79.0005308696208,EPSG:32717
EMSR481_1_16PDC_x408315_y1703125_S1RTC,2019-09-18,2019-10-20,2019-11-05,2019-12-01,15.391908512677862,-87.84249268871514,EPSG:32616
EMSR629_1_42RVR_x436835_y3058295_S1RTC,2021-07-06,2021-07-22,2021-08-23,2021-08-27,27.63583333808978,68.37264457723575,EPSG:32642
EMSR264_16_38KND_x533865_y7826045_S1RTC,2016-11-23,2016-12-17,2017-01-10,2017-02-03,-19.672089457269195,45.33523946839584,EPSG:32738
EMSR199_10_17MNP_x520465_y9391925_S1RTC,2016-01-31,2016-02-24,2016-04-03,2016-04-03,-5.512777721336413,-80.80372671799216,EPSG:32717
EMSR514_1_21NUH_x323895_y798875_S1RTC,2020-04-12,2020-05-18,2020-06-11,2020-06-11,7.213011186919115,-58.58340590844799,EPSG:32621
EMSR422_1_31TDG_x455965_y4656015_S1RTC,2018-11-21,2019-01-03,2019-01-21,2019-02-25,42.04354400566028,2.4833331038629076,EPSG:32631
EMSR321_1_16PDA_x460415_y1503585_S1RTC,2017-08-30,2017-09-18,2017-10-05,2017-11-05,13.589087473458786,-87.35413031907198,EPSG:32616
EMSR788_6_30TWT_x549565_y5293275_S1RTC,2023-12-11,2024-01-09,2024-01-24,2024-02-26,47.77935584123216,-2.3213448069187823,EPSG:32630
EMSR779_3_33PVN_x494165_y1222745_S1RTC,2023-09-30,2023-10-24,2023-11-17,2023-12-11,11.049653758010793,14.958251517402621,EPSG:32633
EMSR564_1_38KND_x524275_y7812495_S1RTC,2020-12-08,2021-01-25,2021-02-06,2021-02-06,-19.794686538325262,45.24393637259241,EPSG:32738
EMSR777_5_16QCE_x337095_y1933275_S1RTC,2023-09-29,2023-11-04,2023-11-16,2023-11-28,17.46824128251122,-88.52214488956263,EPSG:32616
EMSR184_4_55HCD_x407065_y6334735_S1RTC,2015-08-21,2015-09-02,NaN,2015-11-25,-33.13371119564002,146.01733049574284,EPSG:32755
EMSR203_3_15SVA_x491165_y4099745_S1RTC,NaN,2016-04-14,2016-05-08,2016-05-08,37.032400044237896,-93.08500274033892,EPSG:32615
EMSR261_1_32UND_x539125_y5813535_S1RTC,2016-10-11,2016-10-23,2016-12-10,2016-12-10,52.45902052757419,9.59459108833771,EPSG:32632
EMSR238_1_32TPP_x607885_y4829655_S1RTC,2016-07-26,2016-08-26,2016-09-07,2016-10-13,43.600397389398566,10.35248609766271,EPSG:32632
EMSR712_6_32UNC_x553515_y5781115_S1RTC,2022-11-09,2022-11-21,2022-12-27,2023-01-20,52.16632380811463,9.801078675542266,EPSG:32633
EMSR312_6_51QUU_x358605_y1894175_S1RTC,2017-07-11,2017-08-16,2017-09-09,2017-10-03,17.11634652758864,121.68289874965163,EPSG:32651
EMSR197_1_39LUC_x341585_y8298835_S1RTC,2016-01-11,2016-02-28,NaN,2016-03-23,-15.394018089793963,49.53575603498545,EPSG:32739
EMSR397_1_31TCF_x321575_y4589365_S1RTC,2018-09-04,2018-10-10,2018-10-16,2018-11-09,41.424848796032904,0.8800070060575814,EPSG:32630
EMSR482_5_16PFC_x637025_y1766525_S1RTC,2019-09-25,2019-11-02,2019-11-14,2019-12-08,15.962804459558559,-85.70770726942358,EPSG:32616
EMSR445_2_34TFR_x686535_y5041485_S1RTC,2019-05-02,2019-06-07,2019-06-24,2019-07-25,45.49013019856352,23.403503811236376,EPSG:32634
EMSR203_3_15SVB_x478505_y4105595_S1RTC,NaN,2016-04-14,2016-05-08,2016-05-08,37.08494617283968,-93.22750529138595,EPSG:32615
EMSR779_3_33PVP_x494275_y1319385_S1RTC,2023-09-30,2023-11-05,2023-11-17,2023-12-11,11.923637762566218,14.959132936249953,EPSG:32633
EMSR480_2_35SLV_x358035_y3895115_S1RTC,2019-09-28,2019-10-18,2019-11-10,2019-11-22,35.17767631485427,25.45493586101125,EPSG:32635
EMSR471_5_33UXQ_x662505_y5408415_S1RTC,2019-09-06,2019-09-14,2019-10-12,2019-10-15,48.79566564958645,17.230155406825702,EPSG:32634
EMSR264_1_39LUF_x316515_y8537815_S1RTC,2016-11-18,2016-12-12,2017-01-05,2017-01-29,-13.232504966651723,49.31837530582138,EPSG:32739
EMSR482_5_16PFC_x644705_y1758845_S1RTC,2019-09-25,2019-11-02,2019-11-14,2019-12-08,15.892950830665125,-85.63642732146322,EPSG:32616
EMSR342_7_54KVF_x496105_y8008675_S1RTC,2017-12-21,2018-01-02,2018-02-19,2018-03-03,-18.021821808026107,140.975247897664,EPSG:32754
EMSR265_15_31UEQ_x606185_y5405495_S1RTC,2016-12-01,2017-01-06,2017-01-21,2017-02-14,48.781692471595235,4.462824727284998,EPSG:32631
EMSR203_2_15SVB_x414025_y4118745_S1RTC,NaN,2016-04-14,2016-05-08,2016-06-13,37.19985630445092,-93.95443323992677,EPSG:32615
EMSR486_6_32TNL_x556905_y4499545_S1RTC,2019-10-04,2019-11-14,2019-12-03,2019-12-20,40.63322201985422,9.687980732988992,EPSG:32632
EMSR771_1_32TQQ_x723485_y4936015_S1RTC,2023-08-26,2023-10-02,2023-10-14,2023-11-19,44.530953490630786,11.82872647828193,EPSG:32632
EMSR548_1_33SWB_x510365_y4170825_S1RTC,2020-08-19,2020-09-24,2020-10-24,2020-11-11,37.67306404067047,15.131994204728475,EPSG:32633
EMSR469_1_48QWF_x595465_y2028835_S1RTC,2019-08-25,2019-09-03,2019-10-09,2019-11-05,18.335610586858728,105.91554200328174,EPSG:32648
EMSR504_6_56HKH_x288805_y6257365_S1RTC,2020-01-17,2020-03-08,2020-03-20,2020-04-13,-33.81457858561684,150.73199888018414,EPSG:32756
EMSR352_1_39STS_x804215_y3595505_S1RTC,2018-02-18,2018-03-13,2018-04-06,2018-05-01,32.443355514488275,48.249217744030375,EPSG:32639
EMSR184_4_55HCD_x340505_y6327055_S1RTC,2015-08-14,2015-09-02,2015-10-01,2015-11-25,-33.19528558730516,145.30263372761848,EPSG:32755
EMSR199_10_17MNP_x540945_y9397045_S1RTC,2016-01-31,2016-02-24,2016-04-03,2016-04-03,-5.4663710749830825,-80.61886049492075,EPSG:32717
EMSR199_13_17MQM_x708805_y9113775_S1RTC,2016-02-07,2016-03-10,2016-03-26,2016-04-19,-8.024551321698802,-79.09385990145329,EPSG:32717
EMSR472_1_48QXE_x680505_y1919535_S1RTC,2019-08-29,2019-09-10,2019-10-12,2019-10-16,17.34255582904028,106.71069282600176,EPSG:32648
EMSR422_1_31TDG_x455965_y4612495_S1RTC,2018-11-21,2019-01-03,2019-01-27,2019-02-20,41.651579257304796,2.486477353302375,EPSG:32631
EMSR779_3_33PWN_x502795_y1250905_S1RTC,2023-09-30,2023-11-05,2023-11-17,2023-12-11,11.304330518829728,15.037294882121513,EPSG:32633
EMSR200_12_56JNN_x529045_y6789095_S1RTC,2016-02-02,2016-02-26,2016-04-02,2016-04-26,-29.037497293436505,153.3114054885183,EPSG:32756
EMSR203_3_15SWA_x526575_y4094615_S1RTC,NaN,2016-04-14,2016-05-08,2016-05-08,36.985774056331906,-92.68705320745964,EPSG:32615
EMSR645_4_38KMD_x453695_y7817775_S1RTC,2021-11-14,2022-01-01,2022-01-25,2022-02-01,-19.746622380803135,44.57021101405726,EPSG:32738
EMSR333_6_33SUB_x361915_y4146815_S1RTC,2017-09-27,2017-10-21,2017-11-02,2017-11-08,37.446600736689376,13.453351976627566,EPSG:32633
EMSR481_1_16PCC_x401055_y1718525_S1RTC,2019-09-14,2019-10-12,2019-11-05,2019-11-13,15.530853604428918,-87.91074777808075,EPSG:32616
EMSR348_5_36KXD_x676455_y7822145_S1RTC,2018-01-30,2018-02-23,2018-03-19,2018-03-31,-19.699633298819975,34.695668606980746,EPSG:32736
EMSR347_6_36LXH_x653055_y8263395_S1RTC,2018-01-23,2018-02-28,2018-03-12,2018-03-24,-15.714492523637423,34.44029211775207,EPSG:32736
EMSR427_4_33VUE_x697135_y6453405_S1RTC,2018-12-29,2019-01-17,2019-02-22,2019-03-18,58.16576805613004,12.373131023556128,EPSG:32632
EMSR229_5_15RUP_x381225_y3326015_S1RTC,NaN,NaN,NaN,2016-10-04,30.04809019554204,-94.21881896149104,EPSG:32615
EMSR326_3_30SUF_x316515_y4062125_S1RTC,2017-08-31,2017-09-25,2017-10-18,2017-10-19,36.67583717705665,-5.0391055491838666,EPSG:32630
EMSR427_4_33VUE_x720175_y6435485_S1RTC,2018-12-29,2019-01-17,2019-02-22,2019-03-18,57.994214953444775,12.747021566868407,EPSG:32632
EMSR422_1_31TDG_x486685_y4632975_S1RTC,2018-11-17,2019-01-03,2019-01-27,2019-02-20,41.837099597903425,2.854989586581122,EPSG:32631
EMSR186_4_17RNL_x563645_y3014995_S1RTC,NaN,2015-09-21,2015-10-15,NaN,27.244803209297032,-80.3442471003206,EPSG:32617
EMSR482_5_16PFC_x634465_y1758845_S1RTC,2019-09-25,2019-11-02,2019-11-14,2019-12-08,15.893532952596928,-85.73205979094148,EPSG:32616
EMSR424_3_38KPG_x676055_y8169035_S1RTC,2018-12-07,NaN,2019-02-05,2019-03-01,-16.565654321515797,46.661980635994375,EPSG:32738
EMSR264_6_39KUA_x315385_y8059775_S1RTC,2016-11-13,2016-12-07,2016-12-31,2017-01-24,-17.55240371966174,49.272654292419844,EPSG:32739
EMSR482_3_16PDC_x400635_y1718485_S1RTC,2019-09-18,2019-11-07,2019-11-19,2019-12-01,15.530475823484988,-87.91466221869206,EPSG:32616
EMSR427_10_33VVD_x445525_y6293015_S1RTC,2018-12-24,2019-01-17,2019-03-01,2019-03-30,56.76656954751645,14.129677637986887,EPSG:32633
EMSR200_2_55KFT_x679775_y7732825_S1RTC,NaN,NaN,NaN,NaN,-20.506108201331443,148.73620818001763,EPSG:32755
EMSR348_2_36KZE_x221065_y7938385_S1RTC,2018-01-30,2018-02-23,2018-03-19,2018-04-12,-18.63869806267482,36.36826862770322,EPSG:32737
EMSR280_3_33VWH_x554405_y6700355_S1RTC,2017-03-11,2017-04-04,2017-05-10,2017-05-29,60.42417969869133,16.011248634921976,EPSG:32633
EMSR229_4_14RNS_x532685_y3180995_S1RTC,2016-07-10,NaN,NaN,NaN,28.744423156494552,-98.65218774278974,EPSG:32614
EMSR350_2_50KPC_x642095_y7731725_S1RTC,2018-02-08,2018-02-15,2018-03-23,2018-04-04,-20.519283242050577,118.37504697728662,EPSG:32750
EMSR311_3_17SPT_x683465_y3746215_S1RTC,2017-08-07,2017-08-19,2017-09-12,2017-10-06,33.82856484513801,-79.00367647969563,EPSG:32617
EMSR416_1_30TXP_x646295_y4811715_S1RTC,2018-10-09,2018-11-27,2018-12-08,2019-01-13,43.43232387403178,-1.1766926322787714,EPSG:32630
EMSR779_1_33PVM_x477875_y1137655_S1RTC,2023-09-18,2023-10-24,2023-11-17,2023-12-23,10.280029643932034,14.809590019619877,EPSG:32633
EMSR422_1_31TDG_x466205_y4658575_S1RTC,2018-11-21,2019-01-03,2019-01-27,2019-02-20,42.067090579590186,2.606917092030136,EPSG:32631
EMSR492_1_30TXP_x671915_y4851585_S1RTC,2019-11-21,2019-12-03,2020-01-08,2020-01-20,43.785582789563605,-0.8475850833385357,EPSG:32630
EMSR470_1_30PZR_x197195_y1073205_S1RTC,2019-08-09,2019-09-14,2019-10-20,2019-10-20,9.686153330117145,0.2522985227571957,EPSG:32631
EMSR203_3_15SWA_x534255_y4076695_S1RTC,NaN,2016-04-14,2016-05-08,2016-05-08,36.823977945224286,-92.60159653647086,EPSG:32615
EMSR712_5_32UND_x581175_y5835165_S1RTC,2022-11-09,2022-12-06,2022-12-30,2023-01-11,52.648703828039196,10.218728699591942,EPSG:32632
EMSR422_1_31TDG_x481565_y4653455_S1RTC,2018-11-17,2019-01-03,2019-01-27,2019-02-20,42.021462826215355,2.792728101435919,EPSG:32631
EMSR483_2_33SXD_x672955_y4322685_S1RTC,2019-10-07,2019-10-25,2019-11-18,2019-12-06,39.024385848321224,17.012689779714787,EPSG:32633
EMSR199_13_17MQM_x708805_y9121455_S1RTC,2016-02-07,2016-03-10,2016-03-26,2016-04-19,-7.955120115690492,-79.0941820794219,EPSG:32717
EMSR359_2_32TPQ_x649185_y4947445_S1RTC,2018-03-18,2018-04-12,2018-05-06,2018-06-06,44.653128669186664,10.89760101344964,EPSG:32632
EMSR184_4_55HCD_x371225_y6327055_S1RTC,2015-08-14,2015-09-02,2015-10-01,2015-11-25,-33.19934347667793,145.63210299549962,EPSG:32755
EMSR280_4_33VWH_x566115_y6762275_S1RTC,2017-03-11,2017-04-04,2017-04-16,2017-05-10,60.97820415788741,16.24518120977443,EPSG:32633
EMSR429_6_29UMU_x506325_y5874085_S1RTC,2018-12-21,2019-01-26,2019-02-19,2019-02-19,53.004795615613084,-8.886741149076872,EPSG:32629
EMSR261_3_32UPD_x618235_y5801145_S1RTC,2016-09-29,2016-10-30,2016-12-13,2017-01-01,52.33610336447681,10.754081258919573,EPSG:32632
EMSR265_6_31UDQ_x435315_y5406115_S1RTC,2016-12-06,2017-01-06,2017-01-23,2017-02-19,48.793319947481,2.136624854790114,EPSG:32631
EMSR481_1_16PDC_x410875_y1736405_S1RTC,2019-09-18,2019-10-24,2019-11-05,2019-12-01,15.692844167584074,-87.81982791797104,EPSG:32616
EMSR352_1_39STS_x783735_y3598065_S1RTC,2018-02-18,2018-03-14,2018-04-07,2018-05-01,32.47184749129562,48.032435953422755,EPSG:32639
EMSR280_3_33VWH_x528805_y6705475_S1RTC,2017-03-11,2017-04-04,2017-05-10,2017-05-29,60.47286547684806,15.547114496885193,EPSG:32633
EMSR445_2_34TFQ_x690925_y4994525_S1RTC,2019-05-18,2019-06-06,2019-06-23,2019-06-30,45.0666120142414,23.44144415042307,EPSG:32634
EMSR251_3_32VNL_x520515_y6533875_S1RTC,2016-08-29,2016-09-27,2016-10-16,2016-10-21,58.93252201617616,9.378532029119556,EPSG:32632
EMSR507_3_51LYK_x768925_y8981595_S1RTC,2020-02-10,2020-03-05,2020-03-29,2020-04-10,-9.21616504679135,125.45904216195612,EPSG:32751
EMSR267_1_34UEG_x526965_y6128035_S1RTC,2016-12-09,2016-12-31,2017-01-26,2017-01-31,55.28646689455282,21.444642144458886,EPSG:32634
EMSR150_7_30UWE_x594325_y5986215_S1RTC,2014-11-16,NaN,NaN,2015-01-30,54.003898245093815,-1.5413762902609218,EPSG:32631
EMSR258_4_34TCL_x364335_y4505465_S1RTC,2016-10-05,2016-11-16,2016-11-28,2016-12-10,40.677650904436234,19.409803795784175,EPSG:32634
EMSR706_1_31UCR_x407115_y5596345_S1RTC,2022-09-01,2022-10-12,2022-11-17,2022-11-29,50.50042890753523,1.7082497130907501,EPSG:32631
EMSR311_3_17SQT_x734085_y3770175_S1RTC,2017-07-26,2017-08-19,2017-09-12,2017-10-06,34.03438250537689,-78.45066394844947,EPSG:32617
EMSR264_12_38KQA_x765265_y7504075_S1RTC,NaN,2017-01-05,2017-01-05,2017-01-29,-22.560656459986934,47.591916364690185,EPSG:32739
EMSR706_1_31UDR_x451445_y5584485_S1RTC,2022-09-01,2022-10-12,2022-11-17,2022-11-29,50.399032659766675,2.3347577312606975,EPSG:32631
EMSR481_1_16PDC_x423675_y1741525_S1RTC,2019-09-18,2019-10-19,2019-11-05,2019-12-01,15.7395440408417,-87.70054182462883,EPSG:32616
EMSR771_8_32TPQ_x610735_y4977555_S1RTC,2023-08-15,2023-10-02,2023-10-14,2023-11-07,44.93113100083597,10.419470818027683,EPSG:32632
EMSR261_1_32UND_x567285_y5813535_S1RTC,2016-10-09,2016-10-23,2016-12-10,2016-12-10,52.45621154396574,10.008983258786333,EPSG:32632
EMSR274_7_39KTU_x290015_y7864505_S1RTC,2017-02-05,2017-02-17,2017-03-13,2017-04-06,-19.314014305416986,49.0135616786125,EPSG:32739
EMSR399_1_48PWS_x578675_y1112985_S1RTC,2018-08-22,2018-10-09,2018-10-22,2018-11-14,10.056154224362654,105.72960767715571,EPSG:32648
EMSR264_5_38LQH_x715855_y8216875_S1RTC,2016-11-23,2016-12-17,2017-01-10,2017-02-03,-16.130140263974315,47.030369984079876,EPSG:32738
EMSR264_5_38LPH_x655375_y8205585_S1RTC,2016-11-23,2016-12-17,2017-01-10,2017-02-03,-16.236804508493588,46.465737161133916,EPSG:32738
EMSR427_10_33VVD_x450645_y6303255_S1RTC,2018-12-24,2019-01-17,2019-03-01,2019-03-30,56.85911082863953,14.211499252076072,EPSG:32633
EMSR779_1_33PVM_x503475_y1199095_S1RTC,2023-09-18,2023-10-24,2023-11-17,2023-12-23,10.835762026714185,15.043456827764407,EPSG:32633
EMSR264_4_38LQJ_x786185_y8293515_S1RTC,2016-11-18,2016-12-12,2017-01-05,2017-01-29,-15.43076378281708,47.67845633889124,EPSG:32739
EMSR788_2_30UWU_x594065_y5331285_S1RTC,2023-12-04,2024-01-12,2024-01-24,2024-02-21,48.11620866279585,-1.7190159703546253,EPSG:32630
EMSR417_1_29TNE_x520505_y4441365_S1RTC,2018-10-17,2018-11-28,2018-12-17,2019-01-03,40.11083289946725,-8.744430934306726,EPSG:32629
EMSR629_3_42RVS_x433265_y3119575_S1RTC,2021-06-24,2021-07-22,2021-08-23,2021-08-27,28.188827322527704,68.33307409567739,EPSG:32642
EMSR712_9_32UPC_x628355_y5791325_S1RTC,2022-11-04,2022-12-01,2022-12-18,2022-12-30,52.24556729764203,10.898752257662476,EPSG:32633
EMSR429_7_29UNV_x578305_y5933615_S1RTC,2018-12-31,2019-01-29,2019-02-19,2019-02-22,53.5339376985371,-7.799301851040313,EPSG:32629
EMSR260_10_32TPQ_x651535_y4942065_S1RTC,2016-10-13,2016-11-24,2016-12-06,2016-12-29,44.60422636985293,10.92562091901966,EPSG:32632
EMSR326_2_30SUG_x381615_y4116235_S1RTC,2017-08-26,2017-09-24,2017-10-18,2017-10-19,37.173732018267145,-4.319172335593109,EPSG:32629
EMSR479_1_15QVA_x469665_y2010655_S1RTC,2019-09-12,2019-10-06,2019-11-08,2019-11-23,18.17329379767686,-93.27477550581006,EPSG:32615
EMSR427_7_33VVC_x438135_y6231265_S1RTC,2018-12-24,2019-01-17,2019-03-01,2019-03-18,56.21097307337358,14.023159300239104,EPSG:32633
EMSR554_1_56JLP_x307515_y6856895_S1RTC,2020-10-07,2020-11-05,2020-11-24,2020-11-29,-28.411880454491158,151.04801270241782,EPSG:32756
EMSR354_2_37LEG_x606505_y8666985_S1RTC,2018-03-14,2018-03-26,2018-05-01,2018-05-25,-12.068201539553527,39.990291637665266,EPSG:32737
EMSR492_1_30TXP_x643755_y4836225_S1RTC,2019-11-21,2019-12-03,2020-01-02,2020-01-14,43.6534050817895,-1.201512882687703,EPSG:32630
EMSR187_1_35TNL_x566745_y5051015_S1RTC,2015-08-29,2015-09-22,2015-10-08,2015-11-09,45.59787404434981,27.872148919234114,EPSG:32635
EMSR472_4_48PZC_x223935_y1739675_S1RTC,2019-08-20,2019-09-17,2019-10-11,2019-10-19,15.708887391232027,108.43608270627176,EPSG:32648
EMSR712_9_32UPD_x618715_y5797685_S1RTC,2022-11-04,2022-11-21,2022-12-18,2022-12-30,52.30490626873818,10.759888458958093,EPSG:32633
EMSR350_2_50KPC_x665135_y7741965_S1RTC,2018-02-08,2018-02-15,2018-03-23,2018-04-04,-20.424896812229022,118.59500513544425,EPSG:32750
EMSR312_5_51QUV_x368925_y1928795_S1RTC,2017-08-04,2017-08-16,2017-09-09,2017-10-03,17.429823650817166,121.77782696243611,EPSG:32651
EMSR184_4_55HCC_x306255_y6294485_S1RTC,NaN,2015-09-07,2015-10-01,2015-10-25,-33.483319975709605,144.92845142257826,EPSG:32755
EMSR706_1_31UDS_x433685_y5634555_S1RTC,2022-09-01,2022-10-12,2022-11-17,2022-11-29,50.84756124830657,2.0761188042813137,EPSG:32631
EMSR427_4_33VUE_x689455_y6450845_S1RTC,2018-12-29,2019-01-17,2019-02-22,2019-03-18,58.14619307937332,12.240719913791265,EPSG:32632
EMSR203_4_15SVA_x413575_y4006695_S1RTC,2016-03-02,2016-04-14,2016-05-08,2016-05-08,36.18983677155213,-93.9470331849382,EPSG:32615
EMSR779_1_33PVM_x500915_y1119735_S1RTC,2023-09-18,2023-10-24,2023-11-17,2023-12-23,10.118008137040883,15.019989825051674,EPSG:32633
EMSR472_4_48PZC_x185535_y1744795_S1RTC,2019-08-20,2019-09-17,2019-10-11,2019-10-19,15.750617493919055,108.07744724330655,EPSG:32648
EMSR279_1_30TWN_x547095_y4762255_S1RTC,2017-02-21,2017-03-29,2017-04-10,2017-04-22,42.99994925372366,-2.4065651261681733,EPSG:32630
EMSR200_12_56JNP_x539385_y6811045_S1RTC,2016-02-02,2016-02-26,2016-04-02,2016-04-26,-28.83909254417818,153.4168082296111,EPSG:32756
EMSR167_4_31UFS_x643315_y5636865_S1RTC,2015-04-26,2015-05-03,2015-06-01,2015-07-02,50.8539108017225,5.054224089248654,EPSG:32631
EMSR264_16_38KMD_x506675_y7820965_S1RTC,2016-11-23,2016-12-17,2017-01-10,2017-02-03,-19.718294100921636,45.0758659615727,EPSG:32738
EMSR712_6_32UNC_x563755_y5750395_S1RTC,2022-11-09,2022-11-21,2022-12-27,2023-01-20,51.88904910888011,9.944937104316777,EPSG:32633
EMSR265_14_31UEQ_x502075_y5448675_S1RTC,2016-12-04,2017-01-06,2017-01-21,2017-02-14,49.179398594193856,3.0459663049528984,EPSG:32631
EMSR348_3_36KXD_x687075_y7808905_S1RTC,2018-01-30,2018-02-23,2018-03-19,2018-04-24,-19.81823723862659,34.79829491991095,EPSG:32736
EMSR479_1_15QVA_x415905_y2002975_S1RTC,2019-09-12,2019-10-06,2019-11-08,2019-11-23,18.10248556709898,-93.78276833834023,EPSG:32615
EMSR280_5_33VVH_x454755_y6762595_S1RTC,2017-03-11,2017-04-04,2017-04-21,2017-05-22,60.98437825502785,14.18741759143071,EPSG:32633
EMSR634_1_32TQP_x313345_y4812145_S1RTC,2021-07-15,2021-09-06,2021-09-18,2021-09-30,43.427792999133175,12.709713077597948,EPSG:32633
EMSR251_3_32VML_x498725_y6551745_S1RTC,2016-09-10,2016-10-04,2016-10-16,2016-10-21,59.093559528792525,9.0,EPSG:32632
EMSR342_7_54KVF_x478185_y8006115_S1RTC,2017-12-21,2018-01-02,2018-02-19,2018-03-03,-18.044864831802656,140.80592611726135,EPSG:32754
EMSR442_6_34WFC_x419895_y7768535_S1RTC,2019-05-04,2019-05-18,2019-06-06,2019-06-11,70.00046123647938,24.93444567831856,EPSG:32635
EMSR407_2_30UXE_x656725_y5908005_S1RTC,2018-09-13,2018-10-14,2018-11-07,2018-12-01,53.286207762262414,-0.6297746272560449,EPSG:32631
EMSR280_5_33VVH_x441955_y6772835_S1RTC,2017-03-11,2017-04-04,2017-04-21,2017-05-22,61.07466360748192,13.947870312330188,EPSG:32633
EMSR445_1_35UMP_x452575_y5342105_S1RTC,2019-05-08,2019-06-09,2019-06-21,2019-06-25,48.219015979939805,26.378694349827988,EPSG:32635
EMSR402_1_49PBR_x302035_y1523865_S1RTC,2018-09-06,2018-10-16,2018-10-28,2018-11-09,13.76599495675986,109.18073977928553,EPSG:32649
EMSR203_3_15SVA_x452765_y4099745_S1RTC,NaN,2016-04-14,2016-05-08,2016-05-08,37.031305286345365,-93.51675338385023,EPSG:32615
EMSR264_4_38LQJ_x737545_y8303755_S1RTC,2016-11-23,2016-12-17,2017-01-10,2017-02-03,-15.343261589864818,47.22453225137915,EPSG:32739
EMSR347_2_36LYJ_x741835_y8394635_S1RTC,2018-01-11,2018-02-16,2018-03-12,2018-04-05,-14.521831018024507,35.25588213106912,EPSG:32736
EMSR397_1_31TCG_x364155_y4611705_S1RTC,2018-09-04,2018-09-28,2018-10-22,2018-11-21,41.63425510289968,1.3843486009721662,EPSG:32630
EMSR777_1_16QCE_x311415_y1914095_S1RTC,2023-09-29,2023-11-04,2023-11-16,2023-11-28,17.292954046986452,-88.76224808298814,EPSG:32616
EMSR261_1_32UND_x534005_y5846815_S1RTC,2016-10-11,2016-10-23,2016-12-10,2016-12-10,52.75855097578489,9.52279132717168,EPSG:32632
EMSR184_4_55HCD_x378905_y6334735_S1RTC,2015-08-14,2015-09-02,2015-10-01,2015-11-25,-33.13096454380259,145.71549058699668,EPSG:32755
EMSR229_4_14RPT_x610865_y3296245_S1RTC,2016-07-10,2016-07-22,2016-08-27,2016-09-08,29.77998291838742,-97.83988820999676,EPSG:32614
EMSR280_2_33VVG_x479655_y6691555_S1RTC,2017-03-11,2017-04-04,2017-04-16,2017-05-22,60.34855527180828,14.654464746138517,EPSG:32633
EMSR229_5_15RUP_x399145_y3305535_S1RTC,NaN,NaN,NaN,2016-10-04,29.864886245875173,-94.03105467187724,EPSG:32615
EMSR229_4_14RNS_x583885_y3198915_S1RTC,2016-07-10,NaN,NaN,NaN,28.90378794110254,-98.12649258857047,EPSG:32614
EMSR468_5_32TMR_x459835_y5008495_S1RTC,2019-08-05,2019-09-22,2019-10-04,2019-10-04,45.21739495206989,8.5046912256233,EPSG:32632
EMSR265_10_31UEP_x511985_y5346025_S1RTC,2016-12-04,2017-01-09,2017-01-21,2017-02-14,48.25582346599639,3.1786437293771934,EPSG:32631
EMSR481_1_16PCB_x403585_y1689405_S1RTC,2019-09-20,2019-10-20,2019-11-05,2019-12-07,15.267710148766916,-87.88604317653221,EPSG:32616
EMSR417_1_29TNE_x535865_y4449045_S1RTC,2018-10-17,2018-11-28,2018-12-17,2019-01-03,40.17948652122901,-8.56375643884447,EPSG:32629
EMSR668_2_32VNM_x533825_y6669275_S1RTC,2022-04-12,2022-04-17,2022-05-18,2022-05-30,60.14744574333713,9.632105239382058,EPSG:32632
EMSR186_4_17RNL_x540605_y3012435_S1RTC,NaN,2015-09-21,2015-10-15,NaN,27.222587888002938,-80.57705352245328,EPSG:32617
EMSR778_12_16PEB_x596145_y1619595_S1RTC,2023-09-28,2023-11-03,2023-11-15,2023-11-27,14.636533801444234,-86.09537340079353,EPSG:32616
EMSR261_3_32UPD_x633595_y5831865_S1RTC,2016-09-29,2016-10-30,2016-12-13,2017-01-01,52.608556613827865,10.991813048087796,EPSG:32632
EMSR261_3_32UND_x596295_y5821215_S1RTC,2016-10-06,2016-10-30,2016-12-10,2017-01-18,52.520823266250765,10.438043068529993,EPSG:32633
EMSR229_5_15RVP_x424195_y3304095_S1RTC,NaN,NaN,NaN,NaN,29.85366270736845,-93.77160908797198,EPSG:32615
EMSR456_8_16PGA_x779145_y1541725_S1RTC,2019-06-04,2019-07-17,2019-08-10,2019-09-15,13.920386799838388,-84.40497807995905,EPSG:32616
EMSR471_1_34UDV_x480665_y5428525_S1RTC,2019-09-04,2019-09-08,2019-10-10,2019-11-03,48.997884695172324,20.753095165341346,EPSG:32634
EMSR348_1_37KBA_x269815_y8030025_S1RTC,2018-01-30,2018-02-18,2018-03-14,2018-04-07,-17.816911198174488,36.84030607027757,EPSG:32737
EMSR429_3_29UNV_x502675_y5971435_S1RTC,2018-12-31,2019-01-26,2019-02-19,2019-02-19,53.87989024157046,-8.939913066872847,EPSG:32629
EMSR200_12_56JNN_x511125_y6791655_S1RTC,2016-01-26,2016-02-26,2016-04-02,2016-04-26,-29.014691561868247,153.12732810271777,EPSG:32756
EMSR410_1_38PKT_x293675_y1281965_S1RTC,2018-09-27,2018-10-21,2018-11-26,2018-12-08,11.579121624876741,43.11955211099471,EPSG:32638
EMSR472_1_48QXE_x636985_y1991215_S1RTC,2019-08-29,2019-09-10,2019-10-12,2019-10-16,17.993380804682552,106.3058914464315,EPSG:32648
EMSR417_1_29TNE_x540985_y4459285_S1RTC,2018-10-17,2018-11-28,2018-12-17,2019-01-03,40.271497610922694,-8.50294547977121,EPSG:32629
EMSR342_7_54KVE_x473075_y7989545_S1RTC,2017-12-09,2018-01-02,2018-02-19,2018-03-03,-18.194577401186077,140.75743801103386,EPSG:32754
EMSR350_2_50KPC_x639535_y7741965_S1RTC,2018-02-08,2018-02-15,2018-03-23,2018-04-04,-20.426971200885838,118.34969027506092,EPSG:32750
EMSR442_7_35WNU_x544725_y7805605_S1RTC,2019-04-22,2019-05-04,2019-06-08,2019-06-09,70.34069086313781,28.2251880039673,EPSG:32635
EMSR328_2_13QDF_x446305_y2501145_S1RTC,2017-09-01,2017-10-07,2017-10-19,2017-10-29,22.60487222686346,-105.51002960539756,EPSG:32613
EMSR429_5_29UPV_x625635_y5994115_S1RTC,2019-01-02,2019-01-31,2019-02-19,2019-02-24,54.06811818594752,-7.060624797168321,EPSG:32629
EMSR777_5_16QCE_x337095_y1976795_S1RTC,2023-09-29,2023-11-04,2023-11-16,2023-11-28,17.861476468571208,-88.52545601899537,EPSG:32616
EMSR779_3_33PVP_x476355_y1298905_S1RTC,2023-09-30,2023-11-05,2023-11-17,2023-12-11,11.738356214233487,14.794701261135959,EPSG:32633
EMSR779_1_33PVM_x490675_y1158135_S1RTC,2023-09-18,2023-10-24,2023-11-17,2023-12-23,10.465305743599954,14.926441042963011,EPSG:32633
EMSR229_4_14RNS_x589005_y3173315_S1RTC,2016-07-10,NaN,NaN,NaN,28.672395335134812,-98.07602015783334,EPSG:32614
EMSR788_1_30UWU_x595845_y5331655_S1RTC,2023-11-25,2024-01-12,2024-01-24,2024-02-21,48.11926765917214,-1.6950220512082987,EPSG:32630
EMSR348_5_36KXD_x663655_y7822145_S1RTC,2018-01-30,2018-02-23,2018-03-19,2018-03-31,-19.70074561540746,34.573583336762475,EPSG:32736
EMSR640_2_30VWJ_x552985_y6335235_S1RTC,2021-10-08,2021-10-30,2021-11-13,2021-11-18,57.145686916237935,-2.103278085896954,EPSG:32630
EMSR332_1_32TPR_x678185_y5026705_S1RTC,2017-09-14,2017-09-26,2017-10-25,2017-11-13,45.35939637104293,11.291345763091194,EPSG:32633
EMSR176_2_15RYQ_x747195_y3403275_S1RTC,NaN,NaN,2015-08-25,NaN,30.724985880131324,-90.40514025167437,EPSG:32615
EMSR229_3_14RNR_x588945_y3066185_S1RTC,NaN,NaN,NaN,NaN,27.70545686272256,-98.08490604499102,EPSG:32614
EMSR203_3_15SWA_x516335_y4079255_S1RTC,NaN,2016-04-14,2016-05-08,2016-05-08,36.847558857991224,-92.80247534213265,EPSG:32615
EMSR779_1_33PWM_x559125_y1112055_S1RTC,2023-09-18,2023-10-24,2023-11-17,2023-12-23,10.048088286243855,15.551190674219379,EPSG:32633
EMSR794_1_30TUK_x365215_y4433535_S1RTC,2024-01-04,2024-02-02,2024-03-09,2024-03-22,40.03000297287602,-4.564738097840877,EPSG:32630
EMSR472_4_48PZC_x213695_y1762715_S1RTC,2019-08-20,2019-09-17,2019-10-11,2019-10-19,15.91581417020856,108.33789012237635,EPSG:32648
EMSR326_2_30SUG_x350895_y4105995_S1RTC,2017-08-25,2017-09-24,2017-10-18,2017-10-19,37.07710841424126,-4.663074565344124,EPSG:32629
EMSR311_3_17SPT_x678345_y3738535_S1RTC,2017-07-31,2017-08-19,2017-09-12,2017-10-06,33.7602202216648,-79.06053805216594,EPSG:32617
EMSR342_7_54KVE_x478195_y7981865_S1RTC,2017-12-09,2018-01-02,2018-02-19,2018-03-03,-18.264047171137832,140.80577859921488,EPSG:32754
EMSR311_3_17SPT_x686025_y3766695_S1RTC,2017-08-07,2017-08-19,2017-09-12,2017-10-06,34.01270800508236,-78.97165635041858,EPSG:32617
EMSR422_1_31TDG_x473885_y4617615_S1RTC,2018-11-21,2019-01-03,2019-01-27,2019-02-20,41.698455372074875,2.70146925312702,EPSG:32631
EMSR427_4_33VUE_x692015_y6438045_S1RTC,2018-12-29,2019-01-17,2019-02-22,2019-03-18,58.0303012040981,12.273596317461214,EPSG:32632
EMSR186_4_17RNL_x540605_y3017555_S1RTC,NaN,2015-09-21,2015-10-15,NaN,27.268811413889782,-80.57687871016617,EPSG:32617
EMSR706_2_31UDS_x411325_y5615475_S1RTC,2022-09-01,2022-10-12,2022-11-05,2022-11-29,50.67307118357755,1.7630994121566772,EPSG:32631
EMSR312_1_50QRF_x245935_y2013985_S1RTC,2017-07-23,2017-08-09,2017-09-14,2017-10-08,18.188707717440167,120.61010025220793,EPSG:32651
EMSR337_1_34SEG_x543505_y4157115_S1RTC,2017-11-07,2017-12-18,2018-01-11,2018-02-10,37.548474632213285,21.506944149590304,EPSG:32634
EMSR277_2_35TMF_x474045_y4563235_S1RTC,2017-01-25,2017-03-02,2017-03-26,2017-04-19,41.20863755040626,26.705615098155477,EPSG:32635
EMSR229_5_15RVP_x413955_y3304095_S1RTC,NaN,NaN,NaN,NaN,29.853000660238063,-93.87761405736387,EPSG:32615
EMSR712_8_32UND_x584395_y5813715_S1RTC,2022-11-09,2022-11-19,2022-12-18,2022-12-30,52.45541384078763,10.260774169333818,EPSG:32632
EMSR184_8_55HED_x586325_y6307305_S1RTC,NaN,2015-09-09,2015-09-21,2015-10-15,-33.38143217794535,147.94179903700982,EPSG:32755
EMSR264_5_38KPG_x652715_y8194785_S1RTC,2016-11-23,2016-12-17,2017-01-10,2017-02-03,-16.334577813237157,46.441566886579814,EPSG:32738
EMSR352_1_39STS_x806775_y3600625_S1RTC,2018-02-18,2018-03-13,2018-04-06,2018-05-01,32.488762854694485,48.278079890714544,EPSG:32639
EMSR779_1_33PVM_x477875_y1178615_S1RTC,2023-09-18,2023-10-24,2023-11-17,2023-12-23,10.650482774201212,14.809363953784715,EPSG:32633
EMSR326_3_30SUF_x308835_y4077485_S1RTC,2017-08-31,2017-09-25,2017-10-18,2017-10-19,36.81270679197467,-5.12881967352551,EPSG:32630
EMSR712_6_32UNC_x550955_y5775995_S1RTC,2022-11-09,2022-11-21,2022-12-27,2023-01-20,52.12054352819663,9.762865951868404,EPSG:32633
EMSR261_3_32UNC_x588895_y5771365_S1RTC,2016-10-14,2016-10-23,2016-12-13,2017-01-18,52.07404093950375,10.315663523705922,EPSG:32633
EMSR514_1_21NUH_x334135_y796315_S1RTC,2020-04-12,2020-05-18,2020-06-11,2020-06-11,7.190173581800115,-58.49061038852228,EPSG:32621
EMSR332_1_32TPR_x675625_y5034385_S1RTC,2017-09-14,2017-09-26,2017-10-25,2017-11-13,45.42912337671486,11.261440213344772,EPSG:32633
EMSR470_1_31PBM_x229055_y1160435_S1RTC,2019-08-21,2019-09-14,2019-10-20,2019-10-20,10.476577408123713,0.5364449421030987,EPSG:32631
EMSR487_1_32TPQ_x656135_y4940095_S1RTC,2019-10-15,2019-11-15,2019-12-09,2020-01-07,44.58551013092086,10.982950204769514,EPSG:32632
EMSR779_1_33PVM_x506035_y1183735_S1RTC,2023-09-18,2023-10-24,2023-11-17,2023-12-23,10.696839885194949,15.066847134857596,EPSG:32633
EMSR264_17_38KMD_x452325_y7797855_S1RTC,NaN,2016-12-17,2017-01-10,2017-02-03,-19.926599252331258,44.55663608804369,EPSG:32738
EMSR264_5_38LPH_x696335_y8215825_S1RTC,2016-11-23,2016-12-17,2017-01-10,2017-02-03,-16.14128663791581,46.847999539902126,EPSG:32738
EMSR328_2_13QDE_x433455_y2491055_S1RTC,2017-09-01,2017-09-23,2017-10-19,2017-11-12,22.513279464941913,-105.63463346273022,EPSG:32613
EMSR264_8_39KTU_x260135_y7863935_S1RTC,2016-11-13,2016-12-07,2016-12-31,2017-01-24,-19.315844545683834,48.729257404998584,EPSG:32739
EMSR279_3_30TWM_x583765_y4684255_S1RTC,2017-02-09,2017-03-24,2017-04-10,2017-04-17,42.294407486051725,-1.9684019475144994,EPSG:32630
EMSR314_2_32NKP_x271935_y873895_S1RTC,2017-07-23,2017-08-28,2017-09-21,2017-10-15,7.8893108178080515,6.942978719007876,EPSG:32632
EMSR706_1_31UDR_x436085_y5579365_S1RTC,2022-09-01,2022-10-12,2022-11-17,2022-11-29,50.35155507930048,2.1195148960138885,EPSG:32631
EMSR471_1_34UDV_x447385_y5431085_S1RTC,2019-09-04,2019-09-08,2019-10-10,2019-11-03,49.01904111926701,20.297812600649635,EPSG:32634
EMSR482_8_16PFB_x625615_y1621435_S1RTC,2019-09-25,2019-10-31,2019-11-24,2019-12-06,14.651942946187328,-85.82166732116947,EPSG:32616
EMSR472_4_48PZC_x236735_y1701275_S1RTC,2019-08-20,2019-09-17,2019-10-11,2019-10-19,15.363407098100376,108.55952028476959,EPSG:32648
EMSR397_7_31TCF_x333985_y4590115_S1RTC,2018-09-04,2018-10-10,2018-10-16,2018-11-09,41.43424077370377,1.0282282616197196,EPSG:32631
EMSR350_4_53KMU_x403725_y7820725_S1RTC,2018-02-10,2018-02-22,2018-03-18,2018-04-11,-19.71818738435277,134.0934554260934,EPSG:32753
EMSR229_3_14RNR_x540305_y3050825_S1RTC,NaN,NaN,NaN,NaN,27.569175818916523,-98.57877163592367,EPSG:32614
EMSR342_7_54KVE_x498675_y7971625_S1RTC,2017-12-09,2018-01-02,2018-02-19,2018-03-03,-18.356698422214848,140.99952672909518,EPSG:32754
EMSR352_1_39RTQ_x843765_y3415395_S1RTC,2018-02-17,2018-02-22,2018-04-06,2018-04-06,30.810077827983225,48.605999690878534,EPSG:32639
EMSR203_4_15SVA_x423815_y4014375_S1RTC,NaN,2016-04-14,2016-05-08,2016-05-08,36.25991608457688,-93.83389076517811,EPSG:32615
EMSR265_22_31UDQ_x408395_y5428805_S1RTC,2016-12-06,2017-01-06,2017-01-26,2017-02-19,48.994059222645504,1.7651475997832087,EPSG:32631
EMSR437_3_30TXP_x686525_y4848365_S1RTC,2019-04-07,2019-04-07,2019-05-13,2019-05-13,43.75305177481202,-0.6672807670411929,EPSG:32630
EMSR326_3_30SUF_x311395_y4077485_S1RTC,2017-08-31,2017-09-25,2017-10-18,2017-10-19,36.81321700328472,-5.100137636812366,EPSG:32630
EMSR482_8_16PEA_x603795_y1594405_S1RTC,2019-09-20,2019-10-31,2019-11-19,2019-12-06,14.408522269702296,-86.0253415635908,EPSG:32616
EMSR472_4_48PZC_x216255_y1749915_S1RTC,2019-08-20,2019-09-17,2019-10-11,2019-10-19,15.800512119972277,108.36328483805912,EPSG:32648
EMSR265_14_31UEQ_x548155_y5410275_S1RTC,2016-12-04,2017-01-06,2017-01-21,2017-02-14,48.83200891493284,3.6735436238372214,EPSG:32631
EMSR265_6_31UDP_x478695_y5396605_S1RTC,2016-11-19,2017-01-14,2017-01-26,2017-02-19,48.71067980943748,2.727724502844582,EPSG:32631
EMSR771_8_32TPQ_x620975_y4974995_S1RTC,2023-08-15,2023-10-02,2023-10-14,2023-11-07,44.90640778275408,10.548574921166965,EPSG:32632
EMSR793_1_37LED_x607065_y8343545_S1RTC,2024-01-13,2024-02-18,2024-03-13,2024-03-25,-14.992383088208582,40.007662977616015,EPSG:32737
EMSR742_1_34VFJ_x668835_y6305945_S1RTC,2023-06-19,2023-07-06,2023-07-30,2023-09-04,56.85460391476583,23.789836425211945,EPSG:32635
EMSR483_3_33SXD_x680345_y4342285_S1RTC,2019-10-07,2019-10-25,2019-11-18,2019-12-06,39.199382274915685,17.10324816764394,EPSG:32633
EMSR264_16_38KND_x528745_y7841405_S1RTC,2016-11-23,2016-12-17,2017-01-10,2017-02-03,-19.533365996761063,45.286149069300045,EPSG:32738
EMSR332_1_32TPR_x688425_y5016465_S1RTC,2017-09-14,2017-09-26,2017-10-25,2017-11-13,45.26460725097393,11.418054439723699,EPSG:32633
EMSR311_3_17SPT_x680905_y3743655_S1RTC,2017-08-07,2017-08-19,2017-09-12,2017-10-06,33.80593406682116,-79.03185457297877,EPSG:32617
EMSR706_1_31UDS_x466965_y5603835_S1RTC,2022-09-01,2022-10-12,2022-11-17,2022-11-29,50.57409134301398,2.5514752233958102,EPSG:32631
EMSR483_3_33SXD_x672665_y4357645_S1RTC,2019-10-07,2019-10-25,2019-11-18,2019-12-06,39.3392757423348,17.01832818555281,EPSG:32633
EMSR637_12_55HBA_x303975_y5998785_S1RTC,2021-08-25,2021-09-30,2021-10-24,2021-11-17,-36.147596873235365,144.8352920505288,EPSG:32755
EMSR279_11_31TBF_x282905_y4523425_S1RTC,2017-02-17,2017-03-25,2017-04-12,2017-05-06,40.82200310374044,0.44081406949247265,EPSG:32631
EMSR472_1_48QXE_x675385_y1909295_S1RTC,2019-08-29,2019-09-10,2019-10-12,2019-10-16,17.250438771174675,106.66169366638513,EPSG:32648
EMSR470_1_31PBM_x206015_y1111795_S1RTC,2019-08-21,2019-09-14,2019-10-20,2019-10-20,10.035439425096838,0.329803364705505,EPSG:32631
EMSR405_1_49PBS_x256665_y1671965_S1RTC,2018-09-06,2018-10-04,2018-11-09,2018-11-29,15.100575959615485,108.7478838923388,EPSG:32649
EMSR668_3_32VNM_x570355_y6672305_S1RTC,2022-04-12,2022-04-17,2022-05-18,2022-05-23,60.16987431564692,10.290883910845835,EPSG:32632
EMSR284_4_34WFU_x369925_y7319895_S1RTC,2017-03-15,2017-04-27,2017-05-09,2017-05-19,65.96231531171189,24.16556427127114,EPSG:32634
EMSR167_4_31UFS_x668915_y5636865_S1RTC,2015-04-26,2015-05-03,2015-06-01,2015-07-02,50.846945524640155,5.417609428939166,EPSG:32631
EMSR483_2_33SXD_x683195_y4322685_S1RTC,2019-10-07,2019-10-25,2019-11-18,2019-12-06,39.022285411430765,17.13090718873329,EPSG:32633
EMSR629_2_42RVR_x474755_y3093395_S1RTC,2021-07-06,2021-08-03,2021-08-23,2021-09-20,27.953904069870543,68.75631452119134,EPSG:32642
EMSR777_1_16QCE_x329335_y1949935_S1RTC,2023-09-29,2023-11-04,2023-11-16,2023-11-28,17.6182005855855,-88.59652191163573,EPSG:32616
EMSR481_1_16PDC_x426235_y1721045_S1RTC,2019-09-18,2019-10-19,2019-11-05,2019-12-01,15.554478813263538,-87.67603878912232,EPSG:32616
EMSR279_3_30TWN_x586245_y4703045_S1RTC,2017-02-09,2017-03-24,2017-04-11,2017-04-29,42.46332782464434,-1.935468327700524,EPSG:32630
EMSR261_1_32UND_x580085_y5836575_S1RTC,2016-10-09,2016-10-23,2016-12-10,2016-12-10,52.66154145356535,10.202968685351358,EPSG:32632
EMSR192_7_32TLQ_x390935_y4984605_S1RTC,2015-09-23,2015-10-29,2015-11-22,2015-12-04,44.99522902063279,7.6324857917652125,EPSG:32632
EMSR184_1_55HED_x591845_y6318865_S1RTC,NaN,2015-09-09,2015-10-03,2015-10-15,-33.276713609553774,147.99994590849454,EPSG:32755
EMSR422_1_31TDG_x448285_y4643215_S1RTC,2018-11-21,2019-01-03,2019-01-27,2019-02-20,41.92780966534341,2.391639244128754,EPSG:32631
EMSR264_1_39LTF_x275265_y8540185_S1RTC,2016-11-18,2016-12-12,2017-01-05,2017-01-29,-13.208299327462708,48.93801503567006,EPSG:32739
EMSR742_1_34VFJ_x640675_y6293145_S1RTC,2023-06-19,2023-07-06,2023-07-30,2023-09-04,56.74916480008486,23.32136647045618,EPSG:32635
EMSR348_1_37KBA_x264695_y8030025_S1RTC,2018-01-30,2018-02-18,2018-03-14,2018-04-07,-17.816371617710242,36.79202647526171,EPSG:32737
EMSR407_2_30UXE_x679765_y5900325_S1RTC,2018-09-13,2018-10-14,2018-11-07,2018-12-01,53.20988371668737,-0.2889049420692436,EPSG:32631
EMSR481_1_16PDC_x439035_y1744085_S1RTC,2019-09-18,2019-10-19,2019-11-05,2019-12-01,15.763100363265512,-87.55723503799983,EPSG:32616
EMSR332_1_32TPR_x678185_y5013905_S1RTC,2017-09-14,2017-09-26,2017-10-25,2017-11-13,45.244269908284046,11.286710586699693,EPSG:32633
EMSR203_4_15SVV_x413375_y3968665_S1RTC,2016-03-02,2016-04-14,2016-05-01,2016-05-08,35.84699084085328,-93.94515446880374,EPSG:32615
EMSR475_1_48QWF_x568925_y2063995_S1RTC,2019-08-25,2019-09-30,2019-10-24,2019-11-05,18.65441162251133,105.66561000794663,EPSG:32648
EMSR328_2_13QDF_x423265_y2503705_S1RTC,2017-09-01,2017-10-07,2017-10-19,2017-10-29,22.627128418617726,-105.7343121060267,EPSG:32613
EMSR502_5_29UNT_x531105_y5755935_S1RTC,2019-12-28,2020-02-02,2020-02-26,2020-03-21,51.941711159518405,-8.528946155388143,EPSG:32629
EMSR567_13_56HLJ_x315885_y6304265_S1RTC,2020-12-21,2021-02-07,2021-02-28,2021-03-27,-33.39684801384963,151.03403431456877,EPSG:32756
EMSR637_1_55HED_x599175_y6308165_S1RTC,2021-09-01,2021-09-13,2021-10-31,2021-12-06,-33.37255145467562,148.0798352054737,EPSG:32755
EMSR444_2_35UMP_x415555_y5349465_S1RTC,2019-05-08,2019-06-06,2019-06-21,2019-06-25,48.28144669854196,25.87893419065184,EPSG:32635
EMSR352_1_39STS_x806775_y3595505_S1RTC,2018-02-18,2018-03-13,2018-04-06,2018-05-01,32.44265036988386,48.27640795898463,EPSG:32639
EMSR437_4_30TXP_x695865_y4851155_S1RTC,2019-04-07,2019-04-07,2019-05-13,2019-05-13,43.77572376516745,-0.5503434223970083,EPSG:32630
EMSR475_2_48QWF_x595465_y2026275_S1RTC,2019-08-25,2019-09-27,2019-10-24,2019-11-14,18.312475417690496,105.91542030717216,EPSG:32648
EMSR347_6_36LXH_x688895_y8268515_S1RTC,2018-01-23,2018-02-28,2018-03-12,2018-03-24,-15.665764991676538,34.774265986529436,EPSG:32736
EMSR754_6_48QXH_x635395_y2269015_S1RTC,2023-08-01,2023-08-13,2023-09-18,2023-09-30,20.50342944915155,106.31066177722205,EPSG:32648
EMSR200_6_55KET_x581635_y7791185_S1RTC,NaN,NaN,NaN,NaN,-19.985656089599008,147.7925077500565,EPSG:32755
EMSR779_1_33PVM_x500915_y1114615_S1RTC,2023-09-18,2023-10-24,2023-11-17,2023-12-23,10.071700183546735,15.019986967544902,EPSG:32633
EMSR229_4_14RNS_x535245_y3180995_S1RTC,2016-07-10,NaN,NaN,NaN,28.744353156978672,-98.6259691237617,EPSG:32614
EMSR265_26_31UCQ_x378325_y5427825_S1RTC,2016-12-06,2017-01-07,2017-01-30,2017-02-23,48.98011641183645,1.3545225856386685,EPSG:32631
EMSR777_5_16QCE_x334535_y1989595_S1RTC,2023-09-29,2023-11-04,2023-11-16,2023-11-28,17.976939016955296,-88.55061663403619,EPSG:32616
EMSR788_5_30TWT_x583915_y5289795_S1RTC,2023-12-11,2024-01-12,2024-01-24,2024-02-21,47.74442395046267,-1.8635685760315546,EPSG:32630
EMSR229_3_14RPS_x621595_y3111415_S1RTC,2016-07-10,NaN,NaN,NaN,28.111085286930944,-97.74910766408863,EPSG:32614
EMSR274_6_39KTV_x290145_y7901405_S1RTC,2017-02-05,2017-02-17,2017-03-18,2017-04-06,-18.980743318915675,49.0187815486857,EPSG:32739
EMSR332_8_32TQR_x289955_y5085455_S1RTC,2017-09-22,2017-10-04,2017-10-28,2017-11-09,45.879507343738545,12.309643456665642,EPSG:32632
EMSR771_5_32TPQ_x666015_y4935115_S1RTC,2023-08-27,2023-09-24,2023-10-14,2023-11-19,44.538479269839556,11.105713362209512,EPSG:32632
EMSR251_2_32VMK_x478465_y6497175_S1RTC,2016-09-03,2016-10-04,2016-10-16,2016-10-28,58.603001579307566,8.65136337918193,EPSG:32632
EMSR680_7_33TVM_x484995_y5131985_S1RTC,2022-06-16,2022-07-05,2022-08-03,2022-09-03,46.32982650182054,14.821620976530564,EPSG:32633
EMSR774_1_15QTV_x231785_y1966255_S1RTC,2023-08-24,2023-10-02,2023-10-26,2023-11-07,17.756000684593566,-95.51746539668353,EPSG:32614
EMSR184_4_55HCC_x334415_y6279125_S1RTC,2015-07-28,2015-09-02,2015-10-01,2015-10-20,-33.62648954234737,145.22857468768393,EPSG:32755
EMSR280_4_33VWH_x550755_y6731555_S1RTC,2017-03-11,2017-04-04,2017-04-16,2017-05-10,60.70475679188296,15.953178455841858,EPSG:32633
EMSR397_1_31TCG_x320635_y4609145_S1RTC,2018-09-04,2018-09-28,2018-10-22,2018-11-21,41.602684186633205,0.8629145229199876,EPSG:32630
EMSR427_7_33UVB_x444105_y6191935_S1RTC,2018-12-24,2019-02-03,2019-02-22,2019-03-08,55.858361155372585,14.12740388871108,EPSG:32633
EMSR481_1_16PCC_x406175_y1733885_S1RTC,2019-09-14,2019-10-12,2019-11-05,2019-11-13,15.669895421330473,-87.86358964689663,EPSG:32616
EMSR243_1_19QGA_x735695_y2006175_S1RTC,NaN,NaN,NaN,2016-10-13,18.119974429673576,-66.76047636234335,EPSG:32619
EMSR712_6_32UNC_x573995_y5724795_S1RTC,2022-11-09,2022-11-21,2022-12-27,2023-01-20,51.657624695320614,10.088155825566984,EPSG:32633
EMSR347_6_36LYH_x708855_y8286365_S1RTC,2018-01-23,2018-02-16,2018-03-12,2018-03-24,-15.502894682780658,34.958886502169825,EPSG:32736
EMSR442_7_35WNT_x540045_y7785485_S1RTC,2019-04-26,2019-05-20,2019-06-08,2019-06-14,70.16111071656096,28.090966138317835,EPSG:32636
EMSR348_3_36KXD_x689635_y7814025_S1RTC,2018-01-30,2018-02-23,2018-03-19,2018-04-24,-19.771744051003036,34.822201187212706,EPSG:32736
EMSR437_1_30TXP_x641455_y4825645_S1RTC,2019-03-27,2019-04-12,2019-05-13,2019-05-26,43.55863192712861,-1.2328117563625332,EPSG:32630
EMSR427_10_33VVC_x447815_y6275365_S1RTC,2018-12-24,2019-01-17,2019-03-01,2019-03-18,56.60827543609192,14.17062890243106,EPSG:32633
EMSR280_4_33VWH_x560995_y6767395_S1RTC,2017-03-11,2017-04-04,2017-04-16,2017-05-10,61.02500205044911,16.152265013528844,EPSG:32633
EMSR788_1_30UXU_x613765_y5313845_S1RTC,2023-12-07,2024-01-12,2024-01-24,2024-02-21,47.95610117446519,-1.4591037634191835,EPSG:32630
EMSR326_2_30SUG_x348335_y4129035_S1RTC,2017-08-25,2017-09-24,2017-10-18,2017-10-19,37.284296239780566,-4.696500535699546,EPSG:32629
EMSR258_4_34TCL_x356655_y4497785_S1RTC,2016-10-05,2016-11-16,2016-11-28,2016-12-10,40.607205960012415,19.32069944285853,EPSG:32634
EMSR283_10_32VNP_x530095_y6850665_S1RTC,2017-03-26,2017-04-07,2017-05-08,2017-06-01,61.77617818368594,9.59457249258737,EPSG:32632
EMSR774_1_15QTA_x220805_y2014375_S1RTC,2023-09-20,2023-10-14,2023-11-04,2023-11-19,18.189125972237107,-95.62735846473785,EPSG:32615
EMSR352_1_39RTQ_x859125_y3494755_S1RTC,2018-02-17,2018-02-22,2018-04-06,2018-04-06,31.52001539574966,48.79465140319398,EPSG:32639
EMSR264_7_39KUA_x335515_y8036655_S1RTC,2016-11-13,2016-12-07,2016-12-31,2017-02-05,-17.762871998382117,49.46048148452649,EPSG:32739
EMSR229_4_14RNS_x548045_y3183555_S1RTC,2016-07-10,NaN,NaN,NaN,28.767033306898988,-98.49476639332136,EPSG:32614
EMSR470_1_30PZR_x209995_y1078325_S1RTC,2019-08-09,2019-09-14,2019-10-20,2019-10-20,9.733327245583117,0.3684907730770444,EPSG:32631
EMSR434_5_58KGG_x794015_y8172705_S1RTC,2019-02-23,2019-03-19,2019-04-12,2019-05-06,-16.52077300175147,167.76631080898585,EPSG:32759
EMSR200_6_55KET_x571395_y7796305_S1RTC,NaN,NaN,NaN,NaN,-19.93980191340197,147.69443041142787,EPSG:32755
EMSR472_1_48QXF_x611385_y1996465_S1RTC,2019-08-25,2019-09-27,2019-10-12,2019-11-17,18.042303625066705,106.06441372411709,EPSG:32648
EMSR774_1_15QTV_x216425_y1973935_S1RTC,2023-08-24,2023-10-02,2023-10-26,2023-11-07,17.8234304836217,-95.66323995435538,EPSG:32614
EMSR314_3_32NKN_x260455_y729425_S1RTC,2017-07-11,2017-08-16,2017-09-21,2017-10-03,6.582862434658724,6.845109767943335,EPSG:32632
EMSR712_6_32UND_x535855_y5836815_S1RTC,2022-11-09,2022-11-21,2022-12-18,2023-01-11,52.668532477396816,9.549074126815679,EPSG:32632
EMSR472_1_48QXF_x611385_y2001585_S1RTC,2019-08-25,2019-09-27,2019-10-12,2019-11-17,18.088573116336416,106.06469247352126,EPSG:32648
EMSR265_15_31UEQ_x598505_y5402935_S1RTC,2016-12-01,2017-01-06,2017-01-21,2017-02-14,48.75994856441891,4.3576897730974995,EPSG:32631
EMSR311_3_17SQT_x723845_y3765055_S1RTC,2017-07-26,2017-08-19,2017-09-12,2017-10-06,33.990496907460596,-78.56280924465166,EPSG:32617
EMSR265_20_31UFP_x623145_y5362585_S1RTC,2016-12-04,2017-01-09,2017-01-21,2017-02-18,48.392669504300336,4.680751086891794,EPSG:32631
EMSR472_4_48PZC_x200895_y1752475_S1RTC,2019-08-20,2019-09-17,2019-10-11,2019-10-19,15.821842030422296,108.21970945017743,EPSG:32648
EMSR265_9_31UEP_x508135_y5361345_S1RTC,2016-11-19,2016-12-25,2017-01-21,2017-02-19,48.39372109107835,3.127117262532386,EPSG:32631
EMSR264_17_38KMD_x470245_y7843935_S1RTC,2016-12-10,2016-12-10,2017-01-10,2017-02-03,-19.510524856654357,44.728568181389825,EPSG:32738
EMSR779_1_33PVN_x488185_y1200745_S1RTC,2023-09-30,2023-10-24,2023-11-17,2023-12-11,10.85067275104166,14.903566844576462,EPSG:32633
EMSR397_1_31TCG_x333435_y4619385_S1RTC,2018-09-04,2018-09-28,2018-10-22,2018-11-21,41.69761481850163,1.0135919980417365,EPSG:32630
EMSR203_3_15SVA_x434845_y4071585_S1RTC,NaN,2016-04-14,2016-05-08,2016-05-08,36.77642629272685,-93.71585009705822,EPSG:32615
EMSR249_3_29UMV_x500195_y5904925_S1RTC,2016-09-02,2016-09-14,2016-10-13,2016-11-01,53.2820748151878,-8.977951820735099,EPSG:32629
EMSR479_1_15QVA_x444065_y2028575_S1RTC,2019-09-12,2019-10-06,2019-11-08,2019-11-23,18.334756801803238,-93.51730877635465,EPSG:32615
EMSR265_14_31UEQ_x553275_y5430755_S1RTC,2016-12-04,2017-01-06,2017-01-21,2017-02-14,49.01579732407185,3.7460430602805856,EPSG:32631
EMSR265_22_31UDQ_x421195_y5433925_S1RTC,2016-12-06,2017-01-06,2017-01-30,2017-02-23,49.04184870681915,1.9391171786501087,EPSG:32631
EMSR184_4_55HCD_x348185_y6311695_S1RTC,2015-08-14,2015-09-02,2015-10-01,2015-11-25,-33.33487356564647,145.38244315845643,EPSG:32755
EMSR788_5_30TWT_x581355_y5282115_S1RTC,2023-12-11,2024-01-12,2024-01-24,2024-02-21,47.67566788435399,-1.899168291946124,EPSG:32630
EMSR265_22_31UDQ_x421195_y5416005_S1RTC,2016-12-06,2017-01-06,2017-01-26,2017-02-19,48.88067374797586,1.9425304996200865,EPSG:32631
EMSR184_3_55HED_x507745_y6357395_S1RTC,2015-08-21,2015-09-02,2015-10-08,2015-10-20,-32.93314896018669,147.09648479148083,EPSG:32755
EMSR479_1_15QVA_x479905_y2023455_S1RTC,2019-09-12,2019-10-06,2019-11-08,2019-11-23,18.289099098685817,-93.17806976875755,EPSG:32615
EMSR260_3_32TPQ_x614065_y4969935_S1RTC,2016-10-18,2016-11-11,2016-12-13,2016-12-17,44.86202515387134,10.459920907191744,EPSG:32632
EMSR472_4_48PZC_x234175_y1719195_S1RTC,2019-08-20,2019-09-17,2019-10-11,2019-10-19,15.525006321298447,108.53377589485918,EPSG:32648
EMSR184_4_55HCC_x388175_y6284245_S1RTC,2015-07-28,2015-09-02,NaN,2015-10-20,-33.58726372294746,145.80866019313385,EPSG:32755
EMSR397_1_31TCG_x300155_y4614265_S1RTC,2018-09-03,2018-09-28,2018-10-22,2018-11-21,41.64393196720991,0.6156500971165131,EPSG:32630
EMSR251_3_32VML_x475685_y6526145_S1RTC,2016-09-10,2016-10-04,2016-10-16,2016-10-21,58.86303686270512,8.600555377092451,EPSG:32632
EMSR472_4_48PZC_x229055_y1726875_S1RTC,2019-08-20,2019-09-17,2019-10-11,2019-10-19,15.593833984590809,108.48523537051861,EPSG:32648
EMSR352_1_39RTQ_x838645_y3423075_S1RTC,2018-02-17,2018-02-22,2018-04-06,2018-04-06,30.88072144449037,48.555131005469946,EPSG:32639
EMSR261_3_32UNC_x586335_y5776485_S1RTC,2016-10-14,2016-10-23,2016-12-13,2017-01-18,52.12047335249794,10.279637355856222,EPSG:32633
EMSR261_3_32UPD_x633595_y5826745_S1RTC,2016-09-29,2016-10-30,2016-12-13,2017-01-01,52.56255530395323,10.989727943803846,EPSG:32632
EMSR564_1_38KND_x519155_y7817615_S1RTC,2020-12-08,2021-01-25,2021-02-06,2021-02-06,-19.748477803833588,45.19499758530328,EPSG:32738
EMSR261_1_32UND_x572405_y5818655_S1RTC,2016-10-09,2016-10-23,2016-12-10,2016-12-10,52.50156657445977,10.085451157080264,EPSG:32632
EMSR280_2_33VVH_x448985_y6710645_S1RTC,2017-03-11,2017-04-04,2017-04-16,2017-05-22,60.51733314857432,14.094044715476086,EPSG:32633
EMSR186_4_17RNL_x558525_y3007315_S1RTC,NaN,2015-09-21,2015-10-15,NaN,27.175702179369743,-80.39633520707329,EPSG:32617
EMSR229_3_14RNR_x555665_y3078985_S1RTC,NaN,NaN,NaN,NaN,27.822823805108168,-98.42183396907664,EPSG:32614
EMSR427_12_33VWC_x530925_y6228515_S1RTC,2018-12-26,2019-01-17,2019-03-01,2019-03-30,56.1890338290344,15.518829922065192,EPSG:32633
EMSR277_3_35TMF_x433085_y4527195_S1RTC,2017-01-24,2017-03-07,2017-03-31,2017-04-24,40.88172817483615,26.220909294669497,EPSG:32635
EMSR229_5_15RVP_x419075_y3342495_S1RTC,NaN,NaN,NaN,NaN,30.199849819810844,-93.82748506756312,EPSG:32615
EMSR264_1_39LTF_x270145_y8519705_S1RTC,2016-11-18,2016-12-12,2017-01-05,2017-01-29,-13.392978540944616,48.889190747710316,EPSG:32739
EMSR280_2_33VVH_x466905_y6702965_S1RTC,2017-03-11,2017-04-04,2017-04-16,2017-05-22,60.450196698894736,14.421640027688348,EPSG:32633
EMSR424_4_38KPG_x693395_y8125735_S1RTC,2018-12-07,NaN,2019-02-05,2019-03-01,-16.955516489126612,46.828172055246796,EPSG:32738
EMSR249_3_29UMV_x497635_y5904925_S1RTC,2016-09-02,2016-09-14,2016-10-13,2016-11-01,53.28207573265247,-9.01634865022963,EPSG:32629
EMSR629_3_42RVS_x456305_y3119575_S1RTC,2021-06-24,2021-07-22,2021-08-23,2021-08-27,28.189769671820905,68.56780550487683,EPSG:32642
EMSR277_3_35TMF_x425405_y4519515_S1RTC,2017-01-24,2017-03-07,2017-03-31,2017-04-24,40.8118993272159,26.130668295294633,EPSG:32635
EMSR470_1_30PZR_x212555_y1073205_S1RTC,2019-08-09,2019-09-14,2019-10-20,2019-10-20,9.687245437050324,0.39216430914475614,EPSG:32631
EMSR756_1_33UWS_x578955_y5648645_S1RTC,2023-07-28,2023-09-02,2023-09-14,2023-10-11,50.9723350325969,16.14270885654653,EPSG:32633
EMSR445_2_34TGR_x705335_y5010895_S1RTC,2019-05-13,2019-06-07,2019-06-30,2019-07-25,45.20975676732598,23.631068541847313,EPSG:32634
EMSR668_5_34WEC_x586405_y7758295_S1RTC,2022-04-08,2022-04-28,2022-05-19,2022-05-22,69.90587146822237,23.28716952867762,EPSG:32634
EMSR728_1_32UMU_x506565_y5394105_S1RTC,2023-04-22,2023-05-08,2023-06-01,2023-07-03,48.68846204602577,9.106525201744322,EPSG:32632
EMSR352_1_39STS_x809335_y3618545_S1RTC,2018-02-18,2018-03-13,2018-04-06,2018-05-01,32.649436608776746,48.31121347917178,EPSG:32639
EMSR421_5_31TDH_x498915_y4724225_S1RTC,2018-12-11,2018-12-22,2019-01-16,2019-02-20,42.65901386289216,3.002318271331471,EPSG:32631
EMSR793_1_37LFD_x654355_y8358605_S1RTC,2024-01-13,2024-02-18,2024-03-13,2024-03-25,-14.853895595738402,40.44650838040228,EPSG:32737
EMSR742_1_34VFJ_x640675_y6305945_S1RTC,2023-06-19,2023-07-06,2023-07-30,2023-09-04,56.86406232193233,23.328482501549015,EPSG:32635
EMSR350_4_53KMU_x411405_y7836085_S1RTC,2018-02-10,2018-02-22,2018-03-18,2018-04-11,-19.579748659316735,134.1674525337806,EPSG:32753
EMSR706_5_31UDS_x451785_y5631775_S1RTC,2022-09-01,2022-10-07,2022-11-05,2022-11-29,50.824315179308115,2.3335599171196724,EPSG:32631
EMSR645_4_38KMD_x443455_y7815215_S1RTC,2021-11-14,2022-01-01,2022-01-25,2022-02-01,-19.76949475783713,44.472402046444614,EPSG:32738
EMSR397_1_31TCG_x318075_y4601465_S1RTC,2018-09-04,2018-09-28,2018-10-22,2018-11-21,41.532982294702336,0.8345260303927071,EPSG:32630
EMSR261_1_32UND_x539125_y5839135_S1RTC,2016-10-11,2016-10-23,2016-12-10,2016-12-10,52.689154092139546,9.597712373551007,EPSG:32632
EMSR756_1_33UWS_x601995_y5643525_S1RTC,2023-07-23,2023-09-02,2023-09-14,2023-10-11,50.92263775206726,16.4693108941047,EPSG:32633
EMSR429_7_29UNV_x573185_y5915695_S1RTC,2018-12-31,2019-01-29,2019-02-19,2019-02-22,53.373640948335705,-7.880778034616618,EPSG:32629
EMSR468_5_32TMR_x452155_y5026415_S1RTC,2019-08-05,2019-09-22,2019-10-04,2019-10-04,45.378226299856735,8.405198435894373,EPSG:32632
EMSR174_1_34TEM_x545195_y4654055_S1RTC,2015-06-26,2015-07-15,2015-08-07,2015-08-31,42.0256813523314,21.561337283676266,EPSG:32634
EMSR399_1_48PWS_x576115_y1110425_S1RTC,2018-08-22,2018-10-09,2018-10-22,2018-11-14,10.03305260441595,105.70619665473022,EPSG:32648
EMSR779_3_33PWN_x507915_y1212505_S1RTC,2023-09-30,2023-11-05,2023-11-17,2023-12-11,10.95703443843084,15.0841115486038,EPSG:32633
EMSR479_2_15QVV_x506855_y1995325_S1RTC,2019-09-12,2019-10-18,2019-11-03,2019-11-11,18.03491412987288,-92.92318724280028,EPSG:32615
EMSR150_7_30UXE_x606355_y5983755_S1RTC,NaN,2014-11-24,NaN,NaN,53.97943025586457,-1.3587757655593555,EPSG:32631
EMSR774_1_15QTA_x233605_y2034855_S1RTC,2023-09-20,2023-10-14,2023-11-04,2023-11-19,18.375671095130176,-95.50909873625844,EPSG:32615
EMSR427_9_33VVD_x506515_y6374505_S1RTC,2018-12-24,2019-01-17,2019-03-01,2019-03-30,57.50158750722943,15.12998882221651,EPSG:32633
EMSR350_2_50KPC_x639535_y7747085_S1RTC,2018-02-08,2018-02-15,2018-03-23,2018-04-04,-20.380718379300813,118.34928735918393,EPSG:32750
EMSR264_5_38KPG_x675755_y8197345_S1RTC,2016-11-23,2016-12-17,2017-01-10,2017-02-03,-16.309860966860338,46.65699851174737,EPSG:32738
EMSR229_5_15RUP_x396585_y3320895_S1RTC,NaN,NaN,NaN,2016-10-04,30.003272248188328,-94.05902408246487,EPSG:32615
EMSR280_2_33VVH_x461785_y6705525_S1RTC,2017-03-11,2017-04-04,2017-04-16,2017-05-22,60.47274427337482,14.328111225041608,EPSG:32633
EMSR482_5_16PFC_x629345_y1769085_S1RTC,2019-09-25,2019-11-02,2019-11-14,2019-12-08,15.986361371999607,-85.77931782031074,EPSG:32616
EMSR261_3_32UND_x580935_y5813535_S1RTC,2016-10-09,2016-11-02,2016-12-10,2017-01-18,52.45432767193035,10.209822856908033,EPSG:32633
EMSR424_3_38KPG_x673495_y8163915_S1RTC,2018-12-07,NaN,2019-02-05,2019-03-01,-16.61210961999075,46.63838659349577,EPSG:32738
EMSR774_1_15QTA_x228485_y2014375_S1RTC,2023-09-20,2023-10-14,2023-11-04,2023-11-19,18.190105575098602,-95.5548082577731,EPSG:32615
EMSR728_1_32UMU_x498885_y5386425_S1RTC,2023-04-22,2023-05-08,2023-06-01,2023-07-03,48.61942076982092,9.002171017255481,EPSG:32632
EMSR742_1_34VFJ_x630435_y6293145_S1RTC,2023-06-19,2023-07-06,2023-07-30,2023-09-04,56.75216874061809,23.1540468696322,EPSG:32635
EMSR200_3_55KFS_x696125_y7640165_S1RTC,NaN,NaN,NaN,NaN,-21.34125832711958,148.90347859804444,EPSG:32756
EMSR774_1_15QTA_x200325_y2047655_S1RTC,2023-09-20,2023-10-14,2023-11-04,2023-11-19,18.486808294038926,-95.82568332426703,EPSG:32615
EMSR243_2_19QGV_x780595_y1994675_S1RTC,2016-07-28,2016-08-21,NaN,2016-10-27,18.010745512476376,-66.33801703123348,EPSG:32619
EMSR416_1_30TXP_x643735_y4806595_S1RTC,2018-10-09,2018-11-27,2018-12-08,2019-01-13,43.386743553836276,-1.2096657073680146,EPSG:32630
EMSR229_5_15RVP_x419075_y3347615_S1RTC,NaN,NaN,NaN,NaN,30.24604941892719,-93.82787193429948,EPSG:32615
EMSR472_4_48PZC_x218815_y1757595_S1RTC,2019-08-20,2019-09-17,2019-10-11,2019-10-19,15.870159514369854,108.38627081868975,EPSG:32648
EMSR328_2_13QDF_x413025_y2506265_S1RTC,2017-09-01,2017-10-07,2017-10-19,2017-10-29,22.649765572189374,-105.83409097712611,EPSG:32613
EMSR342_4_54KWC_x592205_y7702635_S1RTC,2017-12-16,2017-12-28,2018-02-02,2018-03-10,-20.785241089238802,141.8981556321816,EPSG:32754
EMSR397_1_31TCF_x316455_y4594485_S1RTC,2018-09-04,2018-10-10,2018-10-16,2018-11-09,41.46978881522926,0.8172321181532088,EPSG:32630
EMSR427_4_33VUE_x684335_y6435485_S1RTC,2018-12-29,2019-01-17,2019-02-22,2019-03-18,58.010617366097485,12.141740144105736,EPSG:32632
EMSR264_16_38KND_x544105_y7815805_S1RTC,2016-11-23,2016-12-17,2017-01-10,2017-02-03,-19.764416586659145,45.43317754056292,EPSG:32738
EMSR274_8_39KTU_x270975_y7808275_S1RTC,2017-01-24,2017-02-17,2017-03-13,2017-04-06,-19.81974271516565,48.82563612644434,EPSG:32739
EMSR779_3_33PVN_x494165_y1232985_S1RTC,2023-09-30,2023-10-24,2023-11-17,2023-12-11,11.142263771093148,14.95823836652507,EPSG:32633
EMSR470_1_31PBM_x244415_y1180915_S1RTC,2019-08-21,2019-09-14,2019-10-20,2019-10-20,10.662705439843757,0.6752904615202343,EPSG:32631
EMSR184_4_55HCC_x385615_y6250965_S1RTC,2015-07-28,2015-09-02,NaN,2015-10-20,-33.88708918582212,145.7768257703541,EPSG:32755
EMSR777_1_16QCD_x354785_y1852725_S1RTC,2023-10-03,2023-10-27,2023-11-16,2023-11-20,16.741522691748386,-88.35032759685171,EPSG:32616
EMSR774_1_15QTA_x215685_y2032295_S1RTC,2023-09-20,2023-10-14,2023-11-04,2023-11-19,18.35024788413518,-95.67820491817692,EPSG:32615
EMSR779_1_33PVM_x490675_y1119735_S1RTC,2023-09-18,2023-10-24,2023-11-17,2023-12-23,10.11800054239747,14.926521438674719,EPSG:32633
EMSR184_4_55HCC_x313935_y6271445_S1RTC,2015-07-28,2015-09-02,2015-10-01,2015-10-20,-33.692357799858925,145.0062934808607,EPSG:32755
EMSR774_1_15QTA_x213125_y2050215_S1RTC,2023-09-20,2023-10-14,2023-11-04,2023-11-19,18.511689853059696,-95.70493932340032,EPSG:32615
EMSR264_5_38KPG_x680875_y8166625_S1RTC,2016-11-23,2016-12-17,2017-01-10,2017-02-03,-16.58706560611117,46.7073325427588,EPSG:32738
EMSR483_3_33SXD_x670105_y4367885_S1RTC,2019-10-07,2019-10-25,2019-11-18,2019-12-06,39.4320013562615,16.991259811514304,EPSG:32633
EMSR265_15_31UFQ_x617925_y5416145_S1RTC,2016-11-26,2017-01-06,2017-01-21,2017-02-14,48.87532142602087,4.625670329116138,EPSG:32631
EMSR347_6_36LXH_x686335_y8273635_S1RTC,2018-01-23,2018-02-28,2018-03-12,2018-03-24,-15.61969047593296,34.7499961235633,EPSG:32736
EMSR324_1_31TDH_x449355_y4785965_S1RTC,2017-08-29,2017-09-15,2017-10-09,2017-10-16,43.213379699072064,2.3921884328200544,EPSG:32631
EMSR261_1_32UND_x534005_y5805855_S1RTC,2016-10-11,2016-10-23,2016-12-10,2016-12-10,52.39033255679659,9.5184300063456,EPSG:32632
EMSR774_1_15QTA_x218245_y2029735_S1RTC,2023-09-20,2023-10-14,2023-11-04,2023-11-19,18.327473577127034,-95.65364771940219,EPSG:32615
EMSR517_18_31UGS_x326075_y5603765_S1RTC,2020-05-28,2020-06-14,2020-07-11,2020-08-04,50.54882062087243,6.562949484251138,EPSG:32632
EMSR167_1_31UFS_x621465_y5664755_S1RTC,2015-04-26,2015-05-03,2015-06-01,2015-07-02,51.10964557806165,4.753383903671842,EPSG:32631
EMSR284_4_34WFU_x369925_y7322455_S1RTC,2017-03-15,2017-04-27,2017-05-09,2017-05-19,65.9852545580171,24.16301820024087,EPSG:32634
EMSR342_4_54KWC_x584525_y7707755_S1RTC,2017-12-16,2017-12-28,2018-02-02,2018-03-10,-20.739352262794018,141.8241213954577,EPSG:32754
EMSR261_3_32UND_x603975_y5803295_S1RTC,2016-10-06,2016-10-30,2016-12-10,2017-01-18,52.3583470920951,10.545545326241509,EPSG:32633
EMSR264_1_39LTF_x282945_y8550425_S1RTC,2016-11-18,2016-12-12,2017-01-05,2017-01-29,-13.116320452032685,49.009599247973014,EPSG:32739
EMSR470_1_31PBM_x229055_y1134835_S1RTC,2019-08-21,2019-09-14,2019-10-20,2019-10-20,10.245256589429871,0.5382520791769803,EPSG:32631
EMSR314_1_31PGK_x794165_y982995_S1RTC,2017-07-16,2017-09-02,2017-09-14,2017-10-08,8.871552418029154,5.686034965243232,EPSG:32632
EMSR350_2_50KPC_x677935_y7749645_S1RTC,2018-02-15,2018-02-15,2018-03-23,2018-04-04,-20.35436276841691,118.71688208965705,EPSG:32750
EMSR192_14_32TMQ_x455925_y4966525_S1RTC,2015-09-23,2015-11-06,2015-11-22,2015-12-24,44.839376150769596,8.45846915711266,EPSG:32632
EMSR280_5_33VVH_x462435_y6788195_S1RTC,2017-03-11,2017-04-04,2017-04-21,2017-05-22,61.214973816221224,14.324450939215286,EPSG:32633
EMSR472_1_48QXE_x619065_y1988655_S1RTC,2019-08-29,2019-09-10,2019-10-12,2019-10-16,17.971312874201264,106.13651189768436,EPSG:32648
EMSR311_3_17SPT_x696265_y3748775_S1RTC,2017-08-07,2017-08-19,2017-09-12,2017-10-06,33.84932153944568,-78.8648654477859,EPSG:32617
EMSR469_10_49PCQ_x315175_y1451775_S1RTC,2019-08-20,2019-09-13,2019-10-07,2019-11-12,13.115282741835362,109.30681773490682,EPSG:32649
EMSR481_3_16PFC_x613985_y1743485_S1RTC,2019-09-20,2019-10-02,2019-10-31,2019-11-02,15.755731996735147,-85.92407064791702,EPSG:32616
EMSR251_3_32VNL_x517955_y6556915_S1RTC,2016-08-29,2016-09-27,2016-10-16,2016-10-21,59.13955385290541,9.336074204303157,EPSG:32632
EMSR742_1_34VFJ_x622755_y6311065_S1RTC,2023-06-19,2023-07-06,2023-07-30,2023-09-04,56.91516142826333,23.037257503221106,EPSG:32635
EMSR264_17_38KMD_x467685_y7836255_S1RTC,2016-12-10,2016-12-10,2017-01-10,2017-02-03,-19.579890969034885,44.70404356030582,EPSG:32738
EMSR779_3_33PWP_x502775_y1301425_S1RTC,2023-09-30,2023-11-05,2023-11-17,2023-12-23,11.761217266286764,15.037171660481443,EPSG:32633
EMSR229_3_14RNR_x555665_y3084105_S1RTC,NaN,NaN,NaN,NaN,27.869042239125882,-98.4215888247636,EPSG:32614
EMSR472_5_49PBS_x272595_y1676415_S1RTC,2019-08-20,2019-09-13,2019-10-11,2019-10-19,15.142207751305849,108.89562518942988,EPSG:32649
EMSR479_1_15QUA_x396255_y2018375_S1RTC,2019-09-21,2019-10-15,2019-11-08,2019-12-02,18.24081481997043,-93.96923937175399,EPSG:32615
EMSR184_3_55HDC_x504455_y6299755_S1RTC,2015-07-28,2015-09-02,2015-10-20,2015-10-20,-33.45308933341233,147.06165569633967,EPSG:32755
EMSR264_9_39KTU_x272715_y7831835_S1RTC,2016-11-13,2016-12-31,2017-01-05,2017-01-24,-19.607184576505464,48.845092821156435,EPSG:32739
EMSR469_8_49PBS_x270415_y1676385_S1RTC,2019-08-20,2019-09-13,2019-10-07,2019-10-31,15.14174674369016,108.87535066678151,EPSG:32649
EMSR567_9_56JNP_x553245_y6810415_S1RTC,2021-01-06,2021-01-30,2021-02-23,2021-03-19,-28.844264980881572,153.55891349062586,EPSG:32756
EMSR267_1_34UEG_x521845_y6133155_S1RTC,2016-12-14,2016-12-31,2017-01-31,2017-01-31,55.33274097754932,21.364450786052867,EPSG:32634
EMSR280_1_33VVH_x436055_y6730845_S1RTC,2017-03-11,2017-04-04,2017-04-16,2017-05-22,60.69685589598356,13.852168269522934,EPSG:32632
EMSR421_2_31TCH_x397505_y4768425_S1RTC,2018-11-21,2018-12-27,2019-01-20,2019-02-13,43.05029976951456,1.7571565820400423,EPSG:32631
EMSR332_8_32TQR_x307875_y5093135_S1RTC,2017-09-22,2017-10-04,2017-10-28,2017-11-09,45.95376929354492,12.537292673868837,EPSG:32632
EMSR203_3_15SWB_x526495_y4138745_S1RTC,NaN,2016-04-14,2016-05-08,2016-05-08,37.3835648387829,-92.68631130013152,EPSG:32615
EMSR642_3_32TQQ_x280725_y4925825_S1RTC,2021-10-11,2021-10-24,2021-11-17,2021-12-23,44.44139544942622,12.260548562538,EPSG:32633
EMSR417_1_29TNE_x510265_y4459285_S1RTC,2018-10-17,2018-11-28,2018-12-17,2019-01-03,40.27248555778658,-8.864266357705388,EPSG:32629
EMSR200_8_55KFT_x670575_y7741525_S1RTC,NaN,NaN,NaN,NaN,-20.42838581850302,148.64717278085172,EPSG:32755
EMSR779_1_33PWM_x525845_y1112055_S1RTC,2023-09-18,2023-10-24,2023-11-17,2023-12-23,10.048454326476211,15.247491422889981,EPSG:32633
EMSR706_1_31UDS_x410645_y5603835_S1RTC,2022-09-01,2022-10-12,2022-11-17,2022-11-29,50.56831387167351,1.7562421457188284,EPSG:32631
EMSR279_2_30TXN_x624015_y4742625_S1RTC,2017-02-09,2017-03-18,2017-04-10,2017-04-17,42.814458587161624,-1.4674743721439985,EPSG:32630
EMSR199_10_17MNQ_x530715_y9405775_S1RTC,2016-01-31,2016-02-24,2016-04-03,2016-04-12,-5.387447670816002,-80.71124808774505,EPSG:32717
EMSR312_5_51QUV_x368925_y1951835_S1RTC,2017-08-04,2017-08-16,2017-09-09,2017-10-03,17.638036104705396,121.77643124534185,EPSG:32651
EMSR470_1_31PBM_x241855_y1183475_S1RTC,2019-08-21,2019-09-14,2019-10-20,2019-10-20,10.685664378091845,0.6517247967321049,EPSG:32631
EMSR186_4_17RNL_x561085_y3004755_S1RTC,NaN,2015-09-21,2015-10-15,NaN,27.152477319400905,-80.37062353361016,EPSG:32617
EMSR438_7_36MVC_x484635_y9729255_S1RTC,2019-03-20,2019-05-07,2019-05-19,2019-06-12,-2.4610290249763533,32.87326071539136,EPSG:32736
EMSR564_1_38KND_x519155_y7809935_S1RTC,2020-12-08,2021-01-25,2021-02-06,2021-02-06,-19.817880855564763,45.19508205989474,EPSG:32738
EMSR548_1_33SWB_x505245_y4152905_S1RTC,2020-08-19,2020-09-24,2020-10-24,2020-11-11,37.51159248498635,15.073775340233063,EPSG:32633
EMSR411_1_31TGJ_x305665_y4808185_S1RTC,2018-09-20,2018-10-25,2018-11-18,2018-12-24,43.390227277580486,6.616307594794208,EPSG:32632
EMSR645_5_38LPH_x646915_y8268015_S1RTC,2021-12-03,2022-01-08,2022-02-01,2022-02-13,-15.673107261244255,46.382721070497965,EPSG:32738
EMSR421_4_31TDH_x462825_y4732245_S1RTC,2018-11-28,2019-01-04,2019-01-16,2019-02-13,42.73039903890078,2.5614671122345056,EPSG:32631
EMSR492_1_30TXP_x682155_y4861825_S1RTC,2019-11-21,2019-12-03,2020-01-08,2020-01-20,43.875241455514704,-0.7169076698312459,EPSG:32630
EMSR167_3_31UFS_x663775_y5673075_S1RTC,2015-04-26,2015-05-03,2015-06-05,2015-07-02,51.17377774514993,5.361130978135864,EPSG:32631
EMSR265_15_31UEQ_x575465_y5402935_S1RTC,2016-12-01,2017-01-06,2017-01-21,2017-02-14,48.763215291649,4.044250892009665,EPSG:32631
EMSR777_1_16QCE_x326775_y1932015_S1RTC,2023-09-29,2023-11-04,2023-11-16,2023-11-28,17.45608901012065,-88.61920500652333,EPSG:32616
EMSR311_3_17SQT_x713605_y3747135_S1RTC,2017-07-26,2017-08-19,2017-09-12,2017-10-06,33.831154682853914,-78.67797332916582,EPSG:32617
EMSR504_6_56HKH_x291365_y6280405_S1RTC,2020-01-17,2020-03-08,2020-03-20,2020-04-13,-33.60743728377935,150.7650271802268,EPSG:32756
EMSR279_2_30TXN_x618895_y4729825_S1RTC,2017-02-09,2017-03-18,2017-04-10,2017-04-17,42.70004741929788,-1.5328024529581272,EPSG:32630
EMSR348_3_36KXD_x681955_y7806345_S1RTC,2018-01-30,2018-02-23,2018-03-19,2018-04-24,-19.841846350516025,34.74968154159906,EPSG:32736
EMSR471_1_34UEU_x513385_y5397245_S1RTC,2019-09-04,2019-09-16,2019-10-10,2019-11-03,48.71658662878742,21.1993023057317,EPSG:32634
EMSR634_1_32TQP_x303105_y4819825_S1RTC,2021-07-14,2021-09-06,2021-09-18,2021-09-30,43.49428198214813,12.580555120104854,EPSG:32633
EMSR264_5_38KPG_x642475_y8171745_S1RTC,2016-11-23,2016-12-17,2017-01-10,2017-02-03,-16.543435688613346,46.3471608148795,EPSG:32738
EMSR728_6_32UPU_x601055_y5336605_S1RTC,2023-04-21,2023-04-29,2023-06-04,2023-06-16,48.162973673576964,10.376152744907488,EPSG:32632
EMSR417_1_29TNE_x520505_y4451605_S1RTC,2018-10-17,2018-11-28,2018-12-22,2019-01-03,40.203089852950335,-8.744084832413893,EPSG:32629
EMSR203_3_15SVB_x455465_y4103035_S1RTC,NaN,2016-04-14,2016-05-08,2016-05-08,37.06108977400881,-93.48658609704565,EPSG:32615
EMSR471_5_33UXP_x643155_y5396725_S1RTC,2019-09-06,2019-09-26,2019-10-08,2019-10-17,48.695359988139515,16.96274482071232,EPSG:32634
EMSR200_12_56JMP_x503665_y6816165_S1RTC,2016-02-02,2016-02-26,2016-03-26,2016-04-14,-28.793512745614315,153.05061844607857,EPSG:32756
EMSR779_3_33PVP_x463555_y1337305_S1RTC,2023-09-30,2023-11-05,2023-11-17,2023-12-11,12.08551035764631,14.67682114082152,EPSG:32633
EMSR348_2_36KZE_x231305_y7940945_S1RTC,2018-01-30,2018-02-23,2018-03-14,2018-04-12,-18.61691661441534,36.46559728482787,EPSG:32737
EMSR166_4_33UUP_x355755_y5346825_S1RTC,2015-05-04,2015-05-04,2015-06-09,2015-06-09,48.24702969945138,13.074144120694681,EPSG:32633
EMSR265_6_31UDQ_x430195_y5426595_S1RTC,2016-12-06,2017-01-06,2017-01-23,2017-02-19,48.976986102735644,2.0634878272948627,EPSG:32631
EMSR261_1_32UND_x549365_y5828895_S1RTC,2016-10-11,2016-10-23,2016-12-10,2016-12-10,52.5962440233828,9.747627828360859,EPSG:32632
EMSR251_3_32VML_x478245_y6531265_S1RTC,2016-09-10,2016-10-04,2016-10-16,2016-10-21,58.90914726904938,8.644465496624335,EPSG:32632
EMSR629_3_42RVS_x453745_y3124695_S1RTC,2021-06-24,2021-07-22,2021-08-23,2021-08-27,28.235901685297424,68.54152637740663,EPSG:32642
EMSR184_3_55HED_x500065_y6321555_S1RTC,2015-08-21,2015-09-02,2015-10-08,2015-10-20,-33.256470806797886,147.0143862297411,EPSG:32755
EMSR444_1_34UGV_x337635_y5431315_S1RTC,2019-04-19,2019-06-02,2019-06-23,2019-07-05,49.00221979672012,24.79741476954942,EPSG:32634
EMSR229_4_14RNS_x560845_y3186115_S1RTC,2016-07-10,NaN,NaN,NaN,28.789585214817947,-98.36350904472567,EPSG:32614
EMSR265_15_31UFQ_x615365_y5405905_S1RTC,2016-11-26,2017-01-06,2017-01-21,2017-02-14,48.78372592213918,4.587857827370971,EPSG:32631
EMSR258_6_34TCK_x363345_y4493415_S1RTC,2016-10-23,2016-11-16,2016-11-28,2016-12-16,40.568975048967346,19.400684776617936,EPSG:32634
EMSR347_6_36LXH_x653055_y8278755_S1RTC,2018-01-23,2018-02-28,2018-03-12,2018-03-24,-15.575671355977802,34.439321013985996,EPSG:32736
EMSR481_1_16PCB_x390785_y1689405_S1RTC,2019-09-20,2019-10-20,2019-11-05,2019-12-07,15.267207223217397,-88.00523779145406,EPSG:32616
EMSR342_7_54KWE_x516065_y7979295_S1RTC,2017-12-21,2018-01-02,2018-02-19,2018-03-03,-18.28730396560731,141.16406475125015,EPSG:32754
EMSR279_3_30TWM_x594005_y4674015_S1RTC,2017-02-09,2017-03-24,2017-04-10,2017-04-17,42.2010173973231,-1.845888504938074,EPSG:32630
EMSR548_1_33SWB_x500125_y4158025_S1RTC,2020-08-19,2020-09-24,2020-10-24,2020-11-11,37.55776416211806,15.015851101187124,EPSG:32633
EMSR417_1_29TNE_x510265_y4438805_S1RTC,2018-10-17,2018-11-28,2018-12-17,2019-01-03,40.08797107008486,-8.864633546922583,EPSG:32629
EMSR165_6_31UDQ_x442465_y5420365_S1RTC,2015-04-23,2015-04-28,2015-06-03,2015-06-10,48.922187219478566,2.232009349481022,EPSG:32631
EMSR280_3_33VWH_x544165_y6702915_S1RTC,2017-03-11,2017-04-04,2017-05-10,2017-05-29,60.44844419456333,15.82587993628776,EPSG:32633
EMSR703_1_14QMD_x412825_y1860675_S1RTC,2022-09-11,2022-09-23,2022-10-26,2022-11-10,16.816225388286732,-99.80619896853895,EPSG:32614
EMSR712_4_32UNC_x554785_y5693615_S1RTC,2022-11-09,2022-11-21,2022-12-27,2023-01-20,51.37953601147283,9.80551677085635,EPSG:32632
EMSR567_15_56HLJ_x327975_y6392215_S1RTC,2020-12-21,2021-02-07,2021-02-28,2021-03-27,-32.6059023200428,151.1803278939342,EPSG:32756
EMSR774_1_15QTA_x225925_y2016935_S1RTC,2023-09-20,2023-10-14,2023-11-04,2023-11-19,18.21289694814557,-95.5793324644044,EPSG:32615
EMSR470_1_31PBM_x231615_y1168115_S1RTC,2019-08-21,2019-09-14,2019-10-20,2019-10-20,10.546154270896066,0.5592716722908992,EPSG:32631
EMSR200_2_55KFT_x654175_y7748185_S1RTC,NaN,NaN,NaN,NaN,-20.369640620798037,148.48944329583617,EPSG:32755
EMSR586_1_56HKH_x275025_y6238675_S1RTC,2021-05-02,2021-06-07,2021-07-01,2021-07-25,-33.98016759715982,150.5784720917042,EPSG:32756
EMSR429_3_29UMV_x491365_y5979125_S1RTC,2018-12-19,2019-01-29,2019-02-19,2019-02-22,53.94897101260109,-9.112144399166969,EPSG:32629
EMSR200_12_56JNN_x546965_y6786535_S1RTC,2016-02-02,2016-02-26,2016-04-02,2016-04-26,-29.060049963064582,153.49556095796316,EPSG:32756
EMSR229_4_14RNS_x568525_y3191235_S1RTC,2016-07-10,NaN,NaN,NaN,28.83540206699691,-98.28450765302368,EPSG:32614
EMSR265_14_31UEQ_x504635_y5435875_S1RTC,2016-12-04,2017-01-06,2017-01-21,2017-02-14,49.06423793746738,3.080905249419417,EPSG:32631
EMSR629_2_42RVR_x479875_y3088275_S1RTC,2021-07-06,2021-08-03,2021-08-23,2021-09-20,27.90776640835563,68.80844706279254,EPSG:32642
EMSR261_1_32UND_x541685_y5803295_S1RTC,2016-10-11,2016-10-23,2016-12-10,2016-12-10,52.36676981220253,9.63095063873097,EPSG:32632
EMSR564_1_38KND_x506355_y7820175_S1RTC,2020-12-08,2021-01-25,2021-02-06,2021-02-06,-19.72543456747664,45.07281547234181,EPSG:32738
EMSR176_2_15RYQ_x749755_y3410955_S1RTC,NaN,NaN,2015-08-25,NaN,30.79367690385446,-90.37655091888567,EPSG:32615
EMSR265_20_31UFP_x620585_y5349785_S1RTC,2016-12-04,2017-01-09,2017-01-21,2017-02-18,48.27805964831324,4.642481396487431,EPSG:32631
EMSR314_1_31PHK_x813395_y983085_S1RTC,2017-07-28,2017-09-02,2017-09-14,2017-10-08,8.871067611276098,5.860728456016167,EPSG:32631
EMSR557_3_32VNR_x564965_y7013165_S1RTC,2020-11-12,2020-12-18,2021-01-06,2021-02-04,63.22994692242406,10.318180314763437,EPSG:32632
EMSR321_1_16PDV_x447605_y1486375_S1RTC,2017-08-07,2017-09-12,2017-10-05,2017-11-05,13.43327753115544,-87.47223468203208,EPSG:32616
EMSR264_9_39KTU_x254795_y7803675_S1RTC,2016-11-13,2016-12-31,2017-01-05,2017-01-24,-19.85933008981705,48.67064947229772,EPSG:32739
EMSR203_3_15SVA_x445085_y4074145_S1RTC,NaN,2016-04-14,2016-05-08,2016-05-08,36.80013792539377,-93.60128549542,EPSG:32615
EMSR410_1_38PKT_x296235_y1284525_S1RTC,2018-09-27,2018-10-21,2018-11-21,2018-12-08,11.602412663441442,43.14286750192635,EPSG:32638
EMSR422_1_31TDG_x496925_y4650895_S1RTC,2018-11-17,2019-01-03,2019-01-27,2019-02-20,41.998590877366084,2.978265974596922,EPSG:32631
EMSR258_6_34TCK_x371025_y4480615_S1RTC,2016-10-23,2016-11-16,2016-11-28,2016-12-16,40.45492009427138,19.493963695155184,EPSG:32634
EMSR203_3_15SWA_x513775_y4084375_S1RTC,NaN,2016-04-14,2016-05-08,2016-05-08,36.89375778716473,-92.83108817884022,EPSG:32615
EMSR352_10_39RUP_x312535_y3386575_S1RTC,2018-02-10,2018-02-25,2018-04-06,2018-04-30,30.585751175817816,49.05819797212392,EPSG:32638
EMSR229_5_15RUP_x378665_y3331135_S1RTC,NaN,NaN,NaN,2016-10-04,30.094036000039647,-94.24594713361371,EPSG:32615
EMSR322_17_16RFU_x681615_y3371255_S1RTC,NaN,2017-09-20,2017-10-09,2017-10-09,30.44809071765353,-85.09529485012295,EPSG:32616
EMSR264_17_38KMD_x447205_y7831135_S1RTC,2016-12-10,2016-12-10,2017-01-10,2017-02-03,-19.625733096079827,44.5086371617883,EPSG:32738
EMSR229_4_14RPS_x613565_y3196565_S1RTC,2016-07-10,NaN,NaN,NaN,28.880263261238728,-97.8223429810599,EPSG:32614
EMSR165_4_31UDQ_x425255_y5422925_S1RTC,2015-04-24,2015-04-28,2015-05-29,2015-06-10,48.943409314709974,1.996652019264435,EPSG:32631
EMSR472_1_48QXE_x665145_y1940015_S1RTC,2019-08-29,2019-09-10,2019-10-12,2019-10-16,17.528791550177306,106.5677646039824,EPSG:32648
EMSR265_15_31UEQ_x585705_y5415735_S1RTC,2016-12-01,2017-01-06,2017-01-21,2017-02-14,48.87699149622368,4.186277903044323,EPSG:32631
EMSR779_3_33PVN_x476245_y1276505_S1RTC,2023-09-30,2023-10-24,2023-11-17,2023-12-11,11.535779777391907,14.793840953613133,EPSG:32633
EMSR507_5_51LXK_x632175_y8975485_S1RTC,2020-02-06,2020-03-13,2020-04-03,2020-04-18,-9.277769723546543,124.21498535971878,EPSG:32751
EMSR427_7_33VVC_x456055_y6208225_S1RTC,2018-12-24,2019-01-17,2019-03-01,2019-03-18,56.00592245660217,14.31572227535487,EPSG:32633
EMSR467_3_32TLP_x381265_y4883505_S1RTC,2019-08-09,2019-09-15,2019-10-08,2019-11-01,44.08382926145472,7.53287665725324,EPSG:32631
EMSR397_1_31TCF_x321575_y4594485_S1RTC,2018-09-04,2018-10-10,2018-10-16,2018-11-09,41.470935725550895,0.8785055447683713,EPSG:32630
EMSR280_3_33VWH_x544165_y6697795_S1RTC,2017-03-11,2017-04-04,2017-05-10,2017-05-29,60.402478112903175,15.824715049375815,EPSG:32633
EMSR712_5_32UPD_x642145_y5807975_S1RTC,2022-11-07,2022-12-06,2022-12-30,2023-01-11,52.391737280719795,11.107698450865719,EPSG:32632
EMSR192_11_32TMR_x485725_y4994805_S1RTC,2015-10-01,2015-10-24,2015-11-22,2015-12-23,45.09511648608701,8.83478381574257,EPSG:32632
EMSR328_1_13QCF_x398755_y2525365_S1RTC,2017-09-01,2017-10-07,2017-10-17,2017-10-29,22.82150230478591,-105.97418356860457,EPSG:32613
EMSR629_2_42RVR_x464515_y3095955_S1RTC,2021-07-06,2021-08-03,2021-08-23,2021-09-20,27.976789979866453,68.65213915650504,EPSG:32642
EMSR279_1_30TWN_x531735_y4767375_S1RTC,2017-02-21,2017-03-29,2017-04-10,2017-04-22,43.04687588163899,-2.5947028235873892,EPSG:32630
EMSR777_5_16QCE_x316615_y1956315_S1RTC,2023-09-29,2023-11-04,2023-11-16,2023-11-28,17.674837247053574,-88.71691772700052,EPSG:32616
EMSR229_5_15RVP_x408835_y3306655_S1RTC,NaN,NaN,NaN,NaN,29.875738150499323,-93.93082955762365,EPSG:32615
EMSR779_3_33PVN_x491605_y1227865_S1RTC,2023-09-30,2023-10-24,2023-11-17,2023-12-11,11.095954676851646,14.934803537302027,EPSG:32633
EMSR763_1_33UVU_x440855_y5852605_S1RTC,2023-08-07,2023-08-29,2023-09-22,2023-10-11,52.808648543651834,14.141471360307783,EPSG:32633
EMSR422_7_31TCF_x310535_y4504715_S1RTC,2018-11-21,2019-01-02,2019-01-20,2019-02-01,40.660380669878975,0.7738211680060361,EPSG:32631
EMSR460_1_29UMV_x434065_y5923525_S1RTC,2019-07-04,2019-08-02,2019-09-02,2019-09-19,53.44530323480485,-9.973547001297293,EPSG:32629
EMSR265_15_31UEQ_x606185_y5410615_S1RTC,2016-12-01,2017-01-06,2017-01-21,2017-02-14,48.82773655255889,4.464164768500098,EPSG:32631
EMSR251_2_32VMK_x475905_y6499735_S1RTC,2016-09-03,2016-10-04,2016-10-16,2016-10-28,58.62586591418276,8.607053790658956,EPSG:32632
EMSR405_3_49PBQ_x304435_y1438605_S1RTC,2018-09-18,2018-10-16,2018-11-05,2018-11-09,12.995579089464021,109.20863633022577,EPSG:32649
EMSR429_3_29UMA_x494075_y6003825_S1RTC,2018-12-19,2019-01-26,2019-02-19,2019-03-13,54.17100161863815,-9.071230962885938,EPSG:32629
EMSR264_3_38LQJ_x798385_y8369365_S1RTC,2016-11-18,2016-12-12,2017-01-05,2017-01-29,-14.744407655958302,47.783102271335125,EPSG:32739
EMSR184_4_55HCD_x376345_y6339855_S1RTC,2015-08-14,2015-09-02,2015-10-01,2015-11-25,-33.084507202368506,145.68873882520148,EPSG:32755
EMSR280_5_33VVH_x452195_y6765155_S1RTC,2017-03-11,2017-04-04,2017-04-21,2017-05-22,61.007065788655574,14.13949253217607,EPSG:32633
EMSR280_4_33VWH_x535395_y6731555_S1RTC,2017-03-11,2017-04-04,2017-04-16,2017-05-10,60.70646226781438,15.671814009529086,EPSG:32633
EMSR728_1_32UNV_x523535_y5406295_S1RTC,2023-04-22,2023-05-08,2023-06-01,2023-07-03,48.797677693074704,9.337834772271098,EPSG:32632
EMSR712_8_32UNC_x579655_y5789595_S1RTC,2022-11-07,2022-11-19,2022-12-18,2022-12-30,52.239334314041486,10.185221064429424,EPSG:32633
EMSR326_2_30SUG_x348335_y4116235_S1RTC,2017-08-25,2017-09-24,2017-10-18,2017-10-19,37.168966594524285,-4.693918261344283,EPSG:32629
EMSR184_4_55HDC_x413395_y6278685_S1RTC,2015-07-28,2015-09-02,NaN,2015-10-20,-33.63972364657115,146.07987523800236,EPSG:32755
EMSR350_2_50KPC_x642095_y7752205_S1RTC,2018-02-08,2018-02-15,2018-03-23,2018-04-04,-20.334274351971132,118.37340376636375,EPSG:32750
EMSR712_4_32UNC_x513825_y5785775_S1RTC,2022-11-02,2022-11-21,2022-12-27,2023-01-20,52.21073325582912,9.220993899481774,EPSG:32632
EMSR471_5_33UXP_x658515_y5332725_S1RTC,2019-09-06,2019-09-26,2019-10-08,2019-10-20,48.116246027661425,17.146967733604775,EPSG:32634
EMSR229_5_15RVP_x413955_y3332255_S1RTC,NaN,NaN,NaN,NaN,30.107104470483737,-93.87985112970564,EPSG:32615
EMSR407_2_30UXD_x665035_y5886815_S1RTC,2018-09-13,2018-10-24,2018-11-07,2018-11-29,53.09336626265555,-0.5162663387276671,EPSG:32631
EMSR264_1_39LTF_x275265_y8550425_S1RTC,2016-11-18,2016-12-12,2017-01-05,2017-01-29,-13.11576336496535,48.93878905499816,EPSG:32739
EMSR427_7_33VVC_x438135_y6210785_S1RTC,2018-12-24,2019-01-17,2019-03-01,2019-03-18,56.02699161083162,14.027810161324835,EPSG:32633
EMSR407_2_30UXD_x688075_y5876575_S1RTC,2018-09-13,2018-10-24,2018-11-07,2018-11-29,52.99375434460618,-0.1786221212899109,EPSG:32631
EMSR502_5_29UNT_x533665_y5748255_S1RTC,2019-12-28,2020-02-02,2020-02-26,2020-03-21,51.87250732973624,-8.492484473115981,EPSG:32629
EMSR774_1_15QTA_x246405_y2027175_S1RTC,2023-09-20,2023-10-14,2023-11-04,2023-11-19,18.3078756019765,-95.38708591192365,EPSG:32615
EMSR706_7_31UDR_x418545_y5591385_S1RTC,2022-09-01,2022-10-12,2022-11-17,2022-11-29,50.457507406224806,1.8704466444480166,EPSG:32631
EMSR332_1_32TPR_x678185_y5047185_S1RTC,2017-09-14,2017-09-26,2017-10-25,2017-11-13,45.54359308654409,11.2988205423628,EPSG:32633
EMSR265_26_31UDQ_x415755_y5435205_S1RTC,2016-12-01,2017-01-07,2017-01-26,2017-02-19,49.05265251456079,1.864431522577515,EPSG:32631
EMSR777_1_16QCD_x354785_y1883445_S1RTC,2023-10-03,2023-10-27,2023-11-16,2023-11-20,17.019143211059326,-88.35230266093637,EPSG:32616
EMSR199_13_17MQM_x731845_y9108655_S1RTC,2016-02-07,2016-03-05,2016-03-26,2016-04-19,-8.069812018430943,-78.88466128355768,EPSG:32717
EMSR251_3_32VML_x501285_y6513345_S1RTC,2016-09-10,2016-10-04,2016-10-16,2016-10-21,58.748690910078885,9.044236786282335,EPSG:32632
EMSR203_3_15SVB_x491305_y4103035_S1RTC,NaN,2016-04-14,2016-05-08,2016-05-08,37.06205836715765,-93.0834610813474,EPSG:32615
EMSR192_11_32TMR_x485725_y5002485_S1RTC,2015-10-01,2015-10-24,2015-11-22,2015-12-23,45.16424942149241,8.834584110170795,EPSG:32632
EMSR229_4_14RPT_x610865_y3273205_S1RTC,2016-07-10,NaN,NaN,NaN,29.57208837554395,-97.84227261465055,EPSG:32614
EMSR347_6_36LXH_x699135_y8268515_S1RTC,2018-01-23,2018-02-28,2018-03-12,2018-03-24,-15.66497020043525,34.86976845362686,EPSG:32736
EMSR416_2_30TXP_x656325_y4843005_S1RTC,2018-10-09,2018-12-08,2018-12-08,2019-01-13,43.71185857342806,-1.0437385357356177,EPSG:32630
EMSR187_1_35TNL_x576985_y5038215_S1RTC,2015-08-29,2015-09-22,2015-10-08,2015-11-09,45.481600211083496,28.001379580961736,EPSG:32635
EMSR397_1_31TCF_x306215_y4597045_S1RTC,2018-09-04,2018-10-10,2018-10-16,2018-11-09,41.49043762928195,0.6938790950100786,EPSG:32630
EMSR779_1_33PVM_x459955_y1163255_S1RTC,2023-09-18,2023-10-24,2023-11-17,2023-12-23,10.511423269115843,14.64567867604125,EPSG:32633
EMSR274_8_39KTU_x273535_y7798035_S1RTC,2017-01-24,2017-02-17,2017-03-13,2017-04-06,-19.912510214380045,48.8488166250978,EPSG:32739
EMSR265_14_31UEQ_x507195_y5417955_S1RTC,2016-12-04,2017-01-06,2017-01-21,2017-02-14,48.90300647201841,3.1155770606325204,EPSG:32631
EMSR758_3_35TNL_x559135_y5062625_S1RTC,2023-07-22,2023-08-15,2023-09-08,2023-10-14,45.70306811429389,27.77602521016995,EPSG:32635
EMSR475_1_48QWF_x566365_y2063995_S1RTC,2019-08-25,2019-09-30,2019-10-24,2019-11-05,18.654496027789374,105.64133819461541,EPSG:32648
EMSR277_2_35TMF_x466365_y4573475_S1RTC,2017-01-25,2017-03-02,2017-03-26,2017-04-19,41.30060512677038,26.61346587913655,EPSG:32635
EMSR437_8_30TXP_x677775_y4841135_S1RTC,2019-04-07,2019-04-07,2019-05-13,2019-05-13,43.69016835645692,-0.778290723838799,EPSG:32630
EMSR779_3_33PVN_x483925_y1209945_S1RTC,2023-09-30,2023-10-24,2023-11-17,2023-12-11,10.93386328647666,14.864553479258392,EPSG:32633
EMSR311_8_17SPV_x670755_y3908755_S1RTC,2017-07-26,2017-08-19,2017-09-12,2017-10-18,35.295724152771946,-79.10805676810303,EPSG:32617
EMSR150_7_30UXE_x606355_y5986315_S1RTC,NaN,2014-11-24,NaN,NaN,54.002429907140474,-1.3578708890555173,EPSG:32631
EMSR264_6_39KUA_x312825_y8059775_S1RTC,2016-11-13,2016-12-07,2016-12-31,2017-01-24,-17.552191897460556,49.248543323323226,EPSG:32739
EMSR502_5_29UMT_x488805_y5740445_S1RTC,2019-12-28,2020-01-29,2020-02-19,2020-03-12,51.803292498353,-9.143870242410328,EPSG:32629
EMSR482_5_16PEC_x591685_y1725375_S1RTC,2019-09-20,2019-11-07,2019-11-19,2019-12-13,15.592952647448186,-86.13290873179155,EPSG:32616
EMSR482_5_16PFC_x629345_y1766525_S1RTC,2019-09-25,2019-11-02,2019-11-14,2019-12-08,15.963223144408078,-85.77945807904572,EPSG:32616
EMSR280_3_33VWH_x549285_y6697795_S1RTC,2017-03-11,2017-04-04,2017-05-10,2017-05-29,60.40187036312623,15.917627440288392,EPSG:32633
EMSR482_5_16PFC_x634465_y1748605_S1RTC,2019-09-25,2019-11-02,2019-11-14,2019-12-08,15.800980611085334,-85.73263754710202,EPSG:32616
EMSR261_1_32UND_x569845_y5841695_S1RTC,2016-10-09,2016-10-23,2016-12-10,2016-12-10,52.70900196443045,10.052698525801773,EPSG:32632
EMSR265_14_31UEQ_x553275_y5428195_S1RTC,2016-12-04,2017-01-06,2017-01-21,2017-02-14,48.99277051658375,3.7456991506861117,EPSG:32631
EMSR229_3_14RNR_x563345_y3071305_S1RTC,NaN,NaN,NaN,NaN,27.753148036368394,-98.34427160106297,EPSG:32614
EMSR352_1_39RTQ_x823285_y3428195_S1RTC,2018-02-18,2018-02-22,2018-04-07,2018-04-07,30.931151621894816,48.39635888047601,EPSG:32639
EMSR706_7_31UDR_x413425_y5593945_S1RTC,2022-09-01,2022-10-12,2022-11-17,2022-11-29,50.47980292600096,1.7977502878804599,EPSG:32631
EMSR350_4_53KMU_x419085_y7838645_S1RTC,2018-02-10,2018-02-22,2018-03-18,2018-04-11,-19.55693876278823,134.24078035295364,EPSG:32753
EMSR280_2_33VVH_x446425_y6705525_S1RTC,2017-03-11,2017-04-04,2017-04-16,2017-05-22,60.471044618875574,14.04877202990163,EPSG:32633
EMSR348_14_36KXD_x650605_y7879025_S1RTC,2018-01-23,2018-02-16,2018-03-19,2018-04-12,-19.187920348245633,34.44455053668891,EPSG:32736
EMSR165_1_31UDP_x481925_y5346345_S1RTC,2015-04-23,2015-05-01,2015-05-29,2015-07-04,48.258618432921494,2.773651691344219,EPSG:32631
EMSR397_1_31TCG_x348795_y4609145_S1RTC,2018-09-04,2018-09-28,2018-10-22,2018-11-21,41.60846860703364,1.2006600443793016,EPSG:32630
EMSR422_2_31TEG_x513685_y4656695_S1RTC,2018-11-28,2018-12-23,2019-01-16,2019-02-20,42.05068900788275,3.1807813978804496,EPSG:32631
EMSR264_12_38KQA_x775505_y7498955_S1RTC,2016-11-13,2017-01-05,2017-01-05,2017-01-29,-22.6052231050595,47.69230871164477,EPSG:32739
EMSR200_12_56JMP_x495985_y6811045_S1RTC,2016-02-02,2016-02-26,2016-03-26,2016-04-14,-28.83973352790191,152.97191178186122,EPSG:32756
EMSR251_2_32VMK_x493825_y6497175_S1RTC,2016-09-03,2016-10-04,2016-10-16,2016-10-28,58.603446479194844,8.915679338403672,EPSG:32632
EMSR471_1_34UDV_x449945_y5436205_S1RTC,2019-09-04,2019-09-08,2019-10-10,2019-11-03,49.06530295294785,20.33220731800331,EPSG:32634
EMSR481_3_16PFC_x624225_y1769085_S1RTC,2019-09-25,2019-10-07,2019-10-31,2019-11-02,15.986627624541494,-85.82715834487803,EPSG:32616
EMSR203_3_15SVB_x493865_y4133755_S1RTC,NaN,2016-04-14,2016-05-08,2016-05-08,37.33898889770158,-93.05486595571324,EPSG:32615
EMSR280_2_33VVH_x474585_y6705525_S1RTC,2017-03-11,2017-04-04,2017-04-16,2017-05-22,60.47371376965948,14.560915826740514,EPSG:32633
EMSR779_3_33PWN_x500235_y1268825_S1RTC,2023-09-30,2023-11-05,2023-11-17,2023-12-11,11.466396960602278,15.013844509722805,EPSG:32633
EMSR712_9_32UNC_x598415_y5796355_S1RTC,2022-11-04,2022-11-19,2022-12-18,2023-02-01,52.297013095565354,10.461871266231151,EPSG:32633
EMSR203_2_15SVA_x413805_y4060645_S1RTC,NaN,2016-04-14,2016-05-08,2016-06-13,36.676165209836455,-93.95038610071062,EPSG:32615
EMSR694_2_30TUK_x396585_y4463615_S1RTC,2022-07-18,2022-07-30,2022-09-04,2022-09-17,40.30533163083235,-4.20193942808235,EPSG:32630
EMSR203_3_15SWB_x511135_y4115705_S1RTC,NaN,2016-04-14,2016-05-08,2016-05-08,37.17621578490964,-92.86020105661238,EPSG:32615
EMSR264_6_39KUA_x320505_y8052095_S1RTC,2016-11-13,2016-12-07,2016-12-31,2017-01-24,-17.622208254612833,49.32023625485491,EPSG:32739
EMSR472_1_48QXE_x639545_y1957935_S1RTC,2019-08-29,2019-09-10,2019-10-12,2019-10-16,17.69248697904457,106.32783432525598,EPSG:32648
EMSR264_8_39KTU_x288295_y7835775_S1RTC,2016-11-13,2016-12-07,2016-12-31,2017-01-24,-19.573315808045027,48.99401195943535,EPSG:32739
EMSR385_5_17RQK_x736625_y2943095_S1RTC,2018-07-14,2018-08-19,2018-08-31,2018-09-27,26.57713628733826,-78.61147023025256,EPSG:32617
EMSR779_3_33PVP_x455875_y1311705_S1RTC,2023-09-30,2023-11-05,2023-11-17,2023-12-11,11.853913678038968,14.606585295817,EPSG:32633
EMSR778_12_16PFB_x614035_y1632515_S1RTC,2023-09-16,2023-11-03,2023-11-15,2023-11-27,14.752624525656124,-85.92869979089465,EPSG:32616
EMSR554_3_55JGG_x721425_y6651025_S1RTC,2020-09-28,2020-11-15,2020-11-27,2020-12-23,-30.26348274250704,149.3148519675624,EPSG:32755
EMSR200_4_55KFS_x699235_y7684285_S1RTC,NaN,NaN,NaN,NaN,-20.942497329351813,148.92829077416013,EPSG:32756
EMSR258_13_34TDK_x427205_y4467915_S1RTC,2016-09-29,2016-11-16,2016-11-28,2016-12-23,40.34724971417783,20.157857483008573,EPSG:32634
EMSR402_1_49PBR_x291795_y1541785_S1RTC,2018-09-06,2018-10-16,2018-10-28,2018-11-09,13.927220934332302,109.08473674289067,EPSG:32649
EMSR279_1_30TWN_x531735_y4769935_S1RTC,2017-02-21,2017-03-29,2017-04-10,2017-04-22,43.069928099486795,-2.5945509662206163,EPSG:32630
EMSR502_5_29UMT_x501605_y5748125_S1RTC,2019-12-28,2020-01-29,2020-02-19,2020-03-12,51.8724255428104,-8.958167213115694,EPSG:32629
EMSR482_5_16PFC_x624225_y1763965_S1RTC,2019-09-25,2019-11-02,2019-11-14,2019-12-08,15.940350307982497,-85.82742765365812,EPSG:32616
EMSR481_3_16PFC_x626785_y1756285_S1RTC,2019-09-25,2019-10-07,2019-10-31,2019-11-02,15.870803159292734,-85.80392327513192,EPSG:32616
EMSR233_10_19QDB_x406235_y2145555_S1RTC,2016-08-07,2016-08-31,2016-08-31,2016-09-24,19.39056889000268,-69.8808139982697,EPSG:32619
EMSR742_1_34VFJ_x653475_y6308505_S1RTC,2023-06-19,2023-07-06,2023-07-30,2023-09-04,56.88294977830893,23.5397817757632,EPSG:32635
EMSR251_2_32VML_x465875_y6505875_S1RTC,2016-09-10,2016-10-04,2016-10-16,2016-10-28,58.68036400512832,8.433458856066324,EPSG:32632
EMSR407_2_30UXD_x662475_y5871455_S1RTC,2018-09-13,2018-10-26,2018-11-07,2018-12-01,52.95620597535006,-0.5622541983664137,EPSG:32631
EMSR779_1_33PWM_x541205_y1106935_S1RTC,2023-09-18,2023-10-24,2023-11-17,2023-12-23,10.002012889181362,15.38760671481847,EPSG:32633
EMSR348_2_36KZE_x226185_y7940945_S1RTC,2018-01-30,2018-02-23,2018-03-14,2018-04-12,-18.61625713780689,36.417109889106186,EPSG:32737
EMSR479_1_15QVA_x408225_y2020895_S1RTC,2019-09-12,2019-10-06,2019-11-08,2019-11-23,18.264128436169866,-93.85613945403495,EPSG:32615
EMSR260_2_32TPQ_x621595_y4978515_S1RTC,2016-10-18,2016-11-11,2016-12-06,2016-12-13,44.937976533955975,10.557281422775805,EPSG:32632
EMSR777_1_16QCE_x316535_y1942255_S1RTC,2023-09-29,2023-11-04,2023-11-16,2023-11-28,17.547799732100255,-88.71647024238385,EPSG:32616
EMSR777_5_16QCE_x349895_y1956315_S1RTC,2023-09-29,2023-11-04,2023-11-16,2023-11-28,17.677323950256742,-88.40323325529818,EPSG:32616
EMSR728_6_32UPU_x639455_y5331485_S1RTC,2023-04-21,2023-04-29,2023-06-04,2023-06-16,48.10959388727055,10.890619271285162,EPSG:32632
EMSR311_3_17SPT_x693705_y3725735_S1RTC,2017-08-07,2017-08-19,2017-09-12,2017-10-06,33.64213375956159,-78.8975945721926,EPSG:32617
EMSR437_1_30TXP_x644015_y4823085_S1RTC,2019-03-27,2019-04-12,2019-05-13,2019-05-26,43.53509825248043,-1.2018160005601948,EPSG:32630
EMSR184_4_55HDC_x410835_y6271005_S1RTC,2015-07-28,2015-09-02,NaN,2015-10-20,-33.70877462228272,146.05151355358998,EPSG:32755
EMSR203_4_15SVA_x421255_y4022055_S1RTC,NaN,2016-04-14,2016-05-08,2016-05-08,36.32894519519612,-93.86314791896511,EPSG:32615
EMSR481_1_16PDC_x418555_y1738965_S1RTC,2019-09-18,2019-10-24,2019-11-05,2019-12-01,15.716243235333998,-87.7482461889306,EPSG:32616
EMSR504_2_56JML_x471385_y6523355_S1RTC,2020-01-24,2020-02-17,2020-03-24,2020-04-17,-31.435647022989002,152.71229982741696,EPSG:32756
EMSR777_1_16QCE_x311415_y1932015_S1RTC,2023-09-29,2023-11-04,2023-11-16,2023-11-28,17.45485965843535,-88.76379782086562,EPSG:32616
EMSR629_2_42RVR_x467075_y3072915_S1RTC,2021-07-06,2021-08-03,2021-08-23,2021-09-20,27.76886384830927,68.67878394861283,EPSG:32642
EMSR279_11_31TCE_x323815_y4498835_S1RTC,2017-03-01,2017-03-13,2017-04-12,2017-05-06,40.610364839518226,0.9324491986315596,EPSG:32631
EMSR771_8_32TPQ_x626095_y4974995_S1RTC,2023-08-15,2023-10-02,2023-10-14,2023-11-07,44.90551007390662,10.613406194877822,EPSG:32632
EMSR504_6_56HKH_x283685_y6252245_S1RTC,2020-01-17,2020-03-08,2020-03-20,2020-04-13,-33.859689221345675,150.67547168065843,EPSG:32756
EMSR264_9_39KTU_x275275_y7803675_S1RTC,2016-11-13,2016-12-31,2017-01-12,2017-01-24,-19.861778433178767,48.86611229876682,EPSG:32739
EMSR498_1_31TDK_x407985_y4988795_S1RTC,2019-12-10,2020-01-04,2020-01-27,2020-02-21,45.035324521931244,1.8479925919532258,EPSG:32631
EMSR427_7_33VVC_x438135_y6238945_S1RTC,2018-12-24,2019-01-17,2019-03-01,2019-03-18,56.27996463493511,14.02140113209072,EPSG:32633
EMSR249_3_29UMV_x502755_y5907485_S1RTC,2016-09-02,2016-09-14,2016-10-13,2016-11-01,53.305073323405544,-8.939522515042183,EPSG:32629
EMSR777_1_16QBE_x298945_y1903985_S1RTC,NaN,2023-11-04,2023-11-16,2023-11-28,17.20055119138881,-88.87859904247395,EPSG:32616
EMSR773_6_31TBE_x752975_y4491505_S1RTC,2023-09-20,2023-10-02,2023-11-01,2023-12-07,40.52383854682745,0.0014180989194122057,EPSG:32631
EMSR260_8_32TPQ_x651265_y4954215_S1RTC,2016-10-18,2016-11-11,2016-12-12,2016-12-17,44.71360187457301,10.92583701878431,EPSG:32632
EMSR350_2_50KPC_x644655_y7741965_S1RTC,2018-02-08,2018-02-15,2018-03-23,2018-04-04,-20.42658395240239,118.39875564064401,EPSG:32750
EMSR330_3_33SWB_x502565_y4131465_S1RTC,2017-08-29,2017-09-28,2017-10-22,2017-10-22,37.3183517868283,15.043339024090749,EPSG:32633
EMSR274_6_39KTV_x297825_y7901405_S1RTC,2017-02-05,2017-02-17,2017-03-25,2017-04-06,-18.981509456463524,49.091700267413735,EPSG:32739
EMSR783_1_30VVJ_x469445_y6363165_S1RTC,2023-11-15,2023-12-09,2023-12-26,2024-01-19,57.398846941398396,-3.487218718763874,EPSG:32630
EMSR472_4_48PZC_x198335_y1765275_S1RTC,2019-08-20,2019-09-17,2019-10-11,2019-10-19,15.937113765688558,108.19423103869055,EPSG:32648
EMSR261_2_32UNC_x580875_y5728805_S1RTC,2016-10-14,2016-10-21,2016-12-10,2017-01-15,51.69270918306457,10.18853917293889,EPSG:32633
EMSR279_1_30TWN_x501015_y4723855_S1RTC,2017-02-21,2017-03-29,2017-04-10,2017-04-22,42.65567839554825,-2.9720602230915683,EPSG:32630
EMSR200_3_55KFS_x703805_y7660645_S1RTC,NaN,NaN,NaN,NaN,-21.155469192603764,148.97503520306324,EPSG:32756
EMSR279_1_30TWN_x501015_y4752015_S1RTC,2017-02-21,2017-03-29,2017-04-10,2017-04-22,42.9092713889339,-2.971945961321565,EPSG:32630
EMSR265_9_31UDP_x503615_y5353665_S1RTC,2016-11-19,2016-12-25,2017-01-21,2017-02-19,48.32467833517221,3.065968541323241,EPSG:32631
EMSR629_3_42RVS_x451185_y3111895_S1RTC,2021-06-24,2021-07-22,2021-08-23,2021-08-27,28.12026944806864,68.51595394836305,EPSG:32642
EMSR326_3_30SUF_x308835_y4062125_S1RTC,2017-08-31,2017-09-25,2017-10-18,2017-10-19,36.674334820494444,-5.124999659909542,EPSG:32630
EMSR352_1_39RTQ_x836085_y3487075_S1RTC,2018-02-17,2018-02-22,2018-04-06,2018-04-06,31.457819809400945,48.54985719199929,EPSG:32639
EMSR429_7_29UNV_x591105_y5910575_S1RTC,2018-12-31,2019-01-29,2019-02-19,2019-02-22,53.324802515267464,-7.612991926424663,EPSG:32629
EMSR167_3_31UFS_x679135_y5670515_S1RTC,2015-04-26,2015-05-03,2015-06-05,2015-07-02,51.14614211683239,5.579352026177266,EPSG:32631
EMSR706_1_31UDS_x436245_y5637115_S1RTC,2022-09-01,2022-10-12,2022-11-17,2022-11-29,50.87086203028635,2.1120412923582355,EPSG:32631
EMSR203_4_15SVV_x413375_y3986585_S1RTC,2016-03-02,2016-04-14,2016-05-01,2016-05-08,36.00853641889485,-93.94707911744199,EPSG:32615
EMSR470_1_31PBM_x208575_y1145075_S1RTC,2019-08-21,2019-09-14,2019-10-20,2019-10-20,10.336303157677914,0.3506567173319587,EPSG:32631
EMSR342_7_54KVE_x488435_y7984425_S1RTC,2017-12-09,2018-01-02,2018-02-19,2018-03-03,-18.240982696016207,140.90266552242397,EPSG:32754
EMSR774_1_15QTA_x228485_y2039975_S1RTC,2023-09-20,2023-10-14,2023-11-04,2023-11-19,18.421255855190157,-95.55820204583283,EPSG:32615
EMSR472_4_48PZC_x241855_y1701275_S1RTC,2019-08-20,2019-09-17,2019-10-11,2019-10-19,15.363924231852804,108.60718378911494,EPSG:32648
EMSR774_1_15QTA_x218245_y2016935_S1RTC,2023-09-20,2023-10-14,2023-11-04,2023-11-19,18.211906883855086,-95.65189068158901,EPSG:32615
EMSR264_16_38KND_x523625_y7823485_S1RTC,2016-11-23,2016-12-17,2017-01-10,2017-02-03,-19.69537971327476,45.2375836073115,EPSG:32738
EMSR427_2_33VVE_x410205_y6413685_S1RTC,2018-12-24,2019-01-17,2019-02-17,2019-03-18,57.844828834530865,13.508805030488828,EPSG:32633
EMSR352_1_39RTQ_x856565_y3451235_S1RTC,2018-02-17,2018-02-22,2018-04-06,2018-04-06,31.12898904088415,48.75215191871814,EPSG:32639
EMSR793_1_37LFD_x644115_y8353485_S1RTC,2024-01-13,2024-02-18,2024-03-13,2024-03-25,-14.900753675483626,40.351640168426684,EPSG:32737
EMSR261_1_32UND_x569845_y5844255_S1RTC,2016-10-09,2016-10-23,2016-12-10,2016-12-10,52.732012105758514,10.053252737132622,EPSG:32632
EMSR251_3_32VML_x478245_y6523585_S1RTC,2016-09-10,2016-10-04,2016-10-16,2016-10-21,58.84017589033376,8.645172297605551,EPSG:32632
EMSR184_4_55HCD_x376345_y6301455_S1RTC,2015-08-14,2015-09-02,2015-10-01,2015-11-25,-33.43078401894671,145.68355478495383,EPSG:32755
EMSR472_1_48QXE_x636985_y1988655_S1RTC,2019-08-29,2019-09-10,2019-10-12,2019-10-16,17.970247885782015,106.30572133640317,EPSG:32648
EMSR337_1_34SEG_x553745_y4151995_S1RTC,2017-11-07,2017-12-18,2018-01-11,2018-02-10,37.50177300392145,21.622479601524713,EPSG:32634
EMSR167_1_31UFS_x616345_y5672435_S1RTC,2015-04-26,2015-05-03,2015-06-01,2015-07-02,51.17975012695361,4.682786235897347,EPSG:32631
EMSR280_3_33VWH_x556965_y6715715_S1RTC,2017-03-11,2017-04-04,2017-05-10,2017-05-29,60.56170633076863,16.062234367344075,EPSG:32633
EMSR264_17_38KMD_x485605_y7810655_S1RTC,NaN,2016-12-17,2017-01-10,2017-02-03,-19.811436933170057,44.87472463156145,EPSG:32738
EMSR166_4_33UUP_x363435_y5359625_S1RTC,2015-04-22,2015-05-04,2015-06-09,2015-06-09,48.3638149008441,13.173436722430084,EPSG:32633
EMSR187_1_35TNL_x564185_y5066375_S1RTC,2015-08-29,2015-09-22,2015-10-08,2015-11-09,45.736358397299696,27.841397032986567,EPSG:32635
EMSR470_1_31PBM_x216255_y1122035_S1RTC,2019-08-21,2019-09-14,2019-10-20,2019-10-20,10.128699902115148,0.4224138249390089,EPSG:32631
EMSR229_3_14RPR_x610355_y3084285_S1RTC,2016-07-10,NaN,NaN,NaN,27.867218581041513,-97.86608377030396,EPSG:32614
EMSR184_4_55HCC_x360015_y6286805_S1RTC,2015-07-28,2015-09-02,2015-10-01,2015-10-20,-33.56088842582741,145.50567335482225,EPSG:32755
EMSR759_1_34UCU_x346995_y5297635_S1RTC,2023-07-26,2023-08-11,2023-09-16,2023-10-10,47.80270307226753,18.973636396592713,EPSG:32633
EMSR192_7_32TLQ_x388375_y4984605_S1RTC,2015-09-23,2015-10-29,2015-11-22,2015-12-04,44.99483554690609,7.600017080857984,EPSG:32632
EMSR200_12_56JNP_x511225_y6803365_S1RTC,2016-01-26,2016-02-26,2016-04-02,2016-04-26,-28.908996155750827,153.12822463631852,EPSG:32756
EMSR192_8_32TMR_x416655_y5003755_S1RTC,2015-09-23,2015-10-29,2015-11-22,2015-11-23,45.17102574238546,7.955592693344407,EPSG:32632
EMSR200_2_55KFT_x659295_y7735385_S1RTC,NaN,NaN,NaN,NaN,-20.48483719683073,148.53963766070223,EPSG:32755
EMSR779_1_33PVN_x488185_y1203305_S1RTC,2023-09-30,2023-10-24,2023-11-17,2023-12-11,10.873825582233849,14.903559415147974,EPSG:32633
EMSR586_3_56HKH_x306925_y6294795_S1RTC,2021-05-02,2021-06-07,2021-07-01,2021-07-25,-33.48064600214088,150.9357248323937,EPSG:32756
EMSR200_12_56JNP_x508665_y6831525_S1RTC,2016-01-26,2016-03-02,2016-04-07,2016-05-01,-28.65483948526959,153.1017173576115,EPSG:32756
EMSR742_1_34VFJ_x661155_y6293145_S1RTC,2023-06-19,2023-07-06,2023-07-30,2023-09-04,56.74248396818857,23.655902263221623,EPSG:32635
EMSR779_1_33PVM_x488115_y1191415_S1RTC,2023-09-18,2023-10-24,2023-11-17,2023-12-23,10.7662910409821,14.902953510945276,EPSG:32633
EMSR203_2_15SVB_x416585_y4149465_S1RTC,NaN,2016-04-14,2016-05-08,2016-06-13,37.47695625273776,-93.92899377741583,EPSG:32615
EMSR507_2_51LZL_x819865_y9048385_S1RTC,2020-02-10,2020-03-05,2020-03-29,2020-04-10,-8.609366401806419,125.91746241665828,EPSG:32751
EMSR283_10_32VNP_x522415_y6848105_S1RTC,2017-03-26,2017-04-07,2017-05-08,2017-06-01,61.75375125895259,9.44868071605751,EPSG:32632
EMSR264_18_38KND_x538705_y7844015_S1RTC,2016-11-23,2016-12-17,2017-01-10,2017-02-03,-19.50960426896254,45.38103061368754,EPSG:32738
EMSR483_2_33SXD_x678075_y4327805_S1RTC,2019-10-07,2019-10-25,2019-11-18,2019-12-06,39.069458120591115,17.073147920792277,EPSG:32633
EMSR777_5_16QCE_x311495_y1928155_S1RTC,2023-09-29,2023-11-04,2023-11-16,2023-11-28,17.419991794158097,-88.76270967751668,EPSG:32616
EMSR479_1_15QVA_x454305_y2020895_S1RTC,2019-09-12,2019-10-06,2019-11-08,2019-11-23,18.26558233119695,-93.42023094218459,EPSG:32615
EMSR706_1_31UDS_x433685_y5619195_S1RTC,2022-09-01,2022-10-12,2022-11-17,2022-11-29,50.70944909732561,2.0788362203955315,EPSG:32631
EMSR203_3_15SVB_x468265_y4136315_S1RTC,NaN,2016-04-14,2016-05-08,2016-05-08,37.36157704822391,-93.34397431637257,EPSG:32615
EMSR427_7_33VVC_x440695_y6233825_S1RTC,2018-12-24,2019-01-17,2019-03-01,2019-03-18,56.234289632497024,14.063865163582358,EPSG:32633
EMSR229_4_14RNS_x560845_y3170755_S1RTC,2016-07-10,NaN,NaN,NaN,28.650949155552148,-98.36434805747022,EPSG:32614
EMSR429_3_29UMV_x465765_y5968885_S1RTC,2018-12-17,2019-01-29,2019-02-19,2019-02-22,53.855939433459746,-9.501099207657052,EPSG:32629
EMSR467_3_32TLP_x381265_y4860465_S1RTC,2019-08-09,2019-09-15,2019-10-08,2019-11-01,43.8764555612421,7.5379753754318415,EPSG:32631
EMSR280_4_33VWH_x532835_y6754595_S1RTC,2017-03-11,2017-04-04,2017-04-16,2017-05-10,60.91353356281634,15.628961941444643,EPSG:32633
EMSR328_1_13QCF_x401315_y2512565_S1RTC,2017-09-01,2017-10-07,2017-10-17,2017-10-29,22.706037232014154,-105.94844074121698,EPSG:32613
EMSR261_3_32UPD_x613115_y5821625_S1RTC,2016-09-29,2016-10-30,2016-12-13,2017-01-01,52.5212367850677,10.68597894719545,EPSG:32632
EMSR664_6_32TPQ_x696665_y4935195_S1RTC,2022-03-04,2022-04-09,2022-05-15,2022-06-13,44.53143763122693,11.4912068516667,EPSG:32633
EMSR427_2_33VVD_x413855_y6391285_S1RTC,2018-12-24,2019-01-17,2019-02-17,2019-03-18,57.644392423052835,13.578187904711118,EPSG:32632
EMSR330_3_33SVB_x491785_y4128905_S1RTC,2017-08-29,2017-09-22,2017-10-21,2017-11-15,37.295258079615486,14.921697697698347,EPSG:32633
EMSR192_14_32TMQ_x466165_y4974205_S1RTC,2015-09-23,2015-11-06,2015-11-22,2015-12-24,44.909051536606604,8.587534246008813,EPSG:32632
EMSR200_2_55KFT_x656735_y7732825_S1RTC,NaN,NaN,NaN,NaN,-20.50817746231606,148.51532472320352,EPSG:32755
EMSR706_1_31UDR_x443765_y5584485_S1RTC,2022-09-01,2022-10-12,2022-11-17,2022-11-29,50.39836460035691,2.2267078059806233,EPSG:32631
EMSR712_6_32UNC_x558635_y5760635_S1RTC,2022-11-09,2022-11-21,2022-12-27,2023-01-20,51.9816807053527,9.872332685879053,EPSG:32633
EMSR203_3_15SWA_x526575_y4081815_S1RTC,NaN,2016-04-14,2016-05-08,2016-05-08,36.87038967799469,-92.68752449470284,EPSG:32615
EMSR280_4_33VWH_x545635_y6739235_S1RTC,2017-03-11,2017-04-04,2017-04-16,2017-05-10,60.77433613264476,15.861239166175178,EPSG:32633
EMSR416_1_30TXP_x659095_y4832195_S1RTC,2018-10-09,2018-11-27,2018-12-08,2019-01-13,43.6139901085733,-1.0125880835592915,EPSG:32630
EMSR694_2_30TUK_x388905_y4455935_S1RTC,2022-07-18,2022-07-30,2022-09-04,2022-09-17,40.23518308327698,-4.290977210365288,EPSG:32630
EMSR264_16_38KND_x508265_y7836285_S1RTC,2016-11-23,2016-12-17,2017-01-10,2017-02-03,-19.579839711565416,45.090961095934325,EPSG:32738
EMSR352_1_39RTQ_x843765_y3471715_S1RTC,2018-02-17,2018-02-22,2018-04-06,2018-04-06,31.317245703645348,48.62520936575114,EPSG:32639
EMSR793_1_37LFD_x644115_y8333005_S1RTC,2024-01-13,2024-02-18,2024-03-13,2024-03-25,-15.085866277224165,40.35280314452358,EPSG:32737
EMSR550_1_56JKP_x229295_y6846555_S1RTC,2020-09-16,2020-10-12,2020-11-05,2020-12-11,-28.49133069268264,150.24772637599332,EPSG:32756
EMSR472_4_48PZC_x208575_y1731995_S1RTC,2019-08-20,2019-09-17,2019-10-11,2019-10-19,15.637804102379006,108.29379308890752,EPSG:32648
EMSR481_1_16PCB_x403585_y1681725_S1RTC,2019-09-20,2019-10-20,2019-11-05,2019-12-07,15.198283289444754,-87.88575265718497,EPSG:32616
EMSR332_1_32TPR_x662825_y5029265_S1RTC,2017-09-14,2017-09-26,2017-10-25,2017-11-13,45.38618953624332,11.096218212952259,EPSG:32633
EMSR333_7_33SUB_x351835_y4137975_S1RTC,2017-09-27,2017-10-21,2017-11-02,2017-11-08,37.36540620717835,13.341196379026508,EPSG:32633
EMSR706_1_31UCS_x403495_y5621845_S1RTC,2022-09-06,2022-10-12,2022-11-17,2022-12-23,50.72911206071939,1.650676501077039,EPSG:32631
EMSR471_5_33UXP_x648275_y5348085_S1RTC,2019-09-06,2019-09-26,2019-10-08,2019-10-20,48.25684036255549,17.014880328219647,EPSG:32634
EMSR422_1_31TEG_x513465_y4653365_S1RTC,2018-11-28,2019-01-03,2019-01-27,2019-02-20,42.02070129332577,3.1780391325983812,EPSG:32631
EMSR279_2_30TWN_x580985_y4752455_S1RTC,2017-02-09,2017-03-24,2017-04-10,2017-04-29,42.9088016664882,-1.992271265155753,EPSG:32630
EMSR200_6_55KEU_x568925_y7800805_S1RTC,NaN,NaN,NaN,NaN,-19.899229938241287,147.67065697331637,EPSG:32755
EMSR421_2_31TCH_x384705_y4763305_S1RTC,2018-11-21,2018-12-27,2019-01-20,2019-02-13,43.00239320181784,1.6010805843713363,EPSG:32631
EMSR649_1_33SVA_x493475_y4068155_S1RTC,2021-12-18,2022-01-23,2022-02-04,2022-02-16,36.74764483858532,14.94118915554257,EPSG:32633
EMSR200_2_55KFT_x695135_y7737945_S1RTC,NaN,NaN,NaN,NaN,-20.458332499359244,148.88288333739055,EPSG:32755
EMSR283_10_32VNP_x524975_y6855785_S1RTC,2017-03-26,2017-04-07,2017-05-08,2017-06-01,61.822523838195046,9.498278887441707,EPSG:32632
EMSR352_8_39RTQ_x282765_y3461095_S1RTC,2018-02-17,2018-02-22,2018-04-06,2018-05-12,31.252644426697866,48.73210840085996,EPSG:32639
EMSR203_3_15SVB_x473385_y4131195_S1RTC,NaN,2016-04-14,2016-05-08,2016-05-08,37.31558039367795,-93.28598160379124,EPSG:32615
EMSR779_3_33PVN_x466005_y1263705_S1RTC,2023-09-30,2023-10-24,2023-11-17,2023-12-11,11.419939989011024,14.700055245906732,EPSG:32633
EMSR352_1_38RQU_x796575_y3391715_S1RTC,2018-02-10,2018-02-22,2018-04-07,2018-04-07,30.60949870456738,48.10662834408859,EPSG:32638
EMSR777_1_16QCE_x319095_y1949935_S1RTC,2023-09-29,2023-11-04,2023-11-16,2023-11-28,17.617396493370695,-88.69300525029531,EPSG:32616
EMSR283_2_32VPP_x345655_y6793415_S1RTC,2017-03-28,2017-04-09,2017-05-08,2017-05-20,61.23353336779906,12.148281710315889,EPSG:32632
EMSR264_1_39LUF_x311395_y8548055_S1RTC,2016-11-18,2016-12-12,2017-01-05,2017-01-29,-13.139635906825415,49.27178778962022,EPSG:32739
EMSR279_6_30TYM_x713625_y4596055_S1RTC,2017-02-17,2017-03-18,2017-04-11,2017-05-05,41.4758410778544,-0.4262634193461731,EPSG:32631
EMSR165_5_31UDQ_x405485_y5426135_S1RTC,2015-04-24,2015-04-28,2015-06-03,2015-06-10,48.969614224152814,1.7259890095358643,EPSG:32631
EMSR342_4_54KWC_x558925_y7707755_S1RTC,2017-12-16,2017-12-28,2018-02-02,2018-03-10,-20.74035472275509,141.57824114194716,EPSG:32754
EMSR352_1_39RTQ_x851445_y3464035_S1RTC,2018-02-17,2018-02-22,2018-04-06,2018-04-06,31.24579304997097,48.70305184074138,EPSG:32639
EMSR280_5_33VVH_x470115_y6765155_S1RTC,2017-03-11,2017-04-04,2017-04-21,2017-05-22,61.00877227566723,14.470876103380755,EPSG:32633
EMSR264_1_39LUF_x308835_y8530135_S1RTC,2016-11-18,2016-12-12,2017-01-05,2017-01-29,-13.30144259212955,49.24702150643751,EPSG:32739
EMSR568_1_37LFE_x669585_y8401245_S1RTC,2021-02-03,2021-02-21,2021-03-17,2021-03-17,-14.467580284506273,40.585251956567305,EPSG:32737
EMSR277_3_35TMF_x445885_y4542555_S1RTC,2017-01-24,2017-03-02,2017-03-26,2017-04-19,41.021013702628466,26.37151391738202,EPSG:32635
EMSR684_8_33VWH_x540515_y6724905_S1RTC,2022-06-20,2022-07-19,2022-08-12,2022-09-05,60.64625873483117,15.764189268640727,EPSG:32633
EMSR756_5_33UYR_x723765_y5535575_S1RTC,2023-08-07,2023-08-16,2023-09-09,2023-10-11,49.91866086431589,18.13505563470418,EPSG:32634
EMSR424_1_38LQJ_x747195_y8303895_S1RTC,2018-12-07,NaN,2019-02-05,2019-02-05,-15.341082766000559,47.31435341800113,EPSG:32738
EMSR279_2_30TXN_x621455_y4760545_S1RTC,2017-02-09,2017-03-18,2017-04-10,2017-04-17,42.97619188033329,-1.4948582636874717,EPSG:32630
EMSR568_1_37LFE_x654225_y8393565_S1RTC,2021-02-03,2021-02-21,2021-03-17,2021-03-17,-14.537914512165013,40.443223988155545,EPSG:32737
EMSR477_1_16PFA_x701375_y1565685_S1RTC,2019-09-15,2019-10-14,2019-11-02,2019-12-01,14.143515541667911,-85.12257764538633,EPSG:32616
EMSR203_3_15SVA_x432285_y4094625_S1RTC,NaN,2016-04-14,2016-05-08,2016-05-08,36.983929248567954,-93.74655467157599,EPSG:32615
EMSR636_9_51PUS_x361255_y1627875_S1RTC,2021-07-26,2021-09-12,2021-09-24,2021-10-06,14.709637215523653,121.72309772527437,EPSG:32651
EMSR165_7_31UDP_x454895_y5389195_S1RTC,2015-04-23,2015-04-28,2015-06-03,2015-07-09,48.64280346682691,2.4050007619662708,EPSG:32631
EMSR280_5_33VVH_x472675_y6772835_S1RTC,2017-03-11,2017-04-04,2017-04-21,2017-05-22,61.077897055256145,14.51717233400716,EPSG:32633
EMSR479_1_15QVA_x436385_y2008095_S1RTC,2019-09-12,2019-10-06,2019-11-08,2019-11-23,18.14944896966113,-93.58936644812897,EPSG:32615
EMSR328_1_13QCF_x398755_y2533045_S1RTC,2017-09-01,2017-10-07,2017-10-17,2017-10-29,22.89087035347089,-105.9746780681345,EPSG:32613
EMSR279_3_30TXM_x621545_y4674255_S1RTC,2017-02-09,2017-03-24,2017-04-17,2017-04-17,42.199337671456476,-1.5123468902958204,EPSG:32630
EMSR251_3_32VML_x501285_y6526145_S1RTC,2016-09-10,2016-10-04,2016-10-16,2016-10-21,58.863646611483574,9.044383351295634,EPSG:32632
EMSR311_3_17SQT_x741765_y3759935_S1RTC,2017-07-26,2017-08-19,2017-09-12,2017-10-06,33.94037382982838,-78.37039764323426,EPSG:32617
EMSR274_6_39KTV_x282465_y7916765_S1RTC,2017-02-05,2017-02-17,2017-03-18,2017-04-06,-18.841217918939567,48.94756012018423,EPSG:32739
EMSR548_1_33SWB_x505245_y4173385_S1RTC,2020-08-19,2020-09-24,2020-10-24,2020-11-11,37.69618896902563,15.073957866981276,EPSG:32633
EMSR203_3_15SWA_x508655_y4058775_S1RTC,NaN,2016-04-14,2016-05-08,2016-05-08,36.663047988678166,-92.88888535275036,EPSG:32615
EMSR417_1_29TNE_x512825_y4438805_S1RTC,2018-10-17,2018-11-28,2018-12-17,2019-01-03,40.08793208671364,-8.834604354570882,EPSG:32629
EMSR511_2_34WFV_x630605_y7413585_S1RTC,2020-04-13,2020-04-14,2020-05-15,2020-05-27,66.80044531927348,24.000976366601936,EPSG:32635
EMSR203_2_15SVB_x414025_y4146905_S1RTC,NaN,2016-04-14,2016-05-08,2016-06-13,37.45365318417075,-93.95764907673558,EPSG:32615
EMSR492_1_30TXP_x653995_y4836225_S1RTC,2019-11-21,2019-12-03,2020-01-02,2020-01-14,43.651337166559635,-1.074597087947357,EPSG:32630
EMSR279_5_30TXM_x677175_y4610885_S1RTC,2017-02-17,2017-03-12,2017-04-11,2017-04-17,41.61826551759139,-0.8580791696476014,EPSG:32631
EMSR557_4_32VNR_x536735_y7011275_S1RTC,2020-11-12,2020-12-06,2021-01-09,2021-01-28,63.21708102218728,9.756038821275485,EPSG:32633
EMSR664_7_32TQQ_x286055_y4912015_S1RTC,2022-03-12,2022-04-05,2022-05-15,2022-05-16,44.318786710187354,12.333101388521928,EPSG:32633
EMSR437_2_30TXP_x666715_y4838545_S1RTC,2019-03-27,2019-04-19,2019-05-13,2019-05-13,43.669447903251104,-0.9162413033904466,EPSG:32630
EMSR184_8_55HED_x594005_y6312425_S1RTC,NaN,2015-09-09,2015-09-21,2015-10-15,-33.33460397346338,148.02381586388307,EPSG:32755
EMSR548_1_33SWB_x515485_y4175945_S1RTC,2020-08-19,2020-09-24,2020-10-24,2020-11-11,37.7191329585886,15.190171096712257,EPSG:32633
EMSR342_7_54KVE_x475635_y7969065_S1RTC,2017-12-09,2018-01-02,2018-02-19,2018-03-03,-18.379710932096522,140.7814149507359,EPSG:32754
EMSR280_3_33VWH_x554405_y6695235_S1RTC,2017-03-11,2017-04-04,2017-05-10,2017-05-29,60.378215830262974,16.00982371714256,EPSG:32633
EMSR634_9_33TUJ_x355375_y4837705_S1RTC,2021-07-15,2021-09-05,2021-09-12,2021-09-13,43.66705046349245,13.221943124014391,EPSG:32633
EMSR397_1_31TCG_x323195_y4627065_S1RTC,2018-09-04,2018-09-28,2018-10-22,2018-11-21,41.76454984685481,0.888344932722004,EPSG:32630
EMSR397_1_31TCG_x333435_y4616825_S1RTC,2018-09-04,2018-09-28,2018-10-22,2018-11-21,41.67457036484913,1.01430097174073,EPSG:32630
EMSR243_1_19QGA_x753615_y2003615_S1RTC,2016-07-28,NaN,2016-09-14,2016-10-13,18.094813606854714,-66.59154262665919,EPSG:32619
EMSR311_3_17SPT_x688585_y3759015_S1RTC,2017-08-07,2017-08-19,2017-09-12,2017-10-06,33.943026908574986,-78.94561506307473,EPSG:32617
EMSR774_1_15QTV_x216425_y1999535_S1RTC,2023-08-24,2023-10-02,2023-10-26,2023-11-07,18.054569478345346,-95.66670190978344,EPSG:32614
EMSR472_1_48QYD_x718385_y1881535_S1RTC,2019-08-20,2019-09-18,2019-10-12,2019-11-17,16.995919122487237,107.06321815542277,EPSG:32648
EMSR184_1_55HED_x581605_y6308625_S1RTC,NaN,2015-09-09,2015-10-03,2015-10-15,-33.369902095525376,147.8909377985043,EPSG:32755
EMSR332_1_32TPR_x670505_y5024145_S1RTC,2017-09-14,2017-09-26,2017-10-25,2017-11-13,45.33829435566152,11.19247172617044,EPSG:32633
EMSR481_1_16PDC_x431355_y1751765_S1RTC,2019-09-18,2019-10-19,2019-11-05,2019-12-01,15.83233257945975,-87.62914294883872,EPSG:32616
EMSR200_2_55KFT_x666975_y7753305_S1RTC,NaN,NaN,NaN,NaN,-20.322303486049652,148.61157163936718,EPSG:32755
EMSR265_23_31UDP_x460335_y5326065_S1RTC,2016-11-19,2017-01-02,2017-01-26,2017-02-19,48.07522775362972,2.4846072511211115,EPSG:32631
EMSR265_14_31UEQ_x512315_y5415395_S1RTC,2016-12-04,2017-01-06,2017-01-21,2017-02-14,48.87988620100672,3.1853563658723085,EPSG:32631
EMSR788_1_30UWU_x590725_y5300935_S1RTC,2023-11-25,2024-01-12,2024-01-24,2024-02-21,47.84369776752908,-1.7703820293202424,EPSG:32630
EMSR779_3_33PVP_x468675_y1324505_S1RTC,2023-09-30,2023-11-05,2023-11-17,2023-12-11,11.969807288177618,14.723986731243485,EPSG:32633
EMSR771_1_32TPQ_x701315_y4938175_S1RTC,2023-08-27,2023-09-24,2023-10-14,2023-11-19,44.556947875342935,11.550844019713026,EPSG:32632
EMSR482_8_16PFB_x615375_y1631675_S1RTC,2019-09-25,2019-10-31,2019-11-24,2019-12-06,14.744973076876157,-85.91628953274147,EPSG:32616
EMSR779_1_33PWM_x513045_y1160695_S1RTC,2023-09-18,2023-10-24,2023-11-17,2023-12-23,10.488440742051091,15.130862338158952,EPSG:32633
EMSR203_3_15SVA_x439965_y4084385_S1RTC,NaN,2016-04-14,2016-05-08,2016-05-08,36.89213796882127,-93.65946785041338,EPSG:32615
EMSR229_3_14RNR_x560785_y3091785_S1RTC,NaN,NaN,NaN,NaN,27.938140723810235,-98.36917904154025,EPSG:32614
EMSR763_1_33UVU_x451095_y5850045_S1RTC,2023-08-12,2023-08-29,2023-09-22,2023-10-11,52.78663816261579,14.293745497884226,EPSG:32633
EMSR779_3_33PVP_x473795_y1329625_S1RTC,2023-09-30,2023-11-05,2023-11-17,2023-12-11,12.016151399083972,14.770975265157062,EPSG:32633
EMSR260_4_32TPQ_x611685_y4956405_S1RTC,2016-10-18,2016-11-11,2016-12-13,2016-12-25,44.74064382013415,10.42680058928937,EPSG:32632
EMSR472_1_48QXE_x644665_y1970735_S1RTC,2019-08-29,2019-09-10,2019-10-12,2019-10-16,17.807819116219118,106.37698662511423,EPSG:32648
EMSR645_5_38LPH_x644355_y8265455_S1RTC,2021-12-03,2022-01-08,2022-02-01,2022-02-13,-15.696394413426862,46.35899243925593,EPSG:32738
EMSR265_15_31UEQ_x567785_y5415735_S1RTC,2016-12-01,2017-01-06,2017-01-21,2017-02-14,48.87924670817428,3.9419147603069575,EPSG:32631
EMSR472_1_48QXE_x631865_y1957935_S1RTC,2019-08-29,2019-09-10,2019-10-12,2019-10-16,17.692962539879936,106.25543037607737,EPSG:32648
EMSR184_4_55HCD_x368665_y6309135_S1RTC,2015-08-14,2015-09-02,2015-10-01,2015-11-25,-33.36062834503831,145.60207098226437,EPSG:32755
EMSR229_5_15RUP_x381225_y3341375_S1RTC,NaN,NaN,NaN,2016-10-04,30.18667421792062,-94.22052193082874,EPSG:32615
EMSR215_1_32UNC_x596455_y5786635_S1RTC,2016-06-11,2016-07-05,2016-07-26,2016-08-19,52.21000425583496,10.43032607547514,EPSG:32632
EMSR793_1_37LFD_x638995_y8322765_S1RTC,2024-01-13,2024-02-18,2024-03-13,2024-03-25,-15.178702640582989,40.30573917811183,EPSG:32737
EMSR712_5_32UND_x563255_y5837725_S1RTC,2022-11-09,2022-12-06,2022-12-30,2023-01-11,52.67414283272895,9.954392172901006,EPSG:32632
EMSR783_1_30VVJ_x461765_y6345245_S1RTC,2023-11-15,2023-12-09,2023-12-26,2024-01-19,57.23732125381742,-3.6123241472491543,EPSG:32630
EMSR774_1_15QTA_x210565_y2027175_S1RTC,2023-09-20,2023-10-14,2023-11-04,2023-11-19,18.303337388634002,-95.7258871029243,EPSG:32615
EMSR471_1_34UEU_x523625_y5392125_S1RTC,2019-09-08,2019-09-20,2019-10-14,2019-11-07,48.67020252510049,21.33820417920227,EPSG:32634
EMSR728_5_32UPU_x701125_y5373565_S1RTC,2023-04-17,2023-05-15,2023-05-27,2023-06-16,48.47114080024396,11.738450949802592,EPSG:32632
EMSR634_8_33TUJ_x346305_y4843835_S1RTC,2021-07-15,2021-09-05,2021-09-12,2021-09-17,43.720409949177906,13.107766707240827,EPSG:32633
EMSR184_4_55HCD_x330265_y6314255_S1RTC,2015-08-14,2015-09-02,2015-10-01,2015-11-25,-33.309137774143025,145.19044853917686,EPSG:32755
EMSR264_16_38KND_x528745_y7795325_S1RTC,2016-11-23,2016-12-17,2017-01-10,2017-02-03,-19.94978341829905,45.28689195213277,EPSG:32738
EMSR427_4_33VUE_x715055_y6409885_S1RTC,2018-12-29,2019-01-17,2019-02-22,2019-03-18,57.767255692535855,12.637325377639243,EPSG:32632
EMSR238_1_32TPP_x613005_y4829655_S1RTC,2016-07-26,2016-08-26,2016-09-07,2016-10-13,43.59962940098187,10.41590395099801,EPSG:32632
EMSR472_4_48PZC_x218815_y1726875_S1RTC,2019-08-20,2019-09-17,2019-10-11,2019-10-19,15.592721383252433,108.38981379859028,EPSG:32648
EMSR346_3_36KXD_x702435_y7831945_S1RTC,2018-01-30,2018-02-23,2018-03-07,2018-03-31,-19.608608729902684,34.94237047517196,EPSG:32736
EMSR326_2_30SUG_x356015_y4131595_S1RTC,2017-08-25,2017-09-24,2017-10-18,2017-10-19,37.30857274532551,-4.610388824694087,EPSG:32629
EMSR229_5_15RUP_x368425_y3308095_S1RTC,NaN,NaN,NaN,2016-10-04,29.88511613379023,-94.34937658308812,EPSG:32615
EMSR203_2_15SVB_x408905_y4118745_S1RTC,NaN,2016-04-14,2016-05-08,2016-06-13,37.19937746591451,-94.0121194564658,EPSG:32615
EMSR469_4_48QYD_x777645_y1816285_S1RTC,2019-08-05,2019-09-10,2019-10-04,2019-10-28,16.40029330949731,107.61143300284417,EPSG:32648
EMSR350_2_50KPC_x657455_y7721485_S1RTC,2018-02-08,2018-02-15,2018-03-23,2018-04-04,-20.610550185773583,118.5232430363769,EPSG:32750
EMSR260_7_32TPQ_x644455_y4953935_S1RTC,2016-10-18,2016-11-11,2016-12-05,2016-12-13,44.71249971710975,10.839825309627425,EPSG:32632
EMSR437_8_30TXP_x677775_y4836015_S1RTC,2019-04-07,2019-04-07,2019-05-13,2019-05-13,43.644102381822236,-0.7799899670731711,EPSG:32630
EMSR472_4_48PZC_x211135_y1739675_S1RTC,2019-08-20,2019-09-17,2019-10-11,2019-10-19,15.70745328167104,108.31674493321599,EPSG:32648
EMSR165_5_31UDQ_x410605_y5423575_S1RTC,2015-04-28,2015-04-28,2015-06-03,2015-06-10,48.947341671089795,1.7964850678307844,EPSG:32631
EMSR279_5_30TXM_x682295_y4610885_S1RTC,2017-02-17,2017-03-12,2017-04-11,2017-04-17,41.61710435518479,-0.7966673357323234,EPSG:32631
EMSR429_5_29UPV_x617955_y5996675_S1RTC,2019-01-02,2019-02-02,2019-02-19,2019-02-26,54.09294962495532,-7.176911181478046,EPSG:32629
EMSR280_2_33VVG_x448935_y6699235_S1RTC,2017-03-11,2017-04-04,2017-04-16,2017-05-22,60.41489362964529,14.095986900892482,EPSG:32633
EMSR388_5_30SXH_x674415_y4213995_S1RTC,2018-07-29,2018-08-10,2018-09-10,2018-10-09,38.045178802078155,-0.9977839817034554,EPSG:32630
EMSR342_7_54KWE_x513505_y7969055_S1RTC,2017-12-21,2018-01-02,2018-02-19,2018-03-03,-18.379875406169948,141.13991744574534,EPSG:32754
EMSR429_7_29UNU_x565865_y5897245_S1RTC,2019-01-12,2019-01-29,2019-02-19,2019-02-22,53.208800559293245,-7.994687365234081,EPSG:32629
EMSR261_2_32UNC_x580875_y5774885_S1RTC,2016-10-14,2016-10-21,2016-12-10,2017-01-15,52.106929598739704,10.199521691171622,EPSG:32633
EMSR314_2_32NKP_x271935_y871335_S1RTC,2017-07-23,2017-08-28,2017-09-21,2017-10-15,7.866169081837044,6.943092968857824,EPSG:32632
EMSR570_1_56JNN_x525345_y6786155_S1RTC,2021-02-11,2021-03-19,2021-03-31,2021-04-12,-29.064115862687803,153.27347452637747,EPSG:32756
EMSR199_10_17MNQ_x538395_y9408335_S1RTC,2016-01-31,2016-02-24,2016-04-03,2016-04-12,-5.364252223583702,-80.64194032243981,EPSG:32717
EMSR429_6_29UMU_x498645_y5830565_S1RTC,2018-12-21,2019-01-26,2019-02-19,2019-02-19,52.61361689321541,-9.001181545277912,EPSG:32629
EMSR471_5_33UXQ_x657385_y5408415_S1RTC,2019-09-06,2019-09-14,2019-10-12,2019-10-20,48.796993103009896,17.160490139765486,EPSG:32634
EMSR184_4_55HCD_x363545_y6306575_S1RTC,2015-08-14,2015-09-02,2015-10-01,2015-11-25,-33.38307994603204,145.54667070640585,EPSG:32755
EMSR261_3_32UND_x588615_y5816095_S1RTC,2016-10-06,2016-10-30,2016-12-10,2017-01-18,52.47612675474125,10.323502314429668,EPSG:32633
EMSR779_1_33PWM_x513045_y1124855_S1RTC,2023-09-18,2023-10-24,2023-11-17,2023-12-23,10.16429049569443,15.130728383600418,EPSG:32633
EMSR311_8_17SPV_x698915_y3901075_S1RTC,2017-07-26,2017-08-19,2017-09-12,2017-10-18,35.22128494310007,-78.80042069992248,EPSG:32617
EMSR311_8_17SQV_x713505_y3908945_S1RTC,2017-07-26,2017-08-19,2017-09-12,2017-10-18,35.28917081239801,-78.63817369960051,EPSG:32617
EMSR472_4_48PZC_x190655_y1747355_S1RTC,2019-08-20,2019-09-17,2019-10-11,2019-10-19,15.774367582422855,108.12485557639233,EPSG:32648
EMSR229_5_15RUP_x373545_y3302975_S1RTC,NaN,NaN,NaN,2016-10-04,29.83945255431012,-94.29576877573113,EPSG:32615
EMSR321_1_16PDV_x439925_y1488935_S1RTC,2017-08-07,2017-09-12,2017-10-05,2017-11-05,13.456282080336278,-87.54323076347005,EPSG:32616
EMSR265_7_31UDP_x463545_y5372325_S1RTC,2016-11-19,2017-01-11,2017-01-23,2017-02-19,48.49158794191358,2.5238480001448664,EPSG:32631
EMSR184_4_55HCD_x348185_y6319375_S1RTC,2015-08-14,2015-09-02,2015-10-01,2015-11-25,-33.26562807819447,145.383721131784,EPSG:32755
EMSR742_1_34VFJ_x658595_y6316185_S1RTC,2023-06-19,2023-07-06,2023-07-30,2023-09-04,56.95013609243309,23.628556158359803,EPSG:32635
EMSR657_1_35UMB_x461385_y6199585_S1RTC,2022-01-24,2022-03-10,2022-04-01,2022-04-18,55.9287409299544,26.402388851310576,EPSG:32635
EMSR586_1_56HKH_x282705_y6241235_S1RTC,2021-05-02,2021-06-07,2021-07-01,2021-07-25,-33.9587059917363,150.66217714912355,EPSG:32756
EMSR264_8_39KTU_x295975_y7863935_S1RTC,2016-11-13,2016-12-07,2016-12-31,2017-01-24,-19.319771388198927,49.07020244142542,EPSG:32739
EMSR629_1_42RVR_x439395_y3053175_S1RTC,2021-07-06,2021-07-22,2021-08-23,2021-08-27,27.589728487603807,68.398845525855,EPSG:32642
EMSR712_6_32UND_x528175_y5818895_S1RTC,2022-11-09,2022-11-21,2022-12-18,2023-01-11,52.50790697863831,9.433913162202494,EPSG:32632
EMSR773_6_31TBE_x763215_y4499185_S1RTC,2023-09-20,2023-10-02,2023-11-01,2023-12-07,40.589722569155754,0.12534795009624763,EPSG:32631
EMSR429_7_29UNV_x603905_y5902895_S1RTC,2018-12-31,2019-01-29,2019-02-19,2019-02-22,53.253404923880694,-7.4234288158789035,EPSG:32629
EMSR417_1_29TNE_x548665_y4449045_S1RTC,2018-10-17,2018-11-28,2018-12-17,2019-01-03,40.17882241555694,-8.41341512752014,EPSG:32629
EMSR184_1_55HED_x584165_y6303505_S1RTC,NaN,2015-09-09,2015-10-03,2015-10-15,-33.41587702002067,147.91893990468807,EPSG:32755
EMSR471_5_33UXP_x658515_y5378805_S1RTC,2019-09-06,2019-09-26,2019-10-08,2019-10-20,48.53051921193874,17.164432513438634,EPSG:32634
EMSR470_1_30PZR_x207435_y1088565_S1RTC,2019-08-09,2019-09-14,2019-10-20,2019-10-20,9.825664311623557,0.3444412131866376,EPSG:32631
EMSR342_7_54KVF_x480745_y7998435_S1RTC,2017-12-21,2018-01-02,2018-02-19,2018-03-03,-18.11430347251089,140.8300476059887,EPSG:32754
EMSR492_1_30TXP_x641195_y4818305_S1RTC,2019-11-21,2019-12-03,2020-01-02,2020-01-14,43.492621706808464,-1.237953870508482,EPSG:32630
EMSR311_3_17SPT_x693705_y3779495_S1RTC,2017-08-07,2017-08-19,2017-09-12,2017-10-06,34.12667074050528,-78.88567022561749,EPSG:32617
EMSR445_2_34TFQ_x667885_y4979165_S1RTC,2019-05-18,2019-06-06,2019-06-23,2019-06-30,44.93432013213646,23.143834120290087,EPSG:32634
EMSR683_1_32VNP_x506365_y6861905_S1RTC,2022-06-16,2022-07-22,2022-08-03,2022-09-03,61.87828823876393,9.145285595150279,EPSG:32632
EMSR419_6_40RFR_x698995_y3060915_S1RTC,2018-11-15,2018-12-14,2019-01-07,2019-01-23,27.64603914740428,59.030028984522716,EPSG:32640
EMSR342_7_54KVE_x470515_y7979305_S1RTC,2017-12-09,2018-01-02,2018-02-19,2018-03-03,-18.28709763928325,140.7330880774637,EPSG:32754
EMSR742_1_34VFJ_x632995_y6316185_S1RTC,2023-06-19,2023-07-06,2023-07-30,2023-09-04,56.95827028078104,23.208033820714405,EPSG:32635
EMSR311_3_17SPT_x668105_y3769255_S1RTC,2017-07-31,2017-08-19,2017-09-12,2017-10-06,34.03883146380751,-79.16513024686252,EPSG:32617
EMSR322_17_16RFU_x704655_y3378935_S1RTC,NaN,2017-09-20,2017-10-09,2017-10-09,30.51362380270145,-84.85395919109013,EPSG:32616
EMSR280_3_33VWH_x549285_y6710595_S1RTC,2017-03-11,2017-04-04,2017-05-10,2017-05-29,60.516782109088524,15.920875631589029,EPSG:32633
EMSR586_3_56HKJ_x296585_y6303815_S1RTC,2021-05-02,2021-06-04,2021-07-01,2021-07-25,-33.39744361003736,150.82653612652854,EPSG:32756
EMSR352_8_39RTQ_x287885_y3468775_S1RTC,2018-02-17,2018-02-22,2018-04-06,2018-05-12,31.322824962325488,48.78422166942035,EPSG:32639
EMSR229_5_15RUP_x386345_y3323455_S1RTC,NaN,NaN,NaN,2016-10-04,30.02547353543702,-94.16544860749327,EPSG:32615
EMSR472_4_48PZC_x208575_y1755035_S1RTC,2019-08-20,2019-09-17,2019-10-11,2019-10-19,15.845866278058905,108.29103672715699,EPSG:32648
EMSR265_10_31UEP_x527345_y5343465_S1RTC,2016-12-04,2017-01-09,2017-01-21,2017-02-14,48.23228449887511,3.3854028301381454,EPSG:32631
EMSR184_8_55HED_x599125_y6299625_S1RTC,NaN,2015-09-09,2015-09-21,2015-10-15,-33.449571340509905,148.08025085226822,EPSG:32755
EMSR280_5_33VVH_x472675_y6765155_S1RTC,2017-03-11,2017-04-04,2017-04-21,2017-05-22,61.00894962222864,14.518219621186056,EPSG:32633
EMSR397_1_31TCG_x305275_y4621945_S1RTC,2018-09-04,2018-09-28,2018-10-22,2018-11-21,41.714308530380876,0.6745914813299276,EPSG:32630
EMSR629_2_42RVR_x464515_y3080595_S1RTC,2021-07-10,2021-08-03,2021-08-27,2021-09-20,27.838131386999546,68.65258241710488,EPSG:32642
EMSR261_1_32UND_x580085_y5828895_S1RTC,2016-10-09,2016-10-23,2016-12-10,2016-12-10,52.592513471801425,10.201077141111245,EPSG:32632
EMSR326_3_30STF_x281285_y4065305_S1RTC,2017-09-13,2017-09-18,2017-10-18,2017-11-05,36.6970778766616,-5.433969926339751,EPSG:32630
EMSR322_17_16RFU_x694415_y3396855_S1RTC,NaN,2017-09-20,2017-10-09,2017-10-09,30.67694044175925,-84.95722546563105,EPSG:32616
EMSR407_2_30UXD_x670155_y5874015_S1RTC,2018-09-13,2018-10-24,2018-11-07,2018-11-29,52.976797510329305,-0.4466879962326267,EPSG:32631
EMSR728_1_32UMV_x501455_y5403725_S1RTC,2023-04-22,2023-05-08,2023-06-01,2023-07-03,48.77504718186901,9.037157340860158,EPSG:32632
EMSR427_4_33VUE_x717615_y6443165_S1RTC,2018-12-29,2019-01-17,2019-02-22,2019-03-18,58.06431932236734,12.710942667117955,EPSG:32632
EMSR258_10_34TDL_x413405_y4507215_S1RTC,2016-10-05,2016-11-16,2016-11-28,2016-12-29,40.69995089947697,19.99008583511214,EPSG:32634
EMSR265_8_31UDP_x479215_y5360455_S1RTC,2016-11-19,2016-12-25,2017-01-18,2017-02-19,48.38548259253184,2.7364868981292094,EPSG:32631
EMSR422_1_31TEG_x518585_y4650805_S1RTC,2018-11-28,2019-01-03,2019-01-27,2019-02-20,41.99753188389534,3.239794697237426,EPSG:32631
EMSR475_5_48QYD_x779815_y1836865_S1RTC,2019-08-29,2019-09-22,2019-10-28,2019-11-12,16.58588548528518,107.63424940142227,EPSG:32648
EMSR756_7_33UWS_x600835_y5688655_S1RTC,2023-07-23,2023-09-02,2023-09-14,2023-10-20,51.32853525525285,16.46559765727831,EPSG:32634
EMSR184_1_55HED_x586725_y6306065_S1RTC,NaN,2015-09-09,2015-10-03,2015-10-15,-33.39258251720837,147.94622013064452,EPSG:32755
EMSR322_17_16RGU_x710415_y3361365_S1RTC,NaN,2017-09-20,2017-10-09,2017-10-26,30.35418757497215,-84.79753463236773,EPSG:32616
EMSR184_4_55HCC_x354895_y6256085_S1RTC,2015-07-28,2015-09-02,2015-10-01,2015-10-20,-33.83718322382297,145.44555156512155,EPSG:32755
EMSR481_1_16PCC_x403615_y1703165_S1RTC,2019-09-14,2019-10-12,2019-11-05,2019-11-13,15.392099963495225,-87.88628787155872,EPSG:32616
EMSR264_5_38KQG_x710615_y8169105_S1RTC,2016-11-23,2016-12-17,2017-01-10,2017-02-03,-16.562187121026064,46.98574954892035,EPSG:32738
EMSR311_3_17SQT_x718725_y3775295_S1RTC,2017-07-26,2017-08-19,2017-09-12,2017-10-06,34.083855291089755,-78.61561487775813,EPSG:32617
EMSR779_1_33PWM_x541205_y1135095_S1RTC,2023-09-18,2023-10-24,2023-11-17,2023-12-23,10.25670024311683,15.387912660868528,EPSG:32633
EMSR472_1_48QXE_x631865_y1965615_S1RTC,2019-08-29,2019-09-10,2019-10-12,2019-10-16,17.762364466537957,106.25591371756398,EPSG:32648
EMSR277_2_35TMF_x476605_y4570915_S1RTC,2017-01-25,2017-03-02,2017-03-26,2017-04-19,41.27789116827373,26.735872238001907,EPSG:32635
EMSR233_10_19QDB_x421595_y2135315_S1RTC,2016-08-07,2016-08-31,2016-08-31,2016-09-24,19.29868376020513,-69.73413136931322,EPSG:32619
EMSR354_2_37LEG_x603945_y8661865_S1RTC,2018-03-14,2018-03-26,2018-05-01,2018-05-25,-12.11457940620442,39.96693881816027,EPSG:32737
EMSR407_2_30UXD_x700875_y5879135_S1RTC,2018-09-18,2018-10-24,2018-11-07,2018-11-29,53.012060145143344,0.013424579355874815,EPSG:32631
EMSR788_1_30UWU_x588165_y5318855_S1RTC,2023-11-25,2024-01-12,2024-01-24,2024-02-21,48.00525556487708,-1.800869265349649,EPSG:32630
EMSR779_3_33PVN_x486485_y1263705_S1RTC,2023-09-30,2023-10-24,2023-11-17,2023-12-11,11.420071888883696,14.887795266877518,EPSG:32633
EMSR200_12_56JNN_x549525_y6789095_S1RTC,2016-02-02,2016-02-26,2016-04-02,2016-04-26,-29.036844964749797,153.52174222813287,EPSG:32756
EMSR176_2_15RYQ_x731835_y3393035_S1RTC,NaN,NaN,2015-08-25,NaN,30.6357743570479,-90.56774027046393,EPSG:32615
EMSR200_12_56JNN_x521365_y6796775_S1RTC,2016-01-26,2016-02-26,2016-04-02,2016-04-26,-28.96833816502318,153.23237257356521,EPSG:32756
EMSR311_3_17SQT_x716165_y3765055_S1RTC,2017-07-26,2017-08-19,2017-09-12,2017-10-06,33.99211556771831,-78.64589169906365,EPSG:32617
EMSR279_8_30TXM_x652205_y4632765_S1RTC,2017-02-17,2017-03-18,2017-04-11,2017-04-17,41.82043161969107,-1.1519938770766187,EPSG:32631
EMSR184_1_55HFD_x613865_y6300855_S1RTC,NaN,2015-09-09,2015-10-03,2015-10-15,-33.436996721413976,148.23865755301998,EPSG:32755
EMSR777_1_16QCE_x319095_y1947375_S1RTC,2023-09-29,2023-11-04,2023-11-16,2023-11-28,17.594266800416804,-88.69278964100123,EPSG:32616
EMSR779_1_33PWM_x551445_y1117175_S1RTC,2023-09-18,2023-10-24,2023-11-17,2023-12-23,10.094503841831695,15.4811759534827,EPSG:32633
EMSR564_1_38KND_x508915_y7804815_S1RTC,2020-12-08,2021-01-25,2021-02-06,2021-02-06,-19.864229509237706,45.09733065673959,EPSG:32738
EMSR472_4_48PZC_x221375_y1719195_S1RTC,2019-08-20,2019-09-17,2019-10-11,2019-10-19,15.523641341906492,108.41453524322111,EPSG:32648
EMSR742_1_34VFJ_x625315_y6295705_S1RTC,2023-06-19,2023-07-06,2023-07-30,2023-09-04,56.77657012029062,23.07164104068235,EPSG:32635
EMSR504_6_56HKH_x281125_y6270165_S1RTC,2020-01-17,2020-03-08,2020-03-20,2020-04-13,-33.69767584052323,150.6522313756167,EPSG:32756
EMSR637_17_55JGH_x797185_y6735035_S1RTC,2021-08-08,2021-09-11,2021-10-17,2021-10-29,-29.490140151713003,150.07814181326665,EPSG:32755
EMSR264_4_38LQJ_x760585_y8303755_S1RTC,2016-11-23,2016-12-17,2017-01-10,2017-02-03,-15.341019239612198,47.43900918168029,EPSG:32739
EMSR475_10_49PCR_x306065_y1524875_S1RTC,2019-09-01,2019-09-25,2019-10-23,2019-11-24,13.77539556726518,109.21793270458596,EPSG:32649
EMSR265_15_31UEQ_x565225_y5418295_S1RTC,2016-12-01,2017-01-06,2017-01-21,2017-02-14,48.902552937840426,3.9074200151508873,EPSG:32631
EMSR407_2_30UXD_x677835_y5876575_S1RTC,2018-09-13,2018-10-24,2018-11-07,2018-11-29,52.99727512054159,-0.3310155459806954,EPSG:32631
EMSR352_1_39RTQ_x810485_y3481955_S1RTC,2018-02-18,2018-02-22,2018-04-07,2018-04-07,31.41888191146863,48.27926512142407,EPSG:32639
EMSR337_1_34SEG_x543505_y4167355_S1RTC,2017-11-07,2017-12-18,2018-01-11,2018-02-10,37.64076946980508,21.507570656526827,EPSG:32634
EMSR347_6_36LXH_x660735_y8291555_S1RTC,2018-01-23,2018-02-28,2018-03-12,2018-03-24,-15.459509473575423,34.51008748170062,EPSG:32736
EMSR261_1_32UND_x562165_y5826335_S1RTC,2016-10-09,2016-10-23,2016-12-10,2016-12-10,52.571889085194904,9.936086601651068,EPSG:32632
EMSR261_1_32UNC_x575145_y5785955_S1RTC,2016-10-09,2016-10-21,2016-12-10,2016-12-22,52.20725931384502,10.118363725774609,EPSG:32632
EMSR261_3_32UPC_x618785_y5769015_S1RTC,2016-10-09,2016-10-30,2016-12-13,2017-01-03,52.047249073439374,10.750767098386858,EPSG:32632
EMSR481_3_16PFC_x634465_y1753725_S1RTC,2019-09-25,2019-10-07,2019-10-31,2019-11-02,15.847256883049662,-85.73234914581265,EPSG:32616
EMSR417_1_29TNE_x530745_y4451605_S1RTC,2018-10-17,2018-11-28,2018-12-17,2019-01-03,40.20276133557333,-8.623766815142803,EPSG:32629
EMSR184_4_55HCD_x332825_y6296335_S1RTC,2015-08-14,2015-09-02,2015-10-01,2015-11-25,-33.471091606276,145.21463498434306,EPSG:32755
EMSR570_1_56JNN_x530465_y6783595_S1RTC,2021-02-11,2021-03-19,2021-03-31,2021-04-12,-29.0871042512711,153.3261457876157,EPSG:32756
EMSR472_4_48PZC_x221375_y1742235_S1RTC,2019-08-20,2019-09-17,2019-10-11,2019-10-19,15.731726085535255,108.41192185956083,EPSG:32648
EMSR504_1_56JML_x488755_y6580655_S1RTC,2020-01-24,2020-03-12,2020-03-24,2020-04-17,-30.91891138618462,152.89565319920692,EPSG:32756
EMSR427_4_33VUE_x712495_y6443165_S1RTC,2018-12-29,2019-01-17,2019-02-22,2019-03-18,58.06681587150342,12.624342477630835,EPSG:32632
EMSR229_3_14RNR_x571025_y3071305_S1RTC,NaN,NaN,NaN,NaN,27.752756598447846,-98.26634408796694,EPSG:32614
EMSR265_6_31UDQ_x478835_y5418915_S1RTC,2016-12-09,2017-01-06,2017-01-26,2017-02-19,48.91138086011882,2.728546297603566,EPSG:32631
EMSR472_1_48QXE_x629305_y1991215_S1RTC,2019-08-29,2019-09-10,2019-10-12,2019-10-16,17.99385593975175,106.23336511443256,EPSG:32648
EMSR481_3_16PFC_x624225_y1753725_S1RTC,2019-09-20,2019-10-02,2019-10-31,2019-11-02,15.847795067137362,-85.82796362135791,EPSG:32616
EMSR668_2_32VNM_x549185_y6653915_S1RTC,2022-04-12,2022-04-17,2022-05-18,2022-05-30,60.007934853219446,9.904898416290232,EPSG:32632
EMSR429_7_29UNV_x575745_y5941295_S1RTC,2018-12-31,2019-01-29,2019-02-19,2019-02-22,53.60333720728058,-7.83602427063106,EPSG:32629
EMSR793_1_37LFD_x613395_y8358605_S1RTC,2024-01-13,2024-02-18,2024-03-13,2024-03-25,-14.855977026576104,40.06585971807549,EPSG:32737
EMSR352_1_39STS_x852855_y3600625_S1RTC,2018-02-18,2018-03-13,2018-04-06,2018-05-01,32.47504536317296,48.76758137882756,EPSG:32639
EMSR472_4_48PZC_x211135_y1729435_S1RTC,2019-08-20,2019-09-17,2019-10-11,2019-10-19,15.614978617589111,108.31795217389143,EPSG:32648
EMSR200_12_56JMP_x506225_y6834085_S1RTC,2016-02-02,2016-02-26,2016-03-26,2016-04-14,-28.63174825215627,153.07673171330387,EPSG:32756
EMSR427_2_33VVD_x416415_y6391285_S1RTC,2018-12-24,2019-01-17,2019-02-17,2019-03-18,57.64486715079689,13.621060718138898,EPSG:32632
EMSR200_12_56JNN_x541845_y6799335_S1RTC,2016-02-02,2016-02-26,2016-04-02,2016-04-26,-28.944704907534103,153.44247313948273,EPSG:32756
EMSR788_6_30TWT_x577725_y5283035_S1RTC,2023-12-11,2024-01-09,2024-01-24,2024-02-26,47.68439811026379,-1.9473535797713966,EPSG:32630
EMSR229_3_14RNR_x571025_y3050825_S1RTC,NaN,NaN,NaN,NaN,27.5678836376261,-98.26757733525702,EPSG:32614
EMSR352_1_39RTQ_x833525_y3438435_S1RTC,2018-02-17,2018-02-22,2018-04-06,2018-04-06,31.020518517482486,48.50672271878148,EPSG:32639
EMSR481_3_16PFC_x637025_y1748605_S1RTC,2019-09-25,2019-10-07,2019-10-31,2019-11-02,15.800839910844232,-85.70873994746721,EPSG:32616
EMSR347_6_36LXH_x665855_y8291555_S1RTC,2018-01-23,2018-02-28,2018-03-12,2018-03-24,-15.459179179055115,34.557798287930474,EPSG:32736
EMSR267_1_34UEG_x532085_y6133155_S1RTC,2016-12-14,2016-12-31,2017-01-31,2017-01-31,55.33215299156268,21.525862000355488,EPSG:32634
EMSR481_3_16PFC_x621665_y1758845_S1RTC,2019-09-20,2019-10-02,2019-10-31,2019-11-02,15.89420113965697,-85.85160571370923,EPSG:32616
EMSR471_5_33UXP_x661075_y5366005_S1RTC,2019-09-06,2019-09-26,2019-10-08,2019-10-20,48.414792479657336,17.194113338608137,EPSG:32634
EMSR265_14_31UEQ_x502075_y5405155_S1RTC,2016-12-04,2017-01-06,2017-01-21,2017-02-14,48.787908369998206,3.045607655617257,EPSG:32631
EMSR279_2_30TWN_x604025_y4767815_S1RTC,2017-02-09,2017-03-24,2017-04-10,2017-04-29,43.04425315748321,-1.7071873428328692,EPSG:32630
EMSR429_7_29UNV_x596225_y5902895_S1RTC,2018-12-31,2019-01-29,2019-02-19,2019-02-22,53.25487135770003,-7.538503759920045,EPSG:32629
EMSR200_2_55KFT_x677215_y7750745_S1RTC,NaN,NaN,NaN,NaN,-20.34449492042507,148.70987723817836,EPSG:32755
EMSR264_5_38KPG_x701355_y8164065_S1RTC,2016-11-23,2016-12-17,2017-01-10,2017-02-03,-16.60853191563514,46.899450777503596,EPSG:32738
EMSR634_2_33TUJ_x327925_y4812115_S1RTC,2021-08-01,2021-09-05,2021-09-13,2021-09-17,43.43098811991478,12.889726618930332,EPSG:32632
EMSR554_3_55JGG_x718865_y6645905_S1RTC,2020-09-28,2020-11-15,2020-11-27,2020-12-23,-30.310117301441085,149.28933229678526,EPSG:32755
EMSR634_9_33TUJ_x345135_y4830025_S1RTC,2021-07-15,2021-09-05,2021-09-12,2021-09-13,43.595891509150846,13.097179550748221,EPSG:32633
EMSR783_1_30VVJ_x466885_y6352925_S1RTC,2023-11-15,2023-12-09,2023-12-26,2024-01-19,57.30669320999613,-3.5284917364608277,EPSG:32630
EMSR279_8_30TXM_x649645_y4632765_S1RTC,2017-02-17,2017-03-18,2017-04-11,2017-04-17,41.8209233037229,-1.1828029817602284,EPSG:32631
EMSR629_1_42RVR_x408675_y3058295_S1RTC,2021-07-06,2021-07-22,2021-08-23,2021-08-27,27.634248543284848,68.08722219378154,EPSG:32642
EMSR352_1_39STS_x788855_y3608305_S1RTC,2018-02-18,2018-03-14,2018-04-07,2018-05-01,32.56276510046849,48.09000158409614,EPSG:32639
EMSR352_1_39RTQ_x828405_y3464035_S1RTC,2018-02-17,2018-02-22,2018-04-06,2018-04-06,31.252531418607493,48.461552671560035,EPSG:32639
EMSR314_2_32NKP_x261695_y863655_S1RTC,2017-07-23,2017-08-28,2017-09-21,2017-10-15,7.796282615337947,6.850619437965783,EPSG:32632
EMSR706_1_31UDS_x428565_y5619195_S1RTC,2022-09-01,2022-10-12,2022-11-17,2022-11-29,50.708853657328056,2.006332690639124,EPSG:32631
EMSR261_3_32UND_x593735_y5821215_S1RTC,2016-10-06,2016-10-30,2016-12-10,2017-01-18,52.52127560960877,10.400324723576208,EPSG:32633
EMSR203_3_15SVB_x486185_y4103035_S1RTC,NaN,2016-04-14,2016-05-08,2016-05-08,37.06200386954545,-93.14105135062606,EPSG:32615
EMSR779_1_33PVM_x442035_y1168375_S1RTC,2023-09-18,2023-10-24,2023-11-17,2023-12-23,10.557502964888196,14.48183327655587,EPSG:32633
EMSR264_17_38KMD_x460005_y7813215_S1RTC,2016-12-10,2016-12-10,2017-01-10,2017-02-03,-19.78796428565042,44.63034085187172,EPSG:32738
EMSR728_1_32UNV_x515855_y5424215_S1RTC,2023-04-22,2023-05-08,2023-06-01,2023-07-03,48.959140273596944,9.234009013628642,EPSG:32632
EMSR279_3_30TWM_x568405_y4694495_S1RTC,2017-02-09,2017-03-24,2017-04-10,2017-04-17,42.38814486970662,-2.1534721015324063,EPSG:32630
EMSR326_3_30SUF_x316515_y4069805_S1RTC,2017-08-31,2017-09-25,2017-10-18,2017-10-19,36.74502737580574,-5.04093535782167,EPSG:32630
EMSR279_4_30TXM_x632115_y4643345_S1RTC,2017-02-17,2017-03-12,2017-04-11,2017-04-17,41.91932335665418,-1.3914058244534013,EPSG:32631
EMSR311_3_17SQT_x703365_y3767615_S1RTC,2017-07-26,2017-08-19,2017-09-12,2017-10-06,34.01775987879671,-78.78377730896166,EPSG:32617
EMSR332_1_32TPR_x670505_y5011345_S1RTC,2017-09-14,2017-09-26,2017-10-25,2017-11-13,45.22315969089102,11.188039721417816,EPSG:32633
EMSR706_7_31UDS_x405775_y5601365_S1RTC,2022-09-01,2022-10-12,2022-11-17,2022-11-29,50.54535197709183,1.688109334552622,EPSG:32631
EMSR286_7_18NWP_x521285_y897095_S1RTC,2017-03-15,2017-04-08,2017-05-21,2017-06-02,8.104172548864149,-74.79522790128507,EPSG:32618
EMSR779_1_33PVM_x449715_y1160695_S1RTC,2023-09-18,2023-10-24,2023-11-17,2023-12-23,10.48815230063813,14.552129811532923,EPSG:32633
EMSR469_4_48QYD_x780205_y1821405_S1RTC,2019-08-05,2019-09-10,2019-10-04,2019-10-28,16.446230057186877,107.636006650342,EPSG:32648
EMSR279_3_30TWM_x588885_y4689375_S1RTC,2017-02-09,2017-03-24,2017-04-10,2017-04-17,42.33993516832942,-1.9055045255353467,EPSG:32630
EMSR265_23_31UDP_x465455_y5323505_S1RTC,2016-11-19,2017-01-02,2017-01-26,2017-02-19,48.05248365134884,2.553541069770049,EPSG:32631
EMSR779_3_33PVP_x484035_y1316825_S1RTC,2023-09-30,2023-11-05,2023-11-17,2023-12-11,11.900457263934266,14.865104315382926,EPSG:32633
EMSR706_1_31UDS_x464405_y5644795_S1RTC,2022-09-01,2022-10-12,2022-11-17,2022-11-29,50.942281385089814,2.5115039092440044,EPSG:32631
EMSR470_1_31PBM_x206015_y1127155_S1RTC,2019-08-21,2019-09-14,2019-10-20,2019-10-20,10.174211351800391,0.3286571904870511,EPSG:32631
EMSR312_1_50QRF_x238255_y2016545_S1RTC,2017-07-23,2017-08-09,2017-09-14,2017-10-08,18.210907441506514,120.53721652067232,EPSG:32651
EMSR712_6_32UNC_x579115_y5724795_S1RTC,2022-11-07,2022-11-21,2022-12-27,2023-01-20,51.656915682501335,10.162158248112199,EPSG:32633
EMSR200_6_55KEU_x545885_y7826405_S1RTC,2016-02-03,2016-03-10,2016-04-03,2016-04-27,-19.668585685868134,147.44990021358947,EPSG:32755
EMSR264_1_39LTF_x267585_y8547865_S1RTC,2016-11-18,2016-12-12,2017-01-05,2017-01-29,-13.138319843894218,48.867782627314654,EPSG:32739
EMSR265_6_31UDQ_x481395_y5413795_S1RTC,2016-12-09,2017-01-06,2017-01-26,2017-02-19,48.865399741187794,2.763701323486798,EPSG:32631
EMSR229_4_14RPT_x610865_y3216885_S1RTC,2016-07-10,NaN,NaN,NaN,29.063873626835612,-97.84799682517735,EPSG:32614
EMSR264_17_38KMD_x477925_y7795295_S1RTC,NaN,2016-12-17,2017-01-10,2017-02-03,-19.95017500504349,44.80121994220445,EPSG:32738
EMSR265_15_31UEQ_x601065_y5410615_S1RTC,2016-12-01,2017-01-06,2017-01-21,2017-02-14,48.82860134650612,4.394425841691328,EPSG:32631
EMSR779_1_33PVM_x447155_y1186295_S1RTC,2023-09-18,2023-10-24,2023-11-17,2023-12-23,10.71964308490821,14.528381836657914,EPSG:32633
EMSR328_2_13QDF_x423265_y2501145_S1RTC,2017-09-01,2017-10-07,2017-10-19,2017-10-29,22.604003587379133,-105.7341893523649,EPSG:32613
EMSR167_3_31UFS_x679135_y5675635_S1RTC,2015-04-26,2015-05-03,2015-06-05,2015-07-02,51.19213563804254,5.581920648240778,EPSG:32631
EMSR502_5_29UNT_x551585_y5740575_S1RTC,2019-12-28,2020-01-28,2020-02-21,2020-03-19,51.802050520960215,-8.233384744981292,EPSG:32629
EMSR184_4_55HCD_x358425_y6311695_S1RTC,2015-08-14,2015-09-02,2015-10-01,2015-11-25,-33.33625764985361,145.4924379148928,EPSG:32755
EMSR771_8_32TPQ_x633775_y4977555_S1RTC,2023-08-15,2023-10-02,2023-10-14,2023-11-07,44.927129520669425,10.711331005958627,EPSG:32632
EMSR203_3_15SVB_x465705_y4146555_S1RTC,NaN,2016-04-14,2016-05-08,2016-05-08,37.45378887907418,-93.37334070883574,EPSG:32615
EMSR789_5_17MNU_x568655_y9872655_S1RTC,2023-12-23,2024-01-23,2024-02-28,2024-03-13,-1.1635934057491113,-80.37144067612995,EPSG:32717
EMSR264_5_38LPH_x652815_y8205585_S1RTC,2016-11-23,2016-12-17,2017-01-10,2017-02-03,-16.23696867910816,46.44178936972282,EPSG:32738
EMSR197_1_39LUC_x344145_y8298835_S1RTC,2016-01-11,2016-02-28,NaN,2016-03-23,-15.394173808184192,49.55960488050081,EPSG:32739
EMSR322_17_16RFU_x676495_y3391735_S1RTC,NaN,2017-09-20,2017-10-09,2017-10-09,30.633569773930464,-85.14508466995127,EPSG:32616
EMSR165_7_31UDP_x465135_y5396875_S1RTC,2015-04-23,2015-04-28,2015-06-03,2015-07-09,48.71252566798587,2.5433811042996273,EPSG:32631
EMSR184_4_55HDD_x415785_y6308725_S1RTC,2015-07-28,2015-09-02,NaN,2015-11-25,-33.368995590552174,146.1084264860469,EPSG:32755
EMSR774_1_15QTA_x241285_y2006695_S1RTC,2023-09-20,2023-10-14,2023-11-04,2023-11-19,18.122324749597762,-95.43292054530728,EPSG:32615
EMSR200_12_56JNP_x547065_y6826405_S1RTC,2016-02-02,2016-02-26,2016-04-02,2016-04-26,-28.700187904706773,153.4948796192354,EPSG:32756
EMSR312_5_51QUV_x376605_y1941595_S1RTC,2017-08-04,2017-08-16,2017-09-09,2017-10-03,17.54593123778496,121.84940215119438,EPSG:32651
EMSR260_4_32TPQ_x611685_y4961525_S1RTC,2016-10-18,2016-11-11,2016-12-13,2016-12-25,44.78672127571542,10.427935434358197,EPSG:32632
EMSR504_12_56HLJ_x318145_y6299235_S1RTC,2020-01-17,2020-03-08,2020-03-20,2020-04-10,-33.4425738559207,151.05731257510058,EPSG:32756
EMSR441_5_34WFV_x633035_y7407125_S1RTC,2019-04-05,2019-05-18,2019-05-30,2019-06-11,66.74151821890199,24.04899358522655,EPSG:32634
EMSR264_4_38LQJ_x765705_y8303755_S1RTC,2016-11-23,2016-12-17,2017-01-10,2017-02-03,-15.340492993663633,47.48666583989736,EPSG:32739
EMSR762_2_32TPQ_x703605_y4930315_S1RTC,2023-07-26,2023-08-27,2023-09-12,2023-10-18,44.48561112536498,11.576529405819743,EPSG:32632
EMSR200_3_55KFS_x706365_y7640165_S1RTC,NaN,NaN,NaN,NaN,-21.34011097296859,149.00217575248598,EPSG:32756
EMSR756_1_33UWS_x591755_y5646085_S1RTC,2023-07-23,2023-09-02,2023-09-14,2023-10-11,50.94739482206577,16.324315100334285,EPSG:32633
EMSR203_2_15SVB_x414025_y4108505_S1RTC,NaN,2016-04-14,2016-05-08,2016-06-13,37.107563767604475,-93.95327380193257,EPSG:32615
EMSR637_1_55HEC_x604285_y6296365_S1RTC,2021-09-01,2021-09-13,2021-10-31,2021-12-06,-33.47847370907831,148.13614395487025,EPSG:32755
EMSR324_1_31TDH_x457035_y4785965_S1RTC,2017-08-29,2017-09-15,2017-10-09,2017-10-16,43.21384295591981,2.4867355722822357,EPSG:32631
EMSR166_4_33UUP_x373675_y5344265_S1RTC,2015-04-22,2015-05-04,2015-05-31,2015-06-09,48.22779685050744,13.316172550889684,EPSG:32633
EMSR477_1_16PFA_x693695_y1593845_S1RTC,2019-09-15,2019-10-14,2019-11-02,2019-12-01,14.398550414037086,-85.19167255945197,EPSG:32616
EMSR261_3_32UPD_x620795_y5829305_S1RTC,2016-09-29,2016-10-30,2016-12-13,2017-01-01,52.58858057804268,10.801940347585049,EPSG:32632
EMSR264_8_39KTU_x278055_y7856255_S1RTC,2016-11-13,2016-12-07,2016-12-31,2017-01-24,-19.387247387580143,48.89883129391078,EPSG:32739
EMSR471_5_33UXP_x661075_y5373685_S1RTC,2019-09-14,2019-09-26,2019-10-08,2019-10-20,48.48383466150618,17.197091106152143,EPSG:32634
EMSR326_3_30STF_x296645_y4078105_S1RTC,2017-09-13,2017-09-18,2017-10-18,2017-11-05,36.815767251715926,-5.265549975542411,EPSG:32630
EMSR249_14_29UMT_x419935_y5745285_S1RTC,2016-09-02,2016-09-19,2016-10-13,2016-11-01,51.84133830631588,-10.143675750027576,EPSG:32629
EMSR348_3_36KXD_x704995_y7826825_S1RTC,2018-01-18,2018-02-23,2018-03-19,2018-04-24,-19.65458626855907,34.967332518440344,EPSG:32736
EMSR280_1_33VVH_x438615_y6728285_S1RTC,2017-03-11,2017-04-04,2017-04-16,2017-05-22,60.674268929194874,13.899830508862435,EPSG:32632
EMSR279_1_30TWN_x529175_y4764815_S1RTC,2017-02-21,2017-03-29,2017-04-10,2017-04-22,43.02393047897953,-2.6262737682770876,EPSG:32630
EMSR265_22_31UDQ_x431435_y5433925_S1RTC,2016-12-06,2017-01-06,2017-01-26,2017-02-19,49.04305164615589,2.0792159601883036,EPSG:32631
EMSR419_6_40RFR_x686195_y3066035_S1RTC,2018-11-15,2018-12-14,2019-01-07,2019-01-23,27.69407434063439,58.90114196403104,EPSG:32640
EMSR472_3_48PZC_x818615_y1789345_S1RTC,2019-08-17,2019-09-10,2019-10-11,2019-10-23,16.15197171328325,107.99097723288715,EPSG:32648
EMSR273_5_34TCM_x373605_y4636255_S1RTC,2017-01-15,2017-02-14,2017-03-16,2017-04-16,41.85684067454132,19.492603796678956,EPSG:32634
EMSR664_7_32TQQ_x263015_y4932495_S1RTC,2022-03-16,2022-04-09,2022-05-15,2022-05-16,44.495811911871094,12.035247714041013,EPSG:32633
EMSR279_5_30TXM_x702775_y4616005_S1RTC,2017-02-17,2017-03-12,2017-04-11,2017-04-17,41.658206833463375,-0.5493118139627986,EPSG:32631
EMSR166_4_33UUP_x348075_y5362185_S1RTC,2015-04-22,2015-05-04,2015-06-09,2015-06-09,48.38335314573014,12.965271633031962,EPSG:32633
EMSR712_6_32UNC_x561195_y5747835_S1RTC,2022-11-09,2022-11-21,2022-12-27,2023-01-20,51.866327455735025,9.907280056455948,EPSG:32633
EMSR586_3_56HKH_x299245_y6292235_S1RTC,2021-05-02,2021-06-07,2021-07-01,2021-07-25,-33.50231608994425,150.85254759851122,EPSG:32756
EMSR471_3_34UCU_x361965_y5379115_S1RTC,2019-09-09,2019-09-13,2019-10-15,2019-10-15,48.53874802700983,19.14723398610757,EPSG:32634
EMSR728_6_32UNU_x606855_y5354165_S1RTC,2023-04-09,2023-04-29,2023-06-04,2023-06-16,48.319946384305865,10.458610758543603,EPSG:32632
EMSR486_2_32TNK_x536155_y4491565_S1RTC,2019-10-03,2019-11-02,2019-11-26,2019-12-03,40.562534461778526,9.442146195757667,EPSG:32632
EMSR312_6_51QUV_x356115_y1909045_S1RTC,2017-08-04,2017-08-16,2017-09-09,2017-10-03,17.25057155079477,121.65853104936593,EPSG:32651
EMSR274_8_39KTU_x265855_y7795475_S1RTC,2017-01-24,2017-02-17,2017-03-13,2017-04-06,-19.93472444647099,48.7751686074953,EPSG:32739
EMSR445_2_34TFQ_x680685_y4986845_S1RTC,2019-05-18,2019-06-06,2019-06-23,2019-06-30,45.0002398310954,23.308697639963828,EPSG:32634
EMSR422_1_31TDG_x461085_y4604815_S1RTC,2018-11-21,2019-01-03,2019-01-27,2019-02-20,41.58266383038843,2.5484463621560645,EPSG:32631
EMSR265_6_31UDP_x463335_y5378685_S1RTC,2016-11-19,2017-01-11,2017-01-23,2017-02-19,48.54879105451998,2.5204660629700237,EPSG:32631
EMSR502_5_29UNT_x515745_y5758495_S1RTC,2019-12-28,2020-02-02,2020-02-26,2020-03-21,51.96540993779659,-8.752268421405761,EPSG:32629
EMSR277_3_35TMF_x427965_y4552795_S1RTC,2017-01-24,2017-03-07,2017-03-31,2017-04-24,41.11188784468528,26.157213359081542,EPSG:32635
EMSR438_7_36MVC_x494875_y9736935_S1RTC,2019-03-15,2019-05-02,2019-05-14,2019-06-12,-2.3915525210873634,32.96537106369972,EPSG:32736
EMSR251_2_32VML_x483795_y6505875_S1RTC,2016-09-10,2016-10-04,2016-10-16,2016-10-28,58.68135269541826,8.742506894528981,EPSG:32632
EMSR777_1_16QCE_x321655_y1924335_S1RTC,2023-09-29,2023-11-04,2023-11-16,2023-11-28,17.386299599261193,-88.66677406344938,EPSG:32616
EMSR200_6_55KEU_x535645_y7818725_S1RTC,2016-02-03,2016-03-10,2016-04-03,2016-04-27,-19.73820645885204,147.3523654398204,EPSG:32755
EMSR429_7_29UNV_x578305_y5902895_S1RTC,2018-12-31,2019-01-29,2019-02-19,2019-02-22,53.25786115157868,-7.807048324791254,EPSG:32629
EMSR280_2_33VVH_x443865_y6710645_S1RTC,2017-03-11,2017-04-04,2017-04-16,2017-05-22,60.51666787117298,14.000805814978627,EPSG:32633
EMSR264_6_39KUA_x302585_y8052095_S1RTC,2016-11-13,2016-12-07,2016-12-31,2017-01-24,-17.6206986526563,49.15139757651002,EPSG:32739
EMSR352_9_39RTP_x234185_y3356005_S1RTC,2018-02-10,2018-02-22,2018-04-07,2018-05-01,30.295458729068113,48.2495027546113,EPSG:32638
EMSR260_8_32TPQ_x656385_y4954215_S1RTC,2016-10-18,2016-11-11,2016-12-12,2016-12-17,44.7124938152152,10.990439386756291,EPSG:32632
EMSR402_1_49PBR_x289235_y1531545_S1RTC,2018-09-06,2018-10-16,2018-10-28,2018-11-09,13.83449593385322,109.06182107878435,EPSG:32649
EMSR311_3_17SQT_x723845_y3752255_S1RTC,2017-07-26,2017-08-19,2017-09-12,2017-10-06,33.875158083421105,-78.56609467576122,EPSG:32617
EMSR470_1_31PBM_x213695_y1147635_S1RTC,2019-08-21,2019-09-14,2019-10-20,2019-10-20,10.359813422484233,0.3971827087979507,EPSG:32631
EMSR471_1_34UEV_x503115_y5419355_S1RTC,2019-08-15,2019-09-16,2019-10-10,2019-11-15,48.91564288323236,21.059918680477985,EPSG:32634
EMSR265_16_31UEP_x510225_y5379505_S1RTC,2016-12-04,2017-01-09,2017-01-21,2017-02-14,48.557061177939374,3.155850015044373,EPSG:32631
EMSR265_14_31UEQ_x509755_y5412835_S1RTC,2016-12-04,2017-01-06,2017-01-21,2017-02-14,48.85690781219109,3.1503712016494756,EPSG:32631
EMSR342_4_54KWC_x576845_y7705195_S1RTC,2017-12-16,2017-12-28,2018-02-02,2018-03-10,-20.76281984241093,141.75047300292348,EPSG:32754
EMSR279_2_30TWN_x568185_y4726855_S1RTC,2017-02-10,2017-03-24,2017-04-11,2017-04-29,42.67956129616171,-2.1522121795513125,EPSG:32630
EMSR186_4_17RNL_x527805_y3032915_S1RTC,NaN,2015-09-21,2015-10-15,NaN,27.40781336379325,-80.70583186310454,EPSG:32617
EMSR482_5_16PFC_x634465_y1756285_S1RTC,2019-09-25,2019-11-02,2019-11-14,2019-12-08,15.870394943158745,-85.73220458763868,EPSG:32616
EMSR333_1_33STC_x284685_y4198755_S1RTC,2017-09-03,2017-10-15,2017-11-02,2017-11-02,37.89969313900378,12.565606401550891,EPSG:32632
EMSR229_3_14RPR_x610355_y3089405_S1RTC,2016-07-10,NaN,NaN,NaN,27.91342998905164,-97.86560210761752,EPSG:32614
EMSR570_1_56JNN_x520225_y6796395_S1RTC,2021-02-04,2021-03-19,2021-03-31,2021-04-12,-28.971787725634528,153.2206791839826,EPSG:32756
EMSR492_1_30TXP_x641195_y4831105_S1RTC,2019-11-21,2019-12-03,2020-01-02,2020-01-14,43.607821034339416,-1.2345936003963445,EPSG:32630
EMSR184_4_55HCC_x367695_y6286805_S1RTC,2015-07-28,2015-09-02,2015-10-01,2015-10-20,-33.56185944108687,145.5883876531533,EPSG:32755
EMSR279_11_31TCF_x319035_y4508935_S1RTC,2017-02-23,2017-03-25,2017-04-12,2017-05-06,40.70026573406544,0.873096117306131,EPSG:32631
EMSR165_5_31UDQ_x415725_y5423575_S1RTC,2015-04-28,2015-04-28,2015-06-03,2015-06-10,48.94805000446784,1.8663976332829804,EPSG:32631
EMSR352_1_39RTQ_x843765_y3464035_S1RTC,2018-02-17,2018-02-22,2018-04-06,2018-04-06,31.248089433906102,48.62256116290565,EPSG:32639
EMSR328_2_13QDF_x438625_y2503705_S1RTC,2017-09-01,2017-10-07,2017-10-19,2017-10-29,22.627742979795222,-105.5848484882122,EPSG:32613
EMSR779_1_33PVM_x485555_y1158135_S1RTC,2023-09-18,2023-10-24,2023-11-17,2023-12-23,10.465291510835142,14.879655776341046,EPSG:32633
EMSR261_3_32UND_x580935_y5836575_S1RTC,2016-10-09,2016-11-02,2016-12-10,2017-01-18,52.66141323797885,10.215533510420421,EPSG:32633
EMSR565_3_38KRA_x804895_y7548345_S1RTC,2020-12-22,2021-01-27,2021-02-25,2021-02-25,-22.15458270610377,47.96843625581383,EPSG:32739
EMSR311_3_17SPT_x665545_y3771815_S1RTC,2017-07-31,2017-08-19,2017-09-12,2017-10-06,34.06231887104766,-79.19236031810478,EPSG:32617
EMSR203_2_15SVB_x419145_y4111065_S1RTC,NaN,2016-04-14,2016-05-08,2016-06-13,37.13108667036485,-93.89592819688356,EPSG:32615
EMSR407_2_30UXD_x685515_y5884255_S1RTC,2018-09-13,2018-10-24,2018-11-07,2018-11-29,53.063609672997025,-0.21227126992689935,EPSG:32631
EMSR265_6_31UDQ_x460915_y5413795_S1RTC,2016-12-06,2017-01-06,2017-01-23,2017-02-19,48.86448934871725,2.4844602662030857,EPSG:32631
EMSR774_1_15QTA_x200325_y2045095_S1RTC,2023-09-20,2023-10-14,2023-11-04,2023-11-19,18.46369880470532,-95.82530454060637,EPSG:32615
EMSR570_1_56JNN_x515105_y6786155_S1RTC,2021-02-04,2021-03-19,2021-03-31,2021-04-12,-29.06428894863303,153.16827670347422,EPSG:32756
EMSR258_7_34TCK_x392575_y4482825_S1RTC,2016-09-29,2016-11-16,2016-11-28,2016-12-16,40.47785706353308,19.747681554230606,EPSG:32634
EMSR261_3_32UPD_x618235_y5826745_S1RTC,2016-09-29,2016-10-30,2016-12-13,2017-01-01,52.56614569888019,10.763247100087955,EPSG:32632
EMSR472_4_48PZC_x208575_y1714075_S1RTC,2019-08-20,2019-09-17,2019-10-11,2019-10-19,15.475974915707571,108.29590855642523,EPSG:32648
EMSR472_4_48PZC_x203455_y1724315_S1RTC,2019-08-20,2019-09-17,2019-10-11,2019-10-19,15.567857533255685,108.24700420838182,EPSG:32648
EMSR421_4_31TDH_x473065_y4739925_S1RTC,2018-11-28,2019-01-04,2019-01-16,2019-02-13,42.79997056519678,2.6862017549678856,EPSG:32631
EMSR265_26_31UCQ_x391125_y5438065_S1RTC,2016-12-06,2017-01-07,2017-01-26,2017-02-19,49.074562756332334,1.526676248041213,EPSG:32631
EMSR264_1_39LTF_x290625_y8527385_S1RTC,2016-11-18,2016-12-12,2017-01-05,2017-01-29,-13.32508100023462,49.07878281685997,EPSG:32739
EMSR586_1_56HKH_x287825_y6243795_S1RTC,2021-05-02,2021-06-07,2021-07-01,2021-07-25,-33.93667548273361,150.71816413885796,EPSG:32756
EMSR342_4_54KWC_x587085_y7717995_S1RTC,2017-12-16,2017-12-28,2018-02-02,2018-03-10,-20.646714527995574,141.84819405689063,EPSG:32754
EMSR793_2_37LFC_x646675_y8292805_S1RTC,2024-01-25,2024-02-18,2024-03-13,2024-03-25,-15.449065906903472,40.37898871414917,EPSG:32737
EMSR314_1_31PHK_x800595_y980525_S1RTC,2017-07-28,2017-09-02,2017-09-14,2017-10-08,8.848811767727177,5.744283000673964,EPSG:32631
EMSR482_3_16PDC_x413435_y1744085_S1RTC,2019-09-18,2019-11-07,2019-11-19,2019-12-01,15.762357801702493,-87.79620931183184,EPSG:32616
EMSR728_1_32UNV_x513295_y5424215_S1RTC,2023-04-22,2023-05-08,2023-06-01,2023-07-03,48.95920591316734,9.199037679196461,EPSG:32632
EMSR264_17_38KMD_x460005_y7795295_S1RTC,NaN,2016-12-17,2017-01-10,2017-02-03,-19.949900736376975,44.62996532976482,EPSG:32738
EMSR279_11_31TBF_x305945_y4515745_S1RTC,2017-02-17,2017-03-25,2017-04-12,2017-05-06,40.758608278980184,0.7161732350077179,EPSG:32631
EMSR203_3_15SVB_x491305_y4136315_S1RTC,NaN,2016-04-14,2016-05-08,2016-05-08,37.362047512417924,-93.08379216018534,EPSG:32615
EMSR229_3_14RNR_x599185_y3076425_S1RTC,NaN,NaN,NaN,NaN,27.797159689490474,-97.98019449646142,EPSG:32614
EMSR264_5_38KPG_x678315_y8169185_S1RTC,2016-11-23,2016-12-17,2017-01-10,2017-02-03,-16.564128904202516,46.6831435598777,EPSG:32738
EMSR264_4_38LQJ_x793865_y8301195_S1RTC,2016-11-18,2016-12-12,2017-01-05,2017-01-29,-15.360535151141516,47.74904619485202,EPSG:32739
EMSR264_16_38KMD_x493875_y7820965_S1RTC,2016-11-23,2016-12-17,2017-01-10,2017-02-03,-19.71830417630757,44.95371698249406,EPSG:32738
EMSR445_2_34TFR_x658375_y5041485_S1RTC,2019-05-02,2019-06-07,2019-06-24,2019-07-25,45.49714347373996,23.04337647937354,EPSG:32634
EMSR268_2_34VFH_x665685_y6259305_S1RTC,2016-11-27,2017-01-02,2017-01-28,2017-01-31,56.43720615507776,23.708060224547328,EPSG:32635
EMSR405_2_49PBR_x304305_y1527185_S1RTC,2018-09-22,2018-10-04,2018-11-09,2018-12-03,13.796154214923432,109.20149888374243,EPSG:32649
EMSR502_5_29UMT_x488805_y5753245_S1RTC,2019-12-28,2020-01-29,2020-02-19,2020-03-12,51.91837914014102,-9.1442378047867,EPSG:32629
EMSR479_1_15QUA_x403935_y2010695_S1RTC,2019-09-21,2019-10-15,2019-11-08,2019-12-02,18.17176186401071,-93.89624785089235,EPSG:32615
EMSR165_4_31UDQ_x435495_y5428045_S1RTC,2015-04-28,2015-04-28,2015-05-29,2015-06-10,48.99059347715712,2.13568165371331,EPSG:32631
EMSR504_6_56HKH_x286245_y6277845_S1RTC,2020-01-17,2020-03-08,2020-03-20,2020-04-13,-33.629499562659404,150.70927002952007,EPSG:32756
EMSR264_5_38KPG_x688555_y8179425_S1RTC,2016-11-23,2016-12-17,2017-01-10,2017-02-03,-16.470807240760962,46.778234933425125,EPSG:32738
EMSR203_2_15SVB_x411465_y4134105_S1RTC,NaN,2016-04-14,2016-05-08,2016-06-13,37.338055261343115,-93.985078450688,EPSG:32615
EMSR354_2_37LEG_x606505_y8692585_S1RTC,2018-03-14,2018-03-26,2018-05-01,2018-05-25,-11.836724819570842,39.989450407272344,EPSG:32737
EMSR471_3_34UCU_x367085_y5371435_S1RTC,2019-09-09,2019-09-13,2019-10-15,2019-10-15,48.470784359144425,19.218983955727335,EPSG:32634
EMSR186_4_17RNL_x550845_y3043155_S1RTC,NaN,2015-09-21,2015-10-15,NaN,27.4995699356368,-80.4723297256653,EPSG:32617
EMSR273_5_34TCM_x373605_y4646495_S1RTC,2017-01-15,2017-02-14,2017-03-16,2017-04-16,41.94903848753154,19.49043320384875,EPSG:32634
EMSR184_4_55HCC_x321615_y6271445_S1RTC,2015-07-28,2015-09-02,2015-10-01,2015-10-20,-33.693666889439655,145.08911215202468,EPSG:32755
EMSR348_1_37KBA_x277495_y8022345_S1RTC,2018-01-30,2018-02-18,2018-03-14,2018-04-07,-17.887069715057617,36.91191909149803,EPSG:32737
EMSR165_6_31UDQ_x447585_y5417805_S1RTC,2015-04-23,2015-04-28,2015-06-03,2015-06-10,48.89960398895509,2.302216199176558,EPSG:32631
EMSR264_17_38KMD_x475365_y7841375_S1RTC,2016-12-10,2016-12-10,2017-01-10,2017-02-03,-19.53372646521563,44.777332922741515,EPSG:32738
EMSR402_1_49PBR_x299475_y1523865_S1RTC,2018-09-06,2018-10-16,2018-10-28,2018-11-09,13.765818952098202,109.15706999242117,EPSG:32649
EMSR712_5_32UND_x529975_y5847965_S1RTC,2022-11-09,2022-12-06,2022-12-30,2023-01-11,52.76913702599781,9.463185324481527,EPSG:32632
EMSR311_8_17SQV_x710945_y3893585_S1RTC,2017-07-26,2017-08-19,2017-09-12,2017-10-18,35.151329264911055,-78.67026404054673,EPSG:32617
EMSR469_4_48QYD_x767405_y1831645_S1RTC,2019-08-05,2019-09-10,2019-10-04,2019-10-28,16.540182286947676,107.5174189865175,EPSG:32648
EMSR405_3_49PBQ_x299315_y1436045_S1RTC,2018-09-18,2018-10-16,2018-11-05,2018-11-09,12.972111948180654,109.16161671994688,EPSG:32649
EMSR277_3_35TMF_x427965_y4555355_S1RTC,2017-01-24,2017-03-07,2017-03-31,2017-04-24,41.13494594035318,26.156918292429523,EPSG:32635
EMSR429_5_29UPV_x628195_y5991555_S1RTC,2019-01-02,2019-01-31,2019-02-19,2019-02-24,54.04448620615554,-7.022622403633259,EPSG:32629
EMSR280_4_33VWH_x530275_y6767395_S1RTC,2017-03-11,2017-04-04,2017-04-16,2017-05-10,61.028657523877484,15.58386346087424,EPSG:32633
EMSR586_1_56HKH_x280145_y6225875_S1RTC,2021-05-02,2021-06-07,2021-07-01,2021-07-25,-34.09658817002502,150.630646799801,EPSG:32756
EMSR264_4_38LQJ_x745225_y8296075_S1RTC,2016-11-23,2016-12-17,2017-01-10,2017-02-03,-15.411915236098281,47.29678883790514,EPSG:32739
EMSR279_6_30TYM_x746905_y4596055_S1RTC,2017-02-17,2017-03-19,2017-04-12,2017-05-06,41.46623755538351,-0.02816799308556924,EPSG:32631
EMSR321_1_16PDA_x452735_y1498465_S1RTC,2017-08-30,2017-09-18,2017-10-05,2017-11-05,13.542681143570206,-87.4250391504821,EPSG:32616
EMSR437_3_30TXP_x678845_y4848365_S1RTC,2019-04-07,2019-04-07,2019-05-13,2019-05-13,43.75495848260775,-0.7626030192829211,EPSG:32630
EMSR203_2_15SVB_x414025_y4113625_S1RTC,NaN,2016-04-14,2016-05-08,2016-06-13,37.15371021999279,-93.9538528605487,EPSG:32615
EMSR777_1_16QCE_x316535_y1947375_S1RTC,2023-09-29,2023-11-04,2023-11-16,2023-11-28,17.59405870614319,-88.71690659605652,EPSG:32616
EMSR422_7_31TCF_x307975_y4512395_S1RTC,2018-11-21,2019-01-02,2019-01-20,2019-02-01,40.72892612950318,0.7412252908347244,EPSG:32631
EMSR279_11_31TBF_x298265_y4523425_S1RTC,2017-02-17,2017-03-25,2017-04-12,2017-05-06,40.825898674562204,0.6227972832968699,EPSG:32631
EMSR359_2_32TPQ_x641505_y4950005_S1RTC,2018-03-18,2018-04-12,2018-05-06,2018-06-06,44.67773157857838,10.801503402387164,EPSG:32632
EMSR664_2_32TQQ_x741565_y4933975_S1RTC,2022-03-16,2022-04-09,2022-05-15,2022-06-20,44.50675507080714,12.05500358110208,EPSG:32632
EMSR557_3_32VNR_x562405_y7010605_S1RTC,2020-11-12,2020-12-18,2021-01-06,2021-02-02,63.20743931348945,10.266246389469133,EPSG:32632
EMSR482_3_16PDC_x423675_y1754325_S1RTC,2019-09-18,2019-11-07,2019-11-19,2019-12-01,15.855254778528124,-87.70093974524552,EPSG:32616
EMSR229_5_15RUP_x399145_y3318335_S1RTC,NaN,NaN,NaN,2016-10-04,29.980383826562385,-94.03224569807735,EPSG:32615
EMSR280_3_33VWH_x554405_y6697795_S1RTC,2017-03-11,2017-04-04,2017-05-10,2017-05-29,60.40119780695308,16.010535592611813,EPSG:32633
EMSR264_8_39KTU_x272935_y7848575_S1RTC,2016-11-13,2016-12-07,2016-12-31,2017-01-24,-19.456034820621728,48.84919234624186,EPSG:32739
EMSR397_1_31TCG_x341115_y4624505_S1RTC,2018-09-04,2018-09-28,2018-10-22,2018-11-21,41.74526392509885,1.1044837247602748,EPSG:32630
EMSR279_2_30TWN_x593785_y4729415_S1RTC,2017-02-09,2017-03-24,2017-04-10,2017-04-29,42.69987248725327,-1.8393785879393525,EPSG:32630
EMSR481_3_16PFC_x624225_y1748605_S1RTC,2019-09-20,2019-10-02,2019-10-31,2019-11-02,15.801517143911187,-85.8282302821742,EPSG:32616
EMSR186_4_17RNL_x571325_y3012435_S1RTC,NaN,2015-09-21,2015-10-15,NaN,27.22130790671052,-80.2668281811306,EPSG:32617
EMSR779_1_33PWM_x538645_y1129975_S1RTC,2023-09-18,2023-10-24,2023-11-17,2023-12-23,10.210420692130022,15.364483124028977,EPSG:32633
EMSR283_10_32VNP_x530095_y6853225_S1RTC,2017-03-26,2017-04-07,2017-05-08,2017-06-01,61.79915770538334,9.595016509869167,EPSG:32632
EMSR550_13_55HED_x592725_y6312815_S1RTC,2020-09-18,2020-10-12,2020-11-17,2020-11-29,-33.33119936608114,148.0100231098621,EPSG:32755
EMSR311_3_17SQT_x734085_y3752255_S1RTC,2017-07-26,2017-08-19,2017-09-12,2017-10-06,33.872922398517424,-78.45547753608308,EPSG:32617
EMSR444_3_34UFU_x673595_y5335495_S1RTC,2019-04-20,2019-05-18,2019-06-23,2019-07-05,48.137184368645514,23.350552822864525,EPSG:32634
EMSR712_6_32UND_x548655_y5806095_S1RTC,2022-11-09,2022-11-21,2022-12-18,2023-01-11,52.391350013975334,9.73372719725715,EPSG:32632
EMSR554_3_55JGG_x726545_y6661265_S1RTC,2020-09-28,2020-11-15,2020-11-27,2020-12-23,-30.170201588508345,149.36582251745455,EPSG:32755
EMSR402_1_49PBR_x294355_y1523865_S1RTC,2018-09-06,2018-10-16,2018-10-28,2018-11-09,13.765460126627632,109.10973142597237,EPSG:32649
EMSR203_4_15SVA_x416135_y4006695_S1RTC,2016-03-02,2016-04-14,2016-05-01,2016-05-08,36.190058630623575,-93.91856436659914,EPSG:32615
EMSR229_3_14RPR_x610355_y3038205_S1RTC,2016-07-10,NaN,NaN,NaN,27.45130166884968,-97.87036758933857,EPSG:32614
EMSR771_1_32TPQ_x706435_y4953535_S1RTC,2023-08-27,2023-09-24,2023-10-14,2023-11-19,44.69362452840143,11.62145825599914,EPSG:32632
EMSR422_1_31TDG_x463645_y4632975_S1RTC,2018-11-21,2019-01-03,2019-01-27,2019-02-20,41.83641409012582,2.577499464099304,EPSG:32631
EMSR229_4_14RNS_x576205_y3188675_S1RTC,2016-07-10,NaN,NaN,NaN,28.811856753140223,-98.20596424517372,EPSG:32614
EMSR427_4_33VUE_x712495_y6448285_S1RTC,2018-12-29,2019-01-17,2019-02-22,2019-03-18,58.112711196565755,12.629005255561715,EPSG:32632
EMSR203_3_15SVB_x506665_y4146555_S1RTC,NaN,2016-04-14,2016-05-08,2016-05-08,37.45434447799741,-92.91022554953422,EPSG:32615
EMSR402_1_49PBR_x307155_y1534105_S1RTC,2018-09-06,2018-10-16,2018-10-28,2018-11-09,13.858887062224326,109.22738075235907,EPSG:32649
EMSR314_1_31PGK_x796725_y977875_S1RTC,2017-07-16,2017-09-02,2017-09-14,2017-10-08,8.825125195050342,5.708953250085616,EPSG:32632
EMSR274_7_39KTU_x282335_y7872185_S1RTC,2017-01-29,2017-02-17,2017-03-13,2017-04-06,-19.243841694926985,48.941367304366736,EPSG:32739
EMSR565_3_38KRA_x810015_y7545785_S1RTC,2020-12-22,2021-01-27,2021-02-25,2021-02-25,-22.17676763802325,48.01851765628571,EPSG:32739
EMSR265_6_31UDP_x478695_y5388925_S1RTC,2016-11-19,2017-01-14,2017-01-26,2017-02-19,48.64159035324554,2.728096562609768,EPSG:32631
EMSR779_3_33PVN_x481365_y1271385_S1RTC,2023-09-30,2023-10-24,2023-11-17,2023-12-11,11.489505762501,14.840821217576083,EPSG:32633
EMSR422_1_31TDG_x491805_y4630415_S1RTC,2018-11-17,2019-01-03,2019-01-27,2019-02-20,41.81410314749915,2.916684956926804,EPSG:32631
EMSR264_5_38KQG_x715735_y8176785_S1RTC,2016-11-23,2016-12-17,2017-01-10,2017-02-03,-16.492341482641145,47.03298408133003,EPSG:32738
EMSR483_3_33SXD_x662425_y4365325_S1RTC,2019-10-07,2019-10-25,2019-11-18,2019-12-06,39.4104398197378,16.901446482885557,EPSG:32633
EMSR472_4_48PZC_x206015_y1755035_S1RTC,2019-08-20,2019-09-17,2019-10-11,2019-10-19,15.845566290336519,108.26715497925318,EPSG:32648
EMSR229_3_14RNR_x606865_y3058505_S1RTC,NaN,NaN,NaN,NaN,27.634816181325494,-97.90386183205044,EPSG:32614
EMSR482_5_16PFC_x619105_y1763965_S1RTC,2019-09-20,2019-11-02,2019-11-14,2019-12-08,15.940605144326595,-85.87525808316734,EPSG:32616
EMSR199_13_17MQM_x711365_y9113775_S1RTC,2016-02-07,2016-03-10,2016-03-26,2016-04-19,-8.024443143718115,-79.07064094802487,EPSG:32717
EMSR352_7_39RTQ_x287295_y3483985_S1RTC,2018-02-17,2018-02-22,2018-04-06,2018-05-12,31.45984901387253,48.7747919662136,EPSG:32639
EMSR200_6_55KET_x543235_y7791185_S1RTC,2016-02-03,2016-03-10,2016-04-03,2016-04-03,-19.986916713444252,147.42546638947945,EPSG:32755
EMSR773_6_31TBE_x760655_y4488945_S1RTC,2023-09-20,2023-10-02,2023-11-01,2023-12-07,40.49841975185443,0.09089834360034431,EPSG:32631
EMSR280_1_33VVH_x418135_y6715485_S1RTC,2017-03-11,2017-04-04,2017-04-16,2017-05-22,60.555780885294205,13.530355027325012,EPSG:32632
EMSR442_7_35WNU_x547285_y7805605_S1RTC,2019-04-22,2019-05-04,2019-06-08,2019-06-09,70.34021579239759,28.293351104823458,EPSG:32635
EMSR350_2_50KPC_x649775_y7762445_S1RTC,2018-02-08,2018-02-15,2018-03-23,2018-04-04,-20.241177839336647,118.4460982707476,EPSG:32750
EMSR279_2_30TXN_x616335_y4727265_S1RTC,2017-02-09,2017-03-18,2017-04-10,2017-04-17,42.677396436363544,-1.5645795915171947,EPSG:32630
EMSR314_2_32NKP_x246335_y873895_S1RTC,2017-07-23,2017-08-28,2017-09-21,2017-10-15,7.888105685105846,6.710902908892682,EPSG:32632
EMSR712_6_32UNC_x556075_y5786235_S1RTC,2022-11-09,2022-11-21,2022-12-27,2023-01-20,52.21209100803745,9.839370280520601,EPSG:32633
EMSR793_1_37LFD_x623635_y8363725_S1RTC,2024-01-13,2024-02-18,2024-03-13,2024-03-25,-14.809233556170073,40.16078050235729,EPSG:32737
EMSR472_1_48QYD_x713265_y1878975_S1RTC,2019-08-20,2019-09-18,2019-10-12,2019-11-17,16.973273627136226,107.01490200258593,EPSG:32648
EMSR402_1_49PBR_x294355_y1521305_S1RTC,2018-09-06,2018-10-16,2018-10-28,2018-11-09,13.742324819503871,109.10991713008075,EPSG:32649
EMSR200_12_56JMP_x506225_y6813605_S1RTC,2016-02-02,2016-02-26,2016-03-26,2016-04-14,-28.81660749381986,153.07686680776277,EPSG:32756
EMSR756_8_33UWT_x549055_y5743305_S1RTC,2023-07-16,2023-09-02,2023-09-17,2023-10-20,51.82682808562976,15.730323260786855,EPSG:32633
EMSR184_4_55HCC_x383055_y6289365_S1RTC,2015-07-28,2015-09-02,NaN,2015-10-20,-33.54055108914165,145.7541590171951,EPSG:32755
EMSR793_1_37LFD_x626195_y8350925_S1RTC,2024-01-13,2024-02-18,2024-03-13,2024-03-25,-14.924816658397631,40.18519812989959,EPSG:32737
EMSR464_1_48QWF_x592905_y2031395_S1RTC,2019-07-17,2019-08-25,2019-09-15,2019-10-21,18.35886062116585,105.89143514591024,EPSG:32648
EMSR421_3_31TDH_x400215_y4762795_S1RTC,2018-11-21,2019-01-08,2019-01-20,2019-02-13,42.999969140853935,1.791419212471893,EPSG:32631
EMSR629_1_42RVR_x424035_y3053175_S1RTC,2021-07-06,2021-07-22,2021-08-23,2021-08-27,27.588967470149612,68.24322196898112,EPSG:32642
EMSR229_5_15RUN_x396565_y3296255_S1RTC,NaN,NaN,NaN,NaN,29.780938584126194,-94.05688290599271,EPSG:32615
EMSR243_1_19QGV_x730705_y1984155_S1RTC,NaN,2016-08-16,NaN,2016-10-13,17.92163272945342,-66.81007016757411,EPSG:32619
EMSR779_1_33PVM_x500915_y1158135_S1RTC,2023-09-18,2023-10-24,2023-11-17,2023-12-23,10.465313604499956,15.020011696708076,EPSG:32633
EMSR470_1_31PBM_x241855_y1175795_S1RTC,2019-08-21,2019-09-14,2019-10-20,2019-10-20,10.616263525953054,0.6522565151491471,EPSG:32631
EMSR712_6_32UND_x540975_y5829135_S1RTC,2022-11-09,2022-11-21,2022-12-18,2023-01-11,52.5991185600595,9.623800793372258,EPSG:32632
EMSR437_6_30TYP_x702105_y4879805_S1RTC,2019-04-07,2019-04-07,2019-05-13,2019-05-13,44.03173870458033,-0.461946805131312,EPSG:32630
EMSR388_2_30SXH_x697125_y4221795_S1RTC,2018-07-29,2018-08-10,2018-09-10,2018-10-09,38.11073215629074,-0.736984453228353,EPSG:32630
EMSR277_3_35TMF_x456125_y4537435_S1RTC,2017-01-24,2017-03-02,2017-03-26,2017-04-19,40.97549306612755,26.493657825616484,EPSG:32635
EMSR427_2_33VVD_x411295_y6345205_S1RTC,2018-12-24,2019-01-17,2019-02-17,2019-03-18,57.23010680946727,13.551759087612156,EPSG:32632
EMSR429_6_29UNV_x510455_y5896265_S1RTC,2018-12-31,2019-01-26,2019-02-19,2019-02-19,53.20410218487006,-8.824383941295231,EPSG:32629
EMSR197_1_39LUD_x361985_y8309255_S1RTC,2016-01-30,2016-01-30,2016-03-18,2016-04-11,-15.301004742185533,49.72638001178342,EPSG:32739
EMSR192_14_32TMQ_x455925_y4974205_S1RTC,2015-09-23,2015-11-06,2015-11-22,2015-12-24,44.908509386551174,8.457820399957084,EPSG:32632
EMSR215_1_32UNC_x604135_y5796875_S1RTC,2016-06-11,2016-07-05,2016-07-26,2016-08-19,52.30061869011917,10.545880873500225,EPSG:32632
EMSR645_2_38KMC_x426845_y7755805_S1RTC,2021-11-14,2022-01-01,2022-01-25,2022-02-06,-20.30578555393273,44.31151846331608,EPSG:32738
EMSR483_3_33SXD_x667545_y4352525_S1RTC,2019-10-07,2019-10-25,2019-11-18,2019-12-06,39.29418200233772,16.957664807524335,EPSG:32633
EMSR712_6_32UND_x546095_y5798415_S1RTC,2022-11-09,2022-11-21,2022-12-18,2023-01-11,52.32253624469946,9.695026779307412,EPSG:32632
EMSR280_2_33VVG_x477095_y6699235_S1RTC,2017-03-11,2017-04-04,2017-04-16,2017-05-22,60.4173818242054,14.607251262520878,EPSG:32633
EMSR283_9_32VPM_x616855_y6654005_S1RTC,2017-04-07,2017-04-26,2017-05-08,2017-05-13,59.99486291881138,11.117784815772156,EPSG:32633
EMSR203_3_15SVA_x498845_y4092065_S1RTC,NaN,2016-04-14,2016-05-08,2016-05-08,36.96319963632734,-92.99865197209301,EPSG:32615
EMSR779_3_33PVN_x450645_y1263705_S1RTC,2023-09-30,2023-10-24,2023-11-17,2023-12-11,11.419762209857799,14.559252324312162,EPSG:32633
EMSR773_6_31TBE_x786255_y4486385_S1RTC,2023-09-20,2023-10-02,2023-11-01,2023-12-07,40.46692805763086,0.3913501377657071,EPSG:32631
EMSR261_3_32UNC_x594015_y5758565_S1RTC,2016-10-14,2016-10-23,2016-12-13,2017-01-18,51.95813342300217,10.38678348046228,EPSG:32633
EMSR773_6_31TBE_x768335_y4481265_S1RTC,2023-09-20,2023-10-02,2023-11-01,2023-12-07,40.42687856374754,0.178134571813579,EPSG:32631
EMSR264_17_38KMD_x457445_y7826015_S1RTC,2016-12-10,2016-12-10,2017-01-10,2017-02-03,-19.672241722691073,44.60618454858337,EPSG:32738
EMSR502_5_29UMT_x504165_y5748125_S1RTC,2019-12-28,2020-01-29,2020-02-19,2020-03-12,51.872406447570555,-8.920982542863722,EPSG:32629
EMSR712_6_32UNC_x563755_y5735035_S1RTC,2022-11-09,2022-11-21,2022-12-27,2023-01-20,51.750962480173676,9.942052598927884,EPSG:32633
EMSR261_3_32UPD_x610555_y5813945_S1RTC,2016-09-29,2016-10-30,2016-12-13,2017-01-01,52.45275185845818,10.64568608832713,EPSG:32632
EMSR243_1_19QGA_x748495_y1995935_S1RTC,2016-07-28,NaN,2016-09-14,2016-10-13,18.026054437627113,-66.64081741399929,EPSG:32619
EMSR229_5_15RVP_x426755_y3304095_S1RTC,NaN,NaN,NaN,NaN,29.853814923761103,-93.74510731131565,EPSG:32615
EMSR756_1_33UWS_x566155_y5661445_S1RTC,2023-07-24,2023-09-02,2023-09-14,2023-10-11,51.08906323250229,15.96281141486074,EPSG:32633
EMSR475_5_48QYD_x769575_y1839425_S1RTC,2019-08-29,2019-09-22,2019-10-28,2019-11-12,16.610197199788143,107.53865791961348,EPSG:32648
EMSR184_4_55HCC_x398415_y6258645_S1RTC,2015-07-28,2015-09-02,NaN,2015-10-20,-33.81913100271531,145.91609738684298,EPSG:32755
EMSR203_3_15SVB_x504105_y4110715_S1RTC,NaN,2016-04-14,2016-05-08,2016-05-08,37.131301942677865,-92.939429996035,EPSG:32615
EMSR479_1_15QVA_x438945_y2013215_S1RTC,2019-09-12,2019-10-06,2019-11-08,2019-11-23,18.195796330534908,-93.56531387566113,EPSG:32615
EMSR472_1_48QXE_x634425_y1968175_S1RTC,2019-08-29,2019-09-10,2019-10-12,2019-10-16,17.78534190396122,106.280222612422,EPSG:32648
EMSR265_23_31UDP_x468015_y5300465_S1RTC,2016-11-19,2017-01-02,2017-01-26,2017-02-19,47.84532030102918,2.589538113341017,EPSG:32631
EMSR649_1_33SVA_x503715_y4078395_S1RTC,2021-12-18,2022-01-23,2022-02-04,2022-02-16,36.83995716989831,15.055965416985712,EPSG:32633
EMSR472_1_48QXE_x616505_y1983535_S1RTC,2019-08-29,2019-09-10,2019-10-12,2019-10-16,17.925183659473593,106.11204898632751,EPSG:32648
EMSR203_2_15SVB_x419145_y4134105_S1RTC,NaN,2016-04-14,2016-05-08,2016-06-13,37.33874535325898,-93.89838911134959,EPSG:32615
EMSR352_1_39RTQ_x838645_y3476835_S1RTC,2018-02-17,2018-02-22,2018-04-06,2018-04-06,31.364859151578397,48.57324926539908,EPSG:32639
EMSR277_2_35TMF_x476605_y4593955_S1RTC,2017-01-25,2017-03-02,2017-03-26,2017-04-19,41.485424981202605,26.735031171073985,EPSG:32635
EMSR264_1_39LTF_x280385_y8545305_S1RTC,2016-11-18,2016-12-12,2017-01-05,2017-01-29,-13.162406349982401,48.985618050130924,EPSG:32739
EMSR203_3_15SVB_x450345_y4103035_S1RTC,NaN,2016-04-14,2016-05-08,2016-05-08,37.06083957923155,-93.54417333488999,EPSG:32615
EMSR200_3_55KFS_x698685_y7678565_S1RTC,NaN,NaN,NaN,NaN,-20.994211853409976,148.92366459884735,EPSG:32756
EMSR777_1_16QBE_x304065_y1906545_S1RTC,2023-10-03,2023-11-04,2023-11-16,2023-11-28,17.224122998394282,-88.8306996914159,EPSG:32616
EMSR629_2_42RVR_x464515_y3093395_S1RTC,2021-07-06,2021-08-03,2021-08-23,2021-09-20,27.953680408762068,68.65221325255119,EPSG:32642
EMSR481_1_16PDC_x426235_y1718485_S1RTC,2019-09-18,2019-10-19,2019-11-05,2019-12-01,15.531336007826818,-87.67596331420721,EPSG:32616
EMSR312_6_51QUU_x353485_y1894175_S1RTC,2017-07-11,2017-08-16,2017-09-09,2017-10-03,17.11602771443583,121.63478150006672,EPSG:32651
EMSR586_3_56HKH_x296685_y6294795_S1RTC,2021-05-02,2021-06-07,2021-07-01,2021-07-25,-33.478761791480814,150.8255827871372,EPSG:32756
EMSR167_4_31UFS_x663795_y5649665_S1RTC,2015-04-26,2015-05-03,2015-06-01,2015-07-02,50.96343817003966,5.35073214382687,EPSG:32631
EMSR407_2_30UXD_x662475_y5876575_S1RTC,2018-09-13,2018-10-24,2018-11-07,2018-11-29,53.00219028673461,-0.5596632000062224,EPSG:32631
EMSR251_2_32VML_x473555_y6505875_S1RTC,2016-09-10,2016-10-04,2016-10-16,2016-10-28,58.68087853466554,8.565905430212025,EPSG:32632
EMSR514_1_21NUH_x331575_y791195_S1RTC,2020-04-12,2020-05-18,2020-06-11,2020-06-11,7.143798859841754,-58.51363674348594,EPSG:32621
EMSR779_3_33PWN_x502795_y1271385_S1RTC,2023-09-30,2023-11-05,2023-11-17,2023-12-11,11.489546815177977,15.037319036186755,EPSG:32633
EMSR427_4_33VUD_x704075_y6388295_S1RTC,2018-12-29,2019-01-17,2019-02-17,2019-02-22,57.57883252794178,12.434728264550651,EPSG:32632
EMSR570_1_56JNN_x527905_y6798955_S1RTC,2021-02-04,2021-03-19,2021-03-31,2021-04-12,-28.94852900361069,153.29944057637755,EPSG:32756
EMSR203_3_15SVA_x465565_y4097185_S1RTC,NaN,2016-04-14,2016-05-08,2016-05-08,37.00876837704424,-93.37272656094075,EPSG:32615
EMSR229_4_14RNS_x540365_y3193795_S1RTC,2016-07-10,NaN,NaN,NaN,28.85973048675633,-98.5730615540496,EPSG:32614
EMSR352_1_39RTQ_x823285_y3451235_S1RTC,2018-02-18,2018-02-22,2018-04-07,2018-04-07,31.138678339163,48.40374102134846,EPSG:32639
EMSR251_3_32VNL_x517955_y6546675_S1RTC,2016-08-29,2016-09-27,2016-10-16,2016-10-21,59.04759495675183,9.33517596227314,EPSG:32632
EMSR277_2_35TMF_x466365_y4576035_S1RTC,2017-01-25,2017-03-02,2017-03-26,2017-04-19,41.323664439120286,26.613329645485482,EPSG:32635
EMSR706_1_31UDR_x441205_y5594725_S1RTC,2022-09-01,2022-10-12,2022-11-17,2022-11-29,50.49020243096668,2.189120051189641,EPSG:32631
EMSR279_4_30TXM_x650035_y4625425_S1RTC,2017-02-17,2017-03-12,2017-04-11,2017-04-17,41.75477099479933,-1.1799798585496724,EPSG:32631
EMSR342_4_54KWC_x581965_y7702635_S1RTC,2017-12-16,2017-12-28,2018-02-02,2018-03-10,-20.785727599455964,141.7997774071767,EPSG:32754
EMSR728_1_32UNV_x536335_y5419095_S1RTC,2023-04-22,2023-05-08,2023-06-01,2023-07-03,48.91217729046594,9.513300618083854,EPSG:32632
EMSR472_1_48QXE_x636985_y1952815_S1RTC,2019-08-29,2019-09-10,2019-10-12,2019-10-16,17.646381103207933,106.30336658982519,EPSG:32648
EMSR548_1_33SWB_x510365_y4165705_S1RTC,2020-08-19,2020-09-24,2020-10-24,2020-11-11,37.62691536528646,15.131912554047995,EPSG:32633
EMSR273_4_34TCM_x363545_y4646725_S1RTC,2017-01-15,2017-02-14,2017-03-16,2017-04-16,41.949449506880136,19.36905272034388,EPSG:32634
EMSR424_3_38KPG_x660695_y8184395_S1RTC,2018-12-07,NaN,2019-02-05,2019-03-01,-16.42794760927605,46.516978912591256,EPSG:32738
EMSR645_6_38KQG_x776085_y8199745_S1RTC,2021-11-28,2021-12-22,2022-01-27,2022-01-27,-16.278739130158296,47.5952299395647,EPSG:32739
EMSR274_8_39KTU_x255615_y7800595_S1RTC,2017-01-24,2017-02-17,2017-03-13,2017-04-06,-19.88724266038825,48.67806989252864,EPSG:32739
EMSR762_2_32TPQ_x695925_y4925195_S1RTC,2023-07-26,2023-08-27,2023-09-12,2023-10-18,44.44169739934844,11.478088895071648,EPSG:32632
EMSR267_1_34UEG_x529525_y6122915_S1RTC,2016-12-09,2016-12-31,2017-01-26,2017-01-31,55.240306667751476,21.484388042476844,EPSG:32634
EMSR511_3_34WFU_x368655_y7315195_S1RTC,2020-04-14,2020-04-21,2020-05-17,2020-05-27,65.91968389335905,24.14236557738304,EPSG:32634
EMSR502_5_29UNT_x515745_y5753375_S1RTC,2019-12-28,2020-02-02,2020-02-26,2020-03-21,51.91937620739927,-8.75252187293786,EPSG:32629
EMSR788_1_30UWU_x585605_y5298375_S1RTC,2023-11-25,2024-01-12,2024-01-24,2024-02-21,47.82138148454739,-1.8393116938539593,EPSG:32630
EMSR471_5_33UXP_x645715_y5366005_S1RTC,2019-09-06,2019-09-26,2019-10-08,2019-10-20,48.41856274434106,16.986663993215647,EPSG:32634
EMSR567_13_56HKJ_x306255_y6301595_S1RTC,2020-12-21,2021-02-07,2021-02-28,2021-03-12,-33.41923176221414,150.929975227353,EPSG:32756
EMSR199_10_17MNP_x548625_y9399605_S1RTC,2016-01-31,2016-02-24,2016-04-03,2016-04-03,-5.4431647432223205,-80.54954818656935,EPSG:32717
EMSR184_4_55HCC_x311375_y6268885_S1RTC,2015-07-28,2015-09-02,2015-10-01,2015-10-20,-33.71498424287912,144.97814770261988,EPSG:32755
EMSR429_6_29UMU_x490965_y5899685_S1RTC,2018-12-21,2019-01-26,2019-02-19,2019-02-19,53.23491760079716,-9.116262464643317,EPSG:32629
EMSR756_1_33UWS_x581515_y5653765_S1RTC,2023-07-23,2023-09-02,2023-09-14,2023-10-11,51.01800456886702,16.18032987732346,EPSG:32633
EMSR557_3_32VNR_x564965_y7002925_S1RTC,2020-11-12,2020-12-18,2021-01-06,2021-02-04,63.13806665956229,10.314010100138686,EPSG:32632
EMSR279_4_30TXM_x637235_y4638225_S1RTC,2017-02-17,2017-03-12,2017-04-11,2017-04-17,41.87234657130626,-1.3308878623310914,EPSG:32631
EMSR314_2_32NKP_x266815_y871335_S1RTC,2017-07-23,2017-08-28,2017-09-21,2017-10-15,7.865939018067557,6.896677485719623,EPSG:32632
EMSR265_23_31UDP_x485935_y5300465_S1RTC,2016-11-19,2017-01-02,2017-01-26,2017-02-19,47.845926762686084,2.8290503062127446,EPSG:32631
EMSR264_9_39KTT_x278085_y7789245_S1RTC,2016-11-13,2016-12-31,2016-12-31,NaN,-19.992409438062676,48.89120484038797,EPSG:32739
EMSR200_6_55KEU_x561245_y7818725_S1RTC,NaN,NaN,NaN,NaN,-19.73755939393993,147.59668464261912,EPSG:32755
EMSR777_1_16QCE_x342135_y1929455_S1RTC,2023-09-29,2023-11-04,2023-11-16,2023-11-28,17.434080852751382,-88.47441490771412,EPSG:32616
EMSR504_6_56HKH_x283685_y6265045_S1RTC,2020-01-17,2020-03-08,2020-03-20,2020-04-13,-33.744338499994164,150.6785899313312,EPSG:32756
EMSR471_5_33UXP_x653395_y5378805_S1RTC,2019-09-06,2019-09-26,2019-10-08,2019-10-20,48.53180187937979,17.095128750524186,EPSG:32634
EMSR771_8_32TNQ_x596375_y4982285_S1RTC,2023-08-15,2023-09-24,2023-10-18,2023-11-11,44.975817239278356,10.238451610594621,EPSG:32632
EMSR264_12_38KQV_x785475_y7478595_S1RTC,2016-11-13,2016-12-31,2017-01-05,2017-01-29,-22.78727648303303,47.792926916753224,EPSG:32739
EMSR324_2_31TDH_x461725_y4780995_S1RTC,2017-08-29,2017-09-11,2017-10-10,2017-10-17,43.16933505050906,2.5448070938726173,EPSG:32631
EMSR264_17_38KMD_x467685_y7802975_S1RTC,NaN,2016-12-17,2017-01-10,2017-02-03,-19.880637008118235,44.70348919095929,EPSG:32738
EMSR184_4_55HCD_x401945_y6301455_S1RTC,2015-08-21,2015-09-02,NaN,2015-11-25,-33.43340114683238,145.95888988404892,EPSG:32755
EMSR456_2_16PHA_x816675_y1552295_S1RTC,2019-06-23,2019-07-17,2019-08-10,2019-09-15,14.011891521495548,-84.05676664462287,EPSG:32616
EMSR779_3_33PVP_x468675_y1306585_S1RTC,2023-09-30,2023-11-05,2023-11-17,2023-12-11,11.807750408754787,14.724149986544617,EPSG:32633
EMSR507_5_51LXK_x650095_y8975485_S1RTC,2020-02-06,2020-03-13,2020-04-03,2020-04-18,-9.277178460164615,124.37810607580025,EPSG:32751
EMSR192_8_32TMR_x429455_y5003755_S1RTC,2015-09-23,2015-10-25,2015-11-22,2015-11-23,45.17239910840942,8.11846194772685,EPSG:32632
EMSR203_3_15SVB_x440105_y4120955_S1RTC,NaN,2016-04-14,2016-05-08,2016-05-08,37.221779314189526,-93.66074890558698,EPSG:32615
EMSR471_5_33UXP_x635475_y5358325_S1RTC,2019-09-06,2019-09-26,2019-10-08,2019-10-17,48.35181077636939,16.845841821276696,EPSG:32634
EMSR629_3_42RVS_x428145_y3124695_S1RTC,2021-06-24,2021-07-22,2021-08-23,2021-08-27,28.23477793915698,68.28060363942053,EPSG:32642
EMSR267_1_34UEG_x539765_y6120355_S1RTC,2016-12-09,2016-12-31,2017-01-26,2017-01-31,55.21655842680199,21.645049040520334,EPSG:32634
EMSR771_8_32TNQ_x596375_y4979725_S1RTC,2023-08-15,2023-09-24,2023-10-18,2023-11-11,44.95277755136966,10.237955920794498,EPSG:32632
EMSR260_10_32TPQ_x651535_y4944625_S1RTC,2016-10-13,2016-11-24,2016-12-06,2016-12-29,44.62725981813336,10.926382562115489,EPSG:32632
EMSR229_5_15RVP_x439555_y3327135_S1RTC,NaN,NaN,NaN,NaN,30.062412618228695,-93.61387180907047,EPSG:32615
EMSR444_3_34UFU_x668475_y5338055_S1RTC,2019-04-20,2019-05-18,2019-06-23,2019-07-05,48.161584732922705,23.282809688721468,EPSG:32634
EMSR442_7_35WNU_x554965_y7818405_S1RTC,2019-04-22,2019-05-04,2019-06-08,2019-06-09,70.45337208376158,28.506259673443232,EPSG:32635
EMSR402_1_49PBR_x289235_y1544345_S1RTC,2018-09-06,2018-10-16,2018-10-28,2018-11-09,13.950167875871635,109.06085878319826,EPSG:32649
EMSR348_14_36KXD_x655725_y7889265_S1RTC,2018-01-23,2018-02-16,2018-03-19,2018-04-12,-19.095017594917728,34.49240364439259,EPSG:32736
EMSR264_5_38LPH_x691215_y8218385_S1RTC,2016-11-23,2016-12-17,2017-01-10,2017-02-03,-16.118564548942164,46.79992692306755,EPSG:32738
EMSR264_5_38KPG_x665515_y8184545_S1RTC,2016-11-23,2016-12-17,2017-01-10,2017-02-03,-16.42626103430413,46.56209927742432,EPSG:32738
EMSR184_3_55HED_x502625_y6334355_S1RTC,2015-08-21,2015-09-02,2015-10-08,2015-10-20,-33.14100746552907,147.04181545151047,EPSG:32755
EMSR243_1_19QGA_x745935_y1995935_S1RTC,2016-07-28,NaN,2016-09-14,2016-10-13,18.02634767848467,-66.66498287046083,EPSG:32619
EMSR482_3_16PCB_x398465_y1694525_S1RTC,2019-09-20,2019-10-26,2019-11-19,2019-12-07,15.313800299843548,-87.93392651519858,EPSG:32616
EMSR265_14_31UEQ_x514875_y5430755_S1RTC,2016-12-04,2017-01-06,2017-01-21,2017-02-14,49.01799766573379,3.2208814568871054,EPSG:32631
EMSR184_4_55HCC_x303695_y6248405_S1RTC,2015-07-28,2015-09-02,2015-10-01,2015-10-20,-33.89818804756395,144.8907881287058,EPSG:32755
EMSR264_6_39KUA_x307705_y8064895_S1RTC,2016-11-13,2016-12-07,2016-12-31,2017-01-24,-17.50550234605844,49.2007786215926,EPSG:32739
EMSR265_6_31UDQ_x437875_y5408675_S1RTC,2016-12-06,2017-01-06,2017-01-23,2017-02-19,48.81660289966778,2.171097868662743,EPSG:32631
EMSR203_3_15SWA_x521455_y4094615_S1RTC,NaN,2016-04-14,2016-05-08,2016-05-08,36.98591177729551,-92.74458539640645,EPSG:32615
EMSR326_3_30STF_x288965_y4075545_S1RTC,2017-09-13,2017-09-18,2017-10-18,2017-11-05,36.791037889229834,-5.350881707108919,EPSG:32630
EMSR359_2_32TPQ_x651745_y4952565_S1RTC,2018-03-18,2018-04-12,2018-05-06,2018-06-06,44.69865405331422,10.931399754975995,EPSG:32632
EMSR429_5_29UPV_x600035_y5988995_S1RTC,2019-01-02,2019-01-29,2019-02-19,2019-02-22,54.027787014807885,-7.453363247748547,EPSG:32629
EMSR471_5_33UXP_x653395_y5355765_S1RTC,2019-09-06,2019-09-26,2019-10-08,2019-10-20,48.32466038340521,17.086627632983316,EPSG:32634
EMSR472_4_48PZC_x246975_y1703835_S1RTC,2019-08-20,2019-09-17,2019-10-11,2019-10-19,15.38755646215424,108.65459024415934,EPSG:32648
EMSR778_12_16PFB_x621715_y1622275_S1RTC,2023-09-11,2023-11-03,2023-11-15,2023-11-27,14.659716891276455,-85.85783915240671,EPSG:32616
EMSR342_4_54KWC_x594765_y7705195_S1RTC,2017-12-16,2017-12-28,2018-02-02,2018-03-10,-20.761981797549492,141.9226092600277,EPSG:32754
EMSR229_5_15RUP_x394025_y3313215_S1RTC,NaN,NaN,NaN,2016-10-04,29.933759187060435,-94.08481006178623,EPSG:32615
EMSR479_1_15QVA_x431265_y2010655_S1RTC,2019-09-12,2019-10-06,2019-11-08,2019-11-23,18.17243169543553,-93.63785312242607,EPSG:32615
EMSR471_1_34UEU_x515945_y5397245_S1RTC,2019-09-04,2019-09-16,2019-10-10,2019-11-03,48.71652117452152,21.23410515613902,EPSG:32634
EMSR548_1_33SWB_x505245_y4163145_S1RTC,2020-08-19,2020-09-24,2020-10-24,2020-11-11,37.603891450673046,15.073866395410846,EPSG:32633
EMSR166_4_33UUP_x350635_y5362185_S1RTC,2015-04-22,2015-05-04,2015-06-09,2015-06-09,48.383959299743054,12.999825730978985,EPSG:32633
EMSR184_3_55HDC_x443015_y6299755_S1RTC,2015-07-28,2015-09-02,2015-10-20,2015-10-20,-33.451655690372746,146.40056582844494,EPSG:32755
EMSR280_4_33VWH_x555875_y6759715_S1RTC,2017-03-11,2017-04-04,2017-04-16,2017-05-10,60.95683879394421,16.055253783528652,EPSG:32633
EMSR264_5_38LPH_x645135_y8213265_S1RTC,2016-11-23,2016-12-17,2017-01-10,2017-02-03,-16.168035878200225,46.369465107555044,EPSG:32738
EMSR184_5_55HDD_x448845_y6335865_S1RTC,2015-07-28,2015-09-02,2015-09-26,2015-10-20,-33.12624664628237,146.46528373181155,EPSG:32755
EMSR472_1_48QYD_x705585_y1878975_S1RTC,2019-08-25,2019-09-18,2019-10-12,2019-11-17,16.973973462768065,106.9428042230046,EPSG:32648
EMSR347_6_36LXH_x653055_y8255715_S1RTC,2018-01-23,2018-02-28,2018-03-12,2018-03-24,-15.78390242546774,34.44078131519676,EPSG:32736
EMSR429_3_29UMA_x476155_y5993585_S1RTC,2018-12-21,2019-01-26,2019-02-19,2019-03-15,54.07849378924669,-9.344969653640694,EPSG:32629
EMSR501_1_34TCM_x361555_y4651455_S1RTC,2019-11-07,2019-12-13,2020-02-05,2020-02-17,41.99168993161601,19.343950043686576,EPSG:32633
EMSR337_1_34SEG_x556305_y4151995_S1RTC,2017-11-07,2017-12-18,2018-01-11,2018-02-10,37.501616838070966,21.651440989681124,EPSG:32634
EMSR264_16_38KND_x510825_y7813245_S1RTC,2016-11-23,2016-12-17,2017-01-10,2017-02-03,-19.788037996917794,45.11551909815821,EPSG:32738
EMSR167_4_31UFS_x640755_y5647105_S1RTC,2015-04-26,2015-05-03,2015-06-01,2015-07-02,50.9465726296366,5.021861029819706,EPSG:32631
EMSR793_2_37LFC_x626195_y8272325_S1RTC,2024-01-25,2024-02-18,2024-03-13,2024-03-25,-15.635286125771247,40.189195476491456,EPSG:32737
EMSR264_17_38KMD_x442085_y7823455_S1RTC,2016-12-10,2016-12-10,2017-01-10,2017-02-03,-19.694994503435822,44.45957517797371,EPSG:32738
EMSR311_3_17SPT_x696265_y3746215_S1RTC,2017-08-07,2017-08-19,2017-09-12,2017-10-06,33.82624857127332,-78.86543938996364,EPSG:32617
EMSR789_5_17MNU_x573775_y9870095_S1RTC,2023-12-23,2024-01-23,2024-02-28,2024-03-13,-1.186742117889547,-80.32541654300661,EPSG:32717
EMSR445_1_35UMP_x493535_y5339545_S1RTC,2019-05-08,2019-06-09,2019-06-21,2019-06-25,48.19764155403168,26.930157575369073,EPSG:32635
EMSR342_7_54KVE_x506355_y7961385_S1RTC,2017-12-09,2018-01-02,2018-02-19,2018-03-03,-18.449236450186284,141.07225970986096,EPSG:32754
EMSR200_2_55KFT_x654175_y7768665_S1RTC,NaN,NaN,NaN,NaN,-20.184637838271584,148.48767758859046,EPSG:32755
EMSR261_3_32UPC_x629025_y5766455_S1RTC,2016-10-09,2016-10-30,2016-12-13,2017-01-03,52.02193259141831,10.899030707591791,EPSG:32632
EMSR634_1_32TQP_x310785_y4812145_S1RTC,2021-07-15,2021-09-06,2021-09-18,2021-09-30,43.427155375634555,12.678110776350586,EPSG:32633
EMSR482_5_16PFC_x639585_y1751165_S1RTC,2019-09-25,2019-11-02,2019-11-14,2019-12-08,15.823834308255714,-85.68469307907479,EPSG:32616
EMSR712_4_32UNC_x521505_y5775535_S1RTC,2022-11-02,2022-11-21,2022-12-27,2023-01-20,52.11840599264437,9.33270444605403,EPSG:32632
EMSR629_3_42RVS_x425585_y3127255_S1RTC,2021-06-24,2021-07-22,2021-08-23,2021-08-27,28.25774527348837,68.25435155739166,EPSG:32642
EMSR184_4_55HCC_x388175_y6279125_S1RTC,2015-07-28,2015-09-02,NaN,2015-10-20,-33.63343349670111,145.80802482824012,EPSG:32755
EMSR312_5_51QUV_x358685_y1933915_S1RTC,2017-08-04,2017-08-16,2017-09-09,2017-10-03,17.475477062733244,121.68109414545644,EPSG:32651
EMSR482_5_16PFC_x647265_y1756285_S1RTC,2019-09-20,2019-11-02,2019-11-14,2019-12-08,15.869661808080453,-85.61267827219409,EPSG:32616
EMSR777_5_16QCE_x324295_y1953755_S1RTC,2023-09-29,2023-11-04,2023-11-16,2023-11-28,17.652325306579563,-88.64432346826496,EPSG:32616
EMSR417_1_29TNE_x548665_y4454165_S1RTC,2018-10-17,2018-11-28,2018-12-17,2019-01-03,40.224948569217624,-8.413017447966379,EPSG:32629
EMSR467_3_32TLP_x391505_y4883505_S1RTC,2019-08-09,2019-09-15,2019-10-08,2019-11-01,44.085399952678685,7.660742174987339,EPSG:32631
EMSR352_1_39RTQ_x861685_y3433315_S1RTC,2018-02-17,2018-02-22,2018-04-06,2018-04-06,30.96607724458966,48.79931494909747,EPSG:32639
EMSR348_14_36KXD_x653165_y7876465_S1RTC,2018-01-23,2018-02-16,2018-03-19,2018-04-12,-19.21085537091172,34.469098443581025,EPSG:32736
EMSR322_17_16RFV_x663525_y3401485_S1RTC,NaN,2017-09-20,2017-10-14,2017-10-26,30.723370807441498,-85.27880560931801,EPSG:32616
EMSR712_9_32UPC_x620675_y5799005_S1RTC,2022-11-04,2022-12-01,2022-12-18,2022-12-30,52.3163362085853,10.789098921619885,EPSG:32633
EMSR779_3_33PVN_x440405_y1225305_S1RTC,2023-09-30,2023-10-24,2023-11-17,2023-12-11,11.07233717631074,14.466024986216022,EPSG:32633
EMSR165_1_31UDP_x494725_y5356585_S1RTC,2015-04-23,2015-05-01,2015-05-29,2015-07-04,48.35095481811787,2.9460102659005405,EPSG:32631
EMSR229_4_14RPS_x621245_y3183765_S1RTC,2016-07-10,NaN,NaN,NaN,28.76404455278033,-97.74498753489996,EPSG:32614
EMSR429_7_29UNU_x586345_y5892125_S1RTC,2019-01-12,2019-01-29,2019-02-19,2019-02-22,53.15980718617136,-7.689513797868842,EPSG:32629
EMSR261_3_32UPC_x631585_y5789495_S1RTC,2016-10-09,2016-10-30,2016-12-13,2017-01-03,52.228353796805315,10.945315103028072,EPSG:32632
EMSR264_5_38LPH_x686095_y8213265_S1RTC,2016-11-23,2016-12-17,2017-01-10,2017-02-03,-16.165227340281426,46.75247455015217,EPSG:32738
EMSR586_1_56HKH_x290385_y6236115_S1RTC,2021-05-02,2021-06-07,2021-07-01,2021-07-25,-34.00639739925207,150.74401525278452,EPSG:32756
EMSR277_2_35TMF_x451005_y4581155_S1RTC,2017-01-24,2017-03-01,2017-03-25,2017-04-18,41.369018687572954,26.42939749927235,EPSG:32635
EMSR472_1_48QXE_x616505_y1988655_S1RTC,2019-08-29,2019-09-10,2019-10-12,2019-10-16,17.97145297447925,106.11233819200783,EPSG:32648
EMSR200_6_55KEU_x553565_y7803365_S1RTC,2016-02-03,2016-03-10,2016-04-03,2016-04-27,-19.876589203385883,147.52384409431937,EPSG:32755
EMSR265_21_31UEP_x606995_y5317085_S1RTC,2016-12-04,2017-01-09,2017-01-25,2017-02-18,47.986423474187006,4.451063240434368,EPSG:32631
EMSR629_1_42RVR_x421475_y3063415_S1RTC,2021-07-06,2021-07-22,2021-08-23,2021-08-27,27.681259424689564,68.21662735526338,EPSG:32642
EMSR419_6_40RGR_x756685_y3044025_S1RTC,2018-11-07,2018-12-06,2019-01-06,2019-01-23,27.48392720913181,59.61075351274401,EPSG:32640
EMSR472_1_48QXE_x667705_y1922095_S1RTC,2019-08-29,2019-09-10,2019-10-12,2019-10-16,17.366680691588282,106.59046937712537,EPSG:32648
EMSR429_6_29UMU_x503765_y5881765_S1RTC,2018-12-21,2019-01-26,2019-02-19,2019-02-19,53.07386413452783,-8.924771378700443,EPSG:32629
EMSR471_4_33UYQ_x752445_y5445275_S1RTC,2019-09-06,2019-09-13,2019-10-12,2019-11-05,49.096469562525186,18.47586360503593,EPSG:32634
EMSR479_1_15QVA_x477345_y2023455_S1RTC,2019-09-12,2019-10-06,2019-11-08,2019-11-23,18.289074997293742,-93.20229169448162,EPSG:32615
EMSR229_3_14RNR_x596625_y3068745_S1RTC,NaN,NaN,NaN,NaN,27.728027497143373,-98.00680825198867,EPSG:32614
EMSR200_12_56JNP_x534265_y6813605_S1RTC,2016-02-02,2016-02-26,2016-04-02,2016-04-26,-28.81613789351686,153.36424328155687,EPSG:32756
EMSR472_1_48QXE_x639545_y1983535_S1RTC,2019-08-29,2019-09-10,2019-10-12,2019-10-16,17.923818148153945,106.32954739562096,EPSG:32648
EMSR350_4_53KMU_x416525_y7833525_S1RTC,2018-02-10,2018-02-22,2018-03-18,2018-04-11,-19.603100162892474,134.21615339993892,EPSG:32753
EMSR779_3_33PVN_x478805_y1227865_S1RTC,2023-09-30,2023-10-24,2023-11-17,2023-12-11,11.095906538803773,14.817596693729056,EPSG:32633
EMSR311_3_17SPT_x696265_y3776935_S1RTC,2017-08-07,2017-08-19,2017-09-12,2017-10-06,34.103117904237266,-78.85850879091365,EPSG:32617
EMSR233_10_19QCB_x399395_y2135385_S1RTC,NaN,2016-08-07,2016-08-31,NaN,19.298344502757526,-69.9454179276978,EPSG:32619
EMSR471_1_34UEV_x508235_y5414235_S1RTC,2019-08-15,2019-09-16,2019-10-10,2019-11-15,48.869527105926714,21.12968174510736,EPSG:32634
EMSR657_1_35UMB_x458825_y6194465_S1RTC,2022-01-24,2022-03-10,2022-04-01,2022-04-18,55.882534620581154,26.36217527387163,EPSG:32635
EMSR200_2_55KFT_x677215_y7740505_S1RTC,NaN,NaN,NaN,NaN,-20.436985059897832,148.71089780596665,EPSG:32755
EMSR347_6_36LXH_x691455_y8296675_S1RTC,2018-01-23,2018-02-28,2018-03-12,2018-03-24,-15.411107348620293,34.795936080017036,EPSG:32736
EMSR261_3_32UPD_x628475_y5793465_S1RTC,2016-09-29,2016-10-30,2016-12-13,2017-01-01,52.26476823764906,10.901331241301605,EPSG:32632
EMSR265_14_31UEQ_x543035_y5402595_S1RTC,2016-12-04,2017-01-06,2017-01-21,2017-02-14,48.76331045901696,3.6029531252422657,EPSG:32631
EMSR482_8_16PEA_x606355_y1599525_S1RTC,2019-09-20,2019-10-31,2019-11-19,2019-12-06,14.454709389614814,-86.0013905288444,EPSG:32616
EMSR481_3_16PFC_x649825_y1751165_S1RTC,2019-09-20,2019-10-02,2019-10-31,2019-11-02,15.82323381510325,-85.58909530890016,EPSG:32616
EMSR279_2_30TWN_x583545_y4765255_S1RTC,2017-02-09,2017-03-24,2017-04-10,2017-04-29,43.02376814928003,-1.9589731400675732,EPSG:32630
EMSR229_5_15RUP_x381225_y3302975_S1RTC,NaN,NaN,NaN,2016-10-04,29.840208521413288,-94.21628665057004,EPSG:32615
EMSR200_12_56JNN_x529045_y6799335_S1RTC,2016-02-02,2016-02-26,2016-04-02,2016-04-26,-28.945072621803178,153.31112868891216,EPSG:32756
EMSR793_1_37LFD_x649235_y8368845_S1RTC,2024-01-13,2024-02-18,2024-03-13,2024-03-25,-14.761634257313329,40.39833700602238,EPSG:32737
EMSR466_1_31PHR_x205445_y1506595_S1RTC,2019-07-13,2019-08-30,2019-09-23,2019-10-05,13.601797659755059,6.289721175259231,EPSG:32631
EMSR427_12_33VWC_x528365_y6228515_S1RTC,2018-12-26,2019-01-17,2019-03-01,2019-03-30,56.189200002218406,15.477583017155414,EPSG:32633
EMSR706_1_31UDS_x466965_y5614075_S1RTC,2022-09-01,2022-10-12,2022-11-17,2022-11-29,50.66617774469459,2.550598489984834,EPSG:32631
EMSR706_1_31UDS_x415765_y5621755_S1RTC,2022-09-01,2022-10-12,2022-11-17,2022-11-29,50.73018490677043,1.824509700301308,EPSG:32631
EMSR706_1_31UDS_x436245_y5624315_S1RTC,2022-09-01,2022-10-12,2022-11-17,2022-11-29,50.75576812956913,2.1142209913523327,EPSG:32631
EMSR479_1_15QVA_x436385_y2005535_S1RTC,2019-09-12,2019-10-06,2019-11-08,2019-11-23,18.126311612550843,-93.58928895758308,EPSG:32615
EMSR779_3_33PVN_x440405_y1238105_S1RTC,2023-09-30,2023-10-24,2023-11-17,2023-12-11,11.18809439984966,14.465814060818895,EPSG:32633
EMSR712_9_32UND_x594435_y5803815_S1RTC,2022-11-09,2022-11-19,2022-12-18,2022-12-30,52.36476953179241,10.40565139957337,EPSG:32632
EMSR311_3_17SQT_x723845_y3775295_S1RTC,2017-07-26,2017-08-19,2017-09-12,2017-10-06,34.08276620490781,-78.56016741224279,EPSG:32617
EMSR477_1_16PFA_x698815_y1565685_S1RTC,2019-09-15,2019-10-14,2019-11-02,2019-12-01,14.143699674076478,-85.1462855294406,EPSG:32616
EMSR283_1_32VPP_x356995_y6818105_S1RTC,2017-03-28,2017-04-09,2017-05-08,2017-05-15,61.45922513462162,12.340544774784808,EPSG:32632
EMSR264_16_38KND_x508265_y7841405_S1RTC,2016-11-23,2016-12-17,2017-01-10,2017-02-03,-19.533569634413503,45.090935160499356,EPSG:32738
EMSR424_1_38LQJ_x749755_y8301335_S1RTC,2018-12-07,NaN,2019-02-05,2019-02-05,-15.363959660803934,47.33844180778277,EPSG:32738
EMSR487_1_32TPQ_x666375_y4952895_S1RTC,2019-10-15,2019-11-15,2019-12-09,2020-01-07,44.69835162261145,11.116045856103009,EPSG:32632
EMSR200_12_56JNP_x518905_y6826405_S1RTC,2016-01-26,2016-03-02,2016-04-07,2016-05-01,-28.700935134578923,153.2065948966921,EPSG:32756
EMSR417_1_29TNE_x510265_y4433685_S1RTC,2018-10-17,2018-11-28,2018-12-17,2019-01-03,40.04184152625531,-8.864724815967048,EPSG:32629
EMSR645_2_38KMC_x426845_y7753245_S1RTC,2021-11-14,2022-01-01,2022-01-25,2022-02-06,-20.328916964140237,44.31141614334558,EPSG:32738
EMSR771_6_32TPQ_x619965_y4967035_S1RTC,2023-08-15,2023-09-24,2023-10-14,2023-11-07,44.83494930948356,10.533881357355744,EPSG:32632
EMSR200_12_56JMP_x498545_y6826405_S1RTC,2016-02-02,2016-02-26,2016-03-26,2016-04-14,-28.701092831867392,152.99815722592248,EPSG:32756
EMSR504_10_55JGH_x775395_y6737225_S1RTC,2020-01-20,2020-02-13,2020-03-20,2020-04-01,-29.475408897915653,149.85309967506257,EPSG:32755
EMSR483_2_33SXD_x667835_y4317565_S1RTC,2019-10-07,2019-10-25,2019-11-18,2019-12-06,38.97927990707927,16.95230834293815,EPSG:32633
EMSR264_5_38LQH_x718415_y8209195_S1RTC,2016-11-23,2016-12-17,2017-01-10,2017-02-03,-16.19929553140503,47.05501441844995,EPSG:32738
EMSR229_4_14RNS_x573645_y3178435_S1RTC,2016-07-10,NaN,NaN,NaN,28.719587719579163,-98.23287398473249,EPSG:32614
EMSR783_1_30VVJ_x451525_y6345245_S1RTC,2023-11-15,2023-12-09,2023-12-26,2024-01-19,57.236380084662166,-3.7819563598534103,EPSG:32630
EMSR504_12_56HKJ_x303765_y6301645_S1RTC,2020-01-17,2020-02-25,2020-03-20,2020-04-10,-33.41833138780263,150.9032215069947,EPSG:32756
EMSR322_17_16RFU_x686735_y3368695_S1RTC,NaN,2017-09-20,2017-10-09,2017-10-09,30.42421370486986,-85.04245987658393,EPSG:32616
EMSR332_1_32TPR_x660265_y5036945_S1RTC,2017-09-14,2017-09-26,2017-10-25,2017-11-13,45.455869591260345,11.066057458101847,EPSG:32633
EMSR229_4_14RNS_x586445_y3170755_S1RTC,2016-07-10,NaN,NaN,NaN,28.649466794212803,-98.10241491448883,EPSG:32614
EMSR788_6_30TWT_x552125_y5275355_S1RTC,2023-12-11,2024-01-09,2024-01-24,2024-02-26,47.61792306579971,-2.2893687272938577,EPSG:32630
EMSR203_3_15SVB_x483625_y4133755_S1RTC,NaN,2016-04-14,2016-05-08,2016-05-08,37.338878810054695,-93.17046798962764,EPSG:32615
EMSR200_3_55KFS_x706365_y7650405_S1RTC,NaN,NaN,NaN,NaN,-21.247645876341547,149.0009235760423,EPSG:32756
EMSR346_3_36KXD_x699875_y7816585_S1RTC,2018-01-30,2018-02-23,2018-03-07,2018-03-31,-19.747600523723683,34.91962345981152,EPSG:32736
EMSR200_12_56JNP_x521465_y6805925_S1RTC,2016-01-26,2016-02-26,2016-04-02,2016-04-26,-28.885748564334197,153.2332140487976,EPSG:32756
EMSR277_3_35TMF_x440765_y4552795_S1RTC,2017-01-24,2017-03-07,2017-03-31,2017-04-24,41.11290216779416,26.309655946168025,EPSG:32635
EMSR352_8_39RTQ_x272525_y3471335_S1RTC,2018-02-17,2018-02-22,2018-04-06,2018-05-12,31.343016483741117,48.62233254887934,EPSG:32639
EMSR445_1_35UMP_x455135_y5339545_S1RTC,2019-05-08,2019-06-09,2019-06-21,2019-06-25,48.19616629875222,26.413420104472852,EPSG:32635
EMSR472_4_48PZC_x221375_y1757595_S1RTC,2019-08-20,2019-09-17,2019-10-11,2019-10-19,15.870446811029826,108.41015778157193,EPSG:32648
EMSR427_7_33VVC_x435575_y6254305_S1RTC,2018-12-24,2019-01-17,2019-03-01,2019-03-18,56.41760995764,13.976372267892495,EPSG:32633
EMSR311_3_17SPT_x698825_y3771815_S1RTC,2017-08-07,2017-08-19,2017-09-12,2017-10-06,34.05648795471574,-78.8319504048727,EPSG:32617
EMSR357_5_45QTB_x275475_y2133125_S1RTC,2018-03-03,2018-03-27,2018-05-02,2018-05-02,19.268022157548884,84.8758162666696,EPSG:32645
EMSR429_6_29UMU_x503765_y5884325_S1RTC,2018-12-21,2019-01-26,2019-02-19,2019-02-19,53.09687672386443,-8.92473124400619,EPSG:32629
EMSR471_1_34UEU_x523625_y5394685_S1RTC,2019-09-04,2019-09-16,2019-10-10,2019-11-03,48.69323217950152,21.33835839964734,EPSG:32634
EMSR629_1_42RVR_x408675_y3045495_S1RTC,2021-07-06,2021-07-22,2021-08-23,2021-08-27,27.5187067582459,68.08817804098173,EPSG:32642
EMSR348_1_37KBA_x282615_y8019785_S1RTC,2018-01-25,2018-02-18,2018-03-14,2018-04-07,-17.910706048948303,36.959957119779,EPSG:32737
EMSR326_3_30STF_x294085_y4070425_S1RTC,2017-09-18,2017-09-18,2017-10-18,2017-11-05,36.74603933223966,-5.292167730754682,EPSG:32630
EMSR507_2_51LZL_x814745_y9053505_S1RTC,2020-02-10,2020-03-05,2020-03-29,2020-04-10,-8.563463080269289,125.87064115501683,EPSG:32751
EMSR311_3_17SQT_x700805_y3747135_S1RTC,2017-07-26,2017-08-19,2017-09-12,2017-10-06,33.83368141896699,-78.81620137700364,EPSG:32617
EMSR469_9_49PCR_x303505_y1524875_S1RTC,2019-08-20,2019-09-17,2019-10-07,2019-10-31,13.775223020991273,109.19426148260028,EPSG:32649
EMSR166_4_33UUP_x350635_y5359625_S1RTC,2015-04-22,2015-05-04,2015-06-09,2015-06-09,48.36094204447794,13.000727369032703,EPSG:32633
EMSR756_1_33UWS_x555915_y5664005_S1RTC,2023-07-24,2023-09-02,2023-09-14,2023-10-11,51.11319388037397,15.817020711009816,EPSG:32633
EMSR167_3_31UFS_x674015_y5662835_S1RTC,2015-04-26,2015-05-03,2015-06-05,2015-07-02,51.07873778581827,5.50249498439837,EPSG:32631
EMSR777_5_16QCE_x321735_y1920475_S1RTC,2023-09-29,2023-11-04,2023-11-16,2023-11-28,17.35142932734344,-88.6657059218834,EPSG:32616
EMSR342_4_54KWC_x566605_y7730795_S1RTC,2017-12-16,2017-12-28,2018-02-02,2018-03-10,-20.531914245747227,141.65112037264615,EPSG:32754
EMSR346_3_36KXD_x692195_y7821705_S1RTC,2018-01-30,2018-02-23,2018-03-07,2018-03-31,-19.702125942889456,34.8458290462467,EPSG:32736
EMSR273_4_34TCM_x363545_y4636485_S1RTC,2017-01-15,2017-02-14,2017-03-16,2017-04-16,41.85725705806719,19.371397834080543,EPSG:32634
EMSR280_3_33VWH_x533925_y6700355_S1RTC,2017-03-11,2017-04-04,2017-05-10,2017-05-29,60.42648320376041,15.639330122126841,EPSG:32633
EMSR482_5_16PEC_x589125_y1725375_S1RTC,2019-09-20,2019-11-07,2019-11-19,2019-12-13,15.593045497564765,-86.15678543612876,EPSG:32616
EMSR507_3_51LYL_x774125_y9006505_S1RTC,2020-02-10,2020-03-05,2020-03-29,2020-04-10,-8.990743587385573,125.5047676099121,EPSG:32751
EMSR442_7_35WNU_x544725_y7803045_S1RTC,2019-04-22,2019-05-04,2019-06-08,2019-06-09,70.31774089746979,28.22381678760675,EPSG:32635
EMSR429_6_29UMU_x493525_y5843365_S1RTC,2018-12-21,2019-01-26,2019-02-19,2019-02-19,52.72866302132345,-9.077002433094615,EPSG:32629
EMSR419_1_40REP_x584855_y2843615_S1RTC,2018-11-05,2018-12-14,2019-01-07,2019-01-28,25.696377065604175,57.85841672666995,EPSG:32640
EMSR184_4_55HCC_x372815_y6253525_S1RTC,2015-07-28,2015-09-02,2015-10-01,2015-10-20,-33.86255509912132,145.63880531490418,EPSG:32755
EMSR229_5_15RUP_x386345_y3333695_S1RTC,NaN,NaN,NaN,2016-10-04,30.117865336134614,-94.16653196799965,EPSG:32615
EMSR352_9_39RTP_x241865_y3361125_S1RTC,2018-02-10,2018-02-22,2018-04-07,2018-05-01,30.343265532611543,48.328026948753894,EPSG:32638
EMSR251_2_32VML_x465875_y6508435_S1RTC,2016-09-10,2016-10-04,2016-10-16,2016-10-28,58.703354437571306,8.433085628105921,EPSG:32632
EMSR332_1_32TPR_x667945_y5024145_S1RTC,2017-09-14,2017-09-26,2017-10-25,2017-11-13,45.33891672428043,11.159821303354171,EPSG:32633
EMSR279_2_30TWN_x580985_y4749895_S1RTC,2017-02-09,2017-03-24,2017-04-10,2017-04-29,42.885751790389875,-1.9926465667597555,EPSG:32630
EMSR487_1_32TPQ_x656135_y4947775_S1RTC,2019-10-15,2019-11-15,2019-12-09,2020-01-07,44.65460802632913,10.985304419169001,EPSG:32632
EMSR200_6_55KEU_x551005_y7823845_S1RTC,2016-02-03,2016-03-10,2016-04-03,2016-04-27,-19.69159063416351,147.49881463172375,EPSG:32755
EMSR774_1_15QTA_x213125_y2029735_S1RTC,2023-09-20,2023-10-14,2023-11-04,2023-11-19,18.326793737045435,-95.70204921745326,EPSG:32615
EMSR427_7_33VVC_x430455_y6238945_S1RTC,2018-12-24,2019-01-17,2019-03-01,2019-03-18,56.27892233479544,13.897384670339425,EPSG:32633
EMSR265_23_31UDP_x485935_y5305585_S1RTC,2016-11-19,2017-01-02,2017-01-26,2017-02-19,47.89199321253666,2.8288987496891416,EPSG:32631
EMSR348_1_37KBA_x280055_y8024905_S1RTC,2018-01-30,2018-02-18,2018-03-14,2018-04-07,-17.864203049855515,36.93633723520241,EPSG:32737
EMSR184_1_55HFD_x606185_y6303415_S1RTC,NaN,2015-09-09,2015-10-03,2015-10-15,-33.414708471549595,148.15574651674243,EPSG:32755
EMSR779_1_33PVM_x454835_y1183735_S1RTC,2023-09-18,2023-10-24,2023-11-17,2023-12-23,10.696588988895599,14.598646173749243,EPSG:32633
EMSR342_4_54KWC_x558925_y7730795_S1RTC,2017-12-16,2017-12-28,2018-02-02,2018-03-10,-20.532175197148007,141.57745506241696,EPSG:32754
EMSR470_1_31PBM_x213695_y1101555_S1RTC,2019-08-21,2019-09-14,2019-10-20,2019-10-20,9.943475392989022,0.40054749591368755,EPSG:32631
EMSR429_6_29UNV_x510455_y5893705_S1RTC,2018-12-31,2019-01-26,2019-02-19,2019-02-19,53.18109010070618,-8.824477948083867,EPSG:32629
EMSR203_3_15SVB_x429865_y4131195_S1RTC,NaN,2016-04-14,2016-05-08,2016-05-08,37.31337428580979,-93.77711041770009,EPSG:32615
EMSR466_1_31PHR_x195205_y1509155_S1RTC,2019-07-13,2019-08-30,2019-09-23,2019-10-05,13.623870424658033,6.1948969018285185,EPSG:32631
EMSR779_3_33PWP_x505335_y1329585_S1RTC,2023-09-30,2023-11-05,2023-11-17,2023-12-23,12.015876877231875,15.060724244265208,EPSG:32633
EMSR483_2_33SXD_x680635_y4332925_S1RTC,2019-10-07,2019-10-25,2019-11-18,2019-12-06,39.11503466192329,17.104091310550718,EPSG:32633
EMSR629_2_42RVR_x479875_y3093395_S1RTC,2021-07-06,2021-08-03,2021-08-23,2021-09-20,27.95398637703731,68.80836555099489,EPSG:32642
EMSR471_5_33UXP_x640595_y5396725_S1RTC,2019-09-06,2019-09-26,2019-10-08,2019-10-17,48.695947277331136,16.92797620573927,EPSG:32634
EMSR328_1_13QCF_x396195_y2538165_S1RTC,2017-09-01,2017-10-07,2017-10-17,2017-10-29,22.936960053679304,-105.99997362318743,EPSG:32613
EMSR706_1_31UDR_x459125_y5584485_S1RTC,2022-09-01,2022-10-12,2022-11-17,2022-11-29,50.39960036918578,2.44281142983273,EPSG:32631
EMSR187_1_35TNL_x569305_y5063815_S1RTC,2015-08-29,2015-09-22,2015-10-08,2015-11-09,45.71281571686728,27.906826603431,EPSG:32635
EMSR472_4_48PZC_x213695_y1719195_S1RTC,2019-08-20,2019-09-17,2019-10-11,2019-10-19,15.5227915048181,108.34299661142985,EPSG:32648
EMSR427_2_33VVD_x408735_y6350325_S1RTC,2018-12-24,2019-01-17,2019-02-17,2019-03-18,57.275588943024026,13.507512100342732,EPSG:32632
EMSR265_6_31UDQ_x435315_y5413795_S1RTC,2016-12-06,2017-01-06,2017-01-23,2017-02-19,48.862400490947174,2.1354371718595275,EPSG:32631
EMSR279_1_30TWN_x508695_y4762255_S1RTC,2017-02-21,2017-03-29,2017-04-10,2017-04-22,43.001422313495866,-2.877678430947564,EPSG:32630
EMSR472_4_48PZC_x221375_y1729435_S1RTC,2019-08-20,2019-09-17,2019-10-11,2019-10-19,15.616123989018273,108.41337857933637,EPSG:32648
EMSR472_1_48QXE_x675385_y1929775_S1RTC,2019-08-29,2019-09-10,2019-10-12,2019-10-16,17.435484086353977,106.66336070349243,EPSG:32648
EMSR326_3_30STF_x299205_y4078105_S1RTC,2017-09-13,2017-09-18,2017-10-18,2017-11-05,36.81631047779046,-5.236869406999389,EPSG:32630
EMSR200_6_55KEU_x553565_y7831525_S1RTC,2016-02-03,2016-03-10,2016-04-03,2016-04-27,-19.6221195821805,147.5230143912125,EPSG:32755
EMSR481_1_16PCC_x406175_y1705725_S1RTC,2019-09-14,2019-10-12,2019-11-05,2019-11-13,15.41533578618219,-87.86252972297555,EPSG:32616
EMSR470_1_31PBM_x226495_y1150195_S1RTC,2019-08-21,2019-09-14,2019-10-20,2019-10-20,10.383869334296103,0.5138082512090568,EPSG:32631
EMSR481_3_16PFC_x642145_y1753725_S1RTC,2019-09-25,2019-10-07,2019-10-31,2019-11-02,15.846825579384369,-85.66064077658143,EPSG:32616
EMSR261_1_32UND_x551925_y5836575_S1RTC,2016-10-09,2016-10-23,2016-12-10,2016-12-10,52.66503609092493,9.786655972678592,EPSG:32632
EMSR311_8_17SPV_x670755_y3903635_S1RTC,2017-07-26,2017-08-19,2017-09-12,2017-10-18,35.24958216091565,-79.10912974218297,EPSG:32617
EMSR203_4_15SVA_x428935_y4011815_S1RTC,NaN,2016-04-14,2016-05-08,2016-05-08,36.237222110168744,-93.77667191348777,EPSG:32615
EMSR397_1_31TCG_x305275_y4601465_S1RTC,2018-09-04,2018-09-28,2018-10-22,2018-11-21,41.5299915956607,0.6812076175664334,EPSG:32630
EMSR167_4_31UFS_x663795_y5639425_S1RTC,2015-04-26,2015-05-03,2015-06-01,2015-07-02,50.871431079714974,5.346098661192196,EPSG:32631
EMSR728_6_32UPU_x613855_y5331485_S1RTC,2023-04-21,2023-04-29,2023-06-04,2023-06-16,48.114736663089595,10.546843745110198,EPSG:32632
EMSR265_23_31UDP_x455215_y5318385_S1RTC,2016-11-19,2017-01-02,2017-01-26,2017-02-19,48.00580458234902,2.4166543918346646,EPSG:32631
EMSR712_6_32UNC_x558635_y5747835_S1RTC,2022-11-09,2022-11-21,2022-12-27,2023-01-20,51.86660826201579,9.870104747042765,EPSG:32633
EMSR788_3_30UWU_x600345_y5324875_S1RTC,2023-12-07,2024-01-12,2024-01-28,2024-02-21,48.05758260173584,-1.6361875894608755,EPSG:32630
EMSR229_5_15RVP_x429315_y3319455_S1RTC,NaN,NaN,NaN,NaN,29.992570501459134,-93.71960162228588,EPSG:32615
EMSR777_5_16QCE_x316615_y1928155_S1RTC,2023-09-29,2023-11-04,2023-11-16,2023-11-28,17.420412165355128,-88.71452251877157,EPSG:32616
EMSR419_5_40RHP_x275005_y2811595_S1RTC,2018-11-19,2018-12-13,2019-01-06,2019-01-09,25.39293110619172,60.7761984378983,EPSG:32640
EMSR347_6_36LXJ_x663415_y8303385_S1RTC,2018-01-23,2018-02-28,2018-03-12,2018-03-24,-15.352422570597565,34.53427685218436,EPSG:32736
EMSR264_1_39LTF_x300865_y8537625_S1RTC,2016-11-18,2016-12-12,2017-01-05,2017-01-29,-13.233230802502945,49.17397763764505,EPSG:32739
EMSR352_7_39RTQ_x294975_y3483985_S1RTC,2018-02-17,2018-02-22,2018-04-06,2018-05-12,31.46122773718824,48.85557153380753,EPSG:32639
EMSR764_2_33UWP_x541445_y5324265_S1RTC,2023-07-31,2023-08-17,2023-09-17,2023-10-11,48.05875838970463,15.573341034423375,EPSG:32633
EMSR280_5_33VVH_x467555_y6780515_S1RTC,2017-03-11,2017-04-04,2017-04-21,2017-05-22,61.14647035839725,14.42102074600554,EPSG:32633
EMSR422_1_31TDG_x468765_y4653455_S1RTC,2018-11-21,2019-01-03,2019-01-21,2019-02-25,42.02107952969638,2.638122036699465,EPSG:32631
EMSR348_1_37KBA_x267255_y8024905_S1RTC,2018-01-30,2018-02-18,2018-03-14,2018-04-07,-17.8628876867587,36.815601885620055,EPSG:32737
EMSR777_5_16QCE_x326855_y1925595_S1RTC,2023-09-29,2023-11-04,2023-11-16,2023-11-28,17.398086963855054,-88.6179406179485,EPSG:32616
EMSR280_2_33VVG_x484775_y6694115_S1RTC,2017-03-11,2017-04-04,2017-04-16,2017-05-22,60.37174929335408,14.7470563830811,EPSG:32633
EMSR200_12_56JNP_x524025_y6813605_S1RTC,2016-01-26,2016-02-26,2016-04-02,2016-04-26,-28.816380311144563,153.25929636675662,EPSG:32756
EMSR264_1_39LTF_x290625_y8535065_S1RTC,2016-11-18,2016-12-12,2017-01-05,2017-01-29,-13.255673763755984,49.0793292063553,EPSG:32739
EMSR199_13_17MQM_x736965_y9098415_S1RTC,2016-02-07,2016-03-05,2016-03-26,2016-04-19,-8.162129000956446,-78.83772957214052,EPSG:32717
EMSR279_11_31TCF_x316475_y4519175_S1RTC,2017-02-23,2017-03-25,2017-04-12,2017-05-06,40.791886462243006,0.8398328805126648,EPSG:32631
EMSR728_1_32UNU_x513325_y5386425_S1RTC,2023-04-05,2023-05-08,2023-06-01,2023-07-03,48.619250413751466,9.19810470717998,EPSG:32632
EMSR422_1_31TDG_x486685_y4625295_S1RTC,2018-11-17,2019-01-03,2019-01-27,2019-02-20,41.76792622416307,2.85514546484793,EPSG:32631
EMSR167_4_31UFS_x663795_y5654785_S1RTC,2015-04-26,2015-05-03,2015-06-01,2015-07-02,51.009441054014324,5.353058024892223,EPSG:32631
EMSR634_7_33TUJ_x345885_y4837275_S1RTC,2021-07-15,2021-09-05,2021-09-12,2021-10-11,43.661289709837625,13.104416245696385,EPSG:32633
EMSR471_1_34UDV_x475545_y5418285_S1RTC,2019-09-04,2019-09-08,2019-10-10,2019-11-03,48.90559919587319,20.683681647456122,EPSG:32634
EMSR352_1_39RTQ_x815605_y3417955_S1RTC,2018-02-18,2018-02-22,2018-04-07,2018-04-07,30.84099273332039,48.31292677761893,EPSG:32639
EMSR728_6_32UPU_x611295_y5318685_S1RTC,2023-04-21,2023-04-29,2023-06-04,2023-06-16,48.00007164677349,10.509092305635296,EPSG:32632
EMSR184_4_55HCD_x376345_y6316815_S1RTC,2015-08-14,2015-09-02,2015-10-01,2015-11-25,-33.29227569626632,145.6856390477154,EPSG:32755
EMSR501_1_34TCM_x358995_y4646335_S1RTC,2019-11-07,2019-12-13,2020-02-05,2020-02-17,41.9451455980241,19.314272054791633,EPSG:32633
EMSR706_1_31UDS_x449045_y5619195_S1RTC,2022-09-01,2022-10-12,2022-11-17,2022-11-29,50.71096489859761,2.2963602298410493,EPSG:32631
EMSR186_4_17RNL_x530365_y2997075_S1RTC,NaN,2015-09-21,2015-10-15,NaN,27.08418787261974,-80.68086018168913,EPSG:32617
EMSR264_16_38KND_x549225_y7808125_S1RTC,2016-11-23,2016-12-17,2017-01-10,2017-02-03,-19.833692488444235,45.482258592022085,EPSG:32738
EMSR777_1_16QCD_x349665_y1845045_S1RTC,2023-10-03,2023-10-27,2023-11-16,2023-11-20,16.67179799535141,-88.39784376871012,EPSG:32616
EMSR492_1_30TXP_x641195_y4836225_S1RTC,2019-11-21,2019-12-03,2020-01-02,2020-01-14,43.65390005456649,-1.2332439065509895,EPSG:32630
EMSR184_3_55HDC_x491655_y6294635_S1RTC,2015-07-28,2015-09-02,2015-10-20,2015-10-20,-33.49926208064212,146.923885334828,EPSG:32755
EMSR277_3_35TMF_x451005_y4527195_S1RTC,2017-01-24,2017-03-02,2017-03-26,2017-04-19,40.88296874897289,26.43359260762681,EPSG:32635
EMSR264_16_38KMD_x506675_y7818405_S1RTC,2016-11-23,2016-12-17,2017-01-10,2017-02-03,-19.741428703524424,45.07587688328945,EPSG:32738
EMSR150_7_30UWE_x594325_y5978535_S1RTC,2014-11-16,NaN,NaN,2015-01-30,53.934893034832626,-1.5437844068603837,EPSG:32631
EMSR229_3_14RPS_x611355_y3131895_S1RTC,2016-07-10,NaN,NaN,NaN,28.296832827982993,-97.8513638727546,EPSG:32614
EMSR274_8_39KTU_x255615_y7798035_S1RTC,2017-01-24,2017-02-17,2017-03-13,2017-04-06,-19.910357749246213,48.677732613615376,EPSG:32739
EMSR629_2_42RVR_x449155_y3083155_S1RTC,2021-07-06,2021-08-03,2021-08-23,2021-09-20,27.86076011709649,68.49649228730264,EPSG:32642
EMSR199_10_17MNP_x540945_y9399605_S1RTC,2016-01-31,2016-02-24,2016-04-03,2016-04-03,-5.4432125693138795,-80.61887510826776,EPSG:32717
EMSR264_17_38KMD_x436965_y7826015_S1RTC,2016-12-10,2016-12-10,2017-01-10,2017-02-03,-19.67170726593186,44.410809665969,EPSG:32738
EMSR779_3_33PWN_x500235_y1253465_S1RTC,2023-09-30,2023-11-05,2023-11-17,2023-12-11,11.327484712318887,15.013837788725192,EPSG:32633
EMSR429_3_29UNV_x500115_y5999595_S1RTC,2018-12-31,2019-01-26,2019-02-19,2019-02-19,54.13300287839992,-8.978726796384828,EPSG:32629
EMSR348_1_37KBA_x287735_y8024905_S1RTC,2018-01-25,2018-02-18,2018-03-14,2018-04-07,-17.864956434962124,37.00878332187965,EPSG:32737
EMSR265_22_31UDQ_x408395_y5426245_S1RTC,2016-12-06,2017-01-06,2017-01-26,2017-02-19,48.97103572669687,1.7657163768416297,EPSG:32631
EMSR229_3_14RNR_x601745_y3091785_S1RTC,NaN,NaN,NaN,NaN,27.93560419183026,-97.9528785867849,EPSG:32614
EMSR783_1_30VVJ_x456645_y6350365_S1RTC,2023-11-15,2023-12-09,2023-12-26,2024-01-19,57.282869424434715,-3.698010726125243,EPSG:32630
EMSR342_4_54KWC_x561485_y7705195_S1RTC,2017-12-16,2017-12-28,2018-02-02,2018-03-10,-20.763400937130324,141.60292147575498,EPSG:32754
EMSR264_8_39KTU_x267815_y7853695_S1RTC,2016-11-13,2016-12-07,2016-12-31,2017-01-24,-19.40921335856599,48.8010699063884,EPSG:32739
EMSR479_1_15QVA_x441505_y2008095_S1RTC,2019-09-12,2019-10-06,2019-11-08,2019-11-23,18.149591158977383,-93.54096328911034,EPSG:32615
EMSR264_1_39LTF_x280385_y8542745_S1RTC,2016-11-18,2016-12-12,2017-01-05,2017-01-29,-13.185541000334393,48.98542878871486,EPSG:32739
EMSR184_4_55HCD_x345625_y6304015_S1RTC,2015-08-14,2015-09-02,2015-10-01,2015-11-25,-33.40375605796335,145.35364153814243,EPSG:32755
EMSR348_1_37KBA_x269815_y8035145_S1RTC,2018-01-30,2018-02-18,2018-03-14,2018-04-07,-17.770665430513308,36.84086233341679,EPSG:32737
EMSR265_23_31UDP_x485935_y5313265_S1RTC,2016-11-19,2017-01-02,2017-01-26,2017-02-19,47.96109219029214,2.8286707030933016,EPSG:32631
EMSR342_4_54KWC_x576845_y7723115_S1RTC,2017-12-16,2017-12-28,2018-02-02,2018-03-10,-20.600908957505307,141.74967747716866,EPSG:32754
EMSR280_2_33VVH_x484825_y6710645_S1RTC,2017-03-11,2017-04-04,2017-04-16,2017-05-22,60.52016672596057,14.746810835072996,EPSG:32633
EMSR470_1_31PBM_x213695_y1129715_S1RTC,2019-08-21,2019-09-14,2019-10-20,2019-10-20,10.197905574797968,0.3985085004913674,EPSG:32631
EMSR200_4_55KFS_x699235_y7689405_S1RTC,NaN,NaN,NaN,NaN,-20.89626069516152,148.9276992973338,EPSG:32756
EMSR472_4_48PZC_x208575_y1749915_S1RTC,2019-08-20,2019-09-17,2019-10-11,2019-10-19,15.799630622712135,108.2916528069428,EPSG:32648
EMSR167_4_31UFS_x666355_y5652225_S1RTC,2015-04-26,2015-05-03,2015-06-01,2015-07-02,50.98569995657397,5.388335203131758,EPSG:32631
EMSR664_7_32TQQ_x273255_y4932495_S1RTC,2022-03-16,2022-04-09,2022-05-15,2022-05-16,44.499081340412104,12.163885481280342,EPSG:32633
EMSR450_3_48QWG_x581245_y2186795_S1RTC,2019-06-11,2019-07-08,2019-07-29,2019-08-25,19.763659270924304,105.78768250100049,EPSG:32648
EMSR200_2_55KFT_x651615_y7763545_S1RTC,NaN,NaN,NaN,NaN,-20.231094951445566,148.46361643644164,EPSG:32755
EMSR437_6_30TYP_x704665_y4869565_S1RTC,2019-04-07,2019-04-07,2019-05-13,2019-05-13,43.93892139672877,-0.43400439066559465,EPSG:32630
EMSR472_3_48PZC_x823735_y1789345_S1RTC,2019-08-17,2019-09-10,2019-10-11,2019-10-23,16.151294492461037,108.03880108742563,EPSG:32648
EMSR629_1_42RVR_x421475_y3055735_S1RTC,2021-07-06,2021-07-22,2021-08-23,2021-08-27,27.611932732031825,68.21712113237848,EPSG:32642
EMSR279_5_30TXM_x674615_y4626245_S1RTC,2017-02-17,2017-03-12,2017-04-11,2017-04-17,41.757089454468584,-0.8842594805558459,EPSG:32631
EMSR427_4_33VUD_x704075_y6395975_S1RTC,2018-12-31,2019-01-17,2019-02-17,2019-02-22,57.64769472244018,12.441237868853031,EPSG:32632
EMSR777_1_16QCE_x347255_y1919215_S1RTC,2023-09-29,2023-11-04,2023-11-16,2023-11-28,17.34189920586368,-88.42550040243509,EPSG:32616
EMSR203_2_15SVB_x414025_y4128985_S1RTC,NaN,2016-04-14,2016-05-08,2016-06-13,37.2921473688532,-93.95559797360386,EPSG:32615
EMSR416_2_30TXP_x661445_y4848125_S1RTC,2018-10-09,2018-12-08,2018-12-08,2019-01-13,43.75682486526408,-0.9786735482155833,EPSG:32630
EMSR350_2_50KPC_x639535_y7759885_S1RTC,2018-02-08,2018-02-15,2018-03-23,2018-04-04,-20.26508522122417,118.3482849408697,EPSG:32750
EMSR184_4_55HCC_x406095_y6256085_S1RTC,2015-07-28,2015-09-02,NaN,2015-10-20,-33.84291790962942,145.9988031925105,EPSG:32755
EMSR779_3_33PVN_x453205_y1227865_S1RTC,2023-09-30,2023-10-24,2023-11-17,2023-12-11,11.095673544200283,14.58318590726758,EPSG:32633
EMSR479_1_15QVA_x418465_y2000415_S1RTC,2019-09-12,2019-10-06,2019-11-08,2019-11-23,18.079445608544315,-93.75847477087403,EPSG:32615
EMSR233_10_19QCB_x399395_y2153305_S1RTC,NaN,2016-08-07,2016-08-31,NaN,19.46027095765005,-69.94635271092677,EPSG:32619
EMSR416_2_30TXP_x661445_y4850685_S1RTC,2018-10-09,2018-12-08,2018-12-08,2019-01-13,43.779860414255324,-0.9778973439526768,EPSG:32630
EMSR184_1_55HEC_x599445_y6278755_S1RTC,NaN,2015-09-09,2015-10-03,2015-10-15,-33.637746255109,148.08604520780474,EPSG:32755
EMSR332_8_32TQS_x300785_y5125015_S1RTC,2017-09-22,2017-10-04,2017-10-28,2017-11-02,46.23840111721053,12.432618345700408,EPSG:32633
EMSR471_5_33UXQ_x652265_y5410975_S1RTC,2019-09-06,2019-09-14,2019-10-12,2019-10-20,48.82129265866733,17.091777369654597,EPSG:32634
EMSR504_1_56JML_x483635_y6578095_S1RTC,2020-01-24,2020-03-12,2020-03-24,2020-04-17,-30.941956671043442,152.84202905131548,EPSG:32756
EMSR203_4_15SVA_x403335_y3999015_S1RTC,2016-03-02,2016-04-14,2016-05-01,2016-05-08,36.119652873069406,-94.0599729933186,EPSG:32615
EMSR468_5_32TMR_x457275_y5026415_S1RTC,2019-08-05,2019-09-22,2019-10-04,2019-10-04,45.378548109972705,8.470589142755976,EPSG:32632
EMSR634_1_32TQP_x305665_y4814705_S1RTC,2021-07-15,2021-09-06,2021-09-18,2021-09-30,43.44888520173321,12.614004012479585,EPSG:32633
EMSR481_1_16PDC_x431355_y1749205_S1RTC,2019-09-18,2019-10-19,2019-11-05,2019-12-01,15.809190143823276,-87.62907138875582,EPSG:32616
EMSR482_8_16PEB_x590935_y1623925_S1RTC,2019-09-20,2019-10-31,2019-11-24,2019-12-18,14.675861994495298,-86.14359660732649,EPSG:32616
EMSR472_3_48QZD_x813435_y1805945_S1RTC,2019-08-20,2019-09-10,2019-10-11,2019-10-23,16.302514470900537,107.94481983446988,EPSG:32649
EMSR251_3_32VML_x473125_y6536385_S1RTC,2016-09-10,2016-10-04,2016-10-16,2016-10-21,58.95485239813033,8.554993347525246,EPSG:32632
EMSR184_4_55HCD_x366105_y6309135_S1RTC,2015-08-14,2015-09-02,2015-10-01,2015-11-25,-33.360315522491256,145.57456257417763,EPSG:32755
EMSR229_4_14RNS_x563405_y3183555_S1RTC,2016-07-10,NaN,NaN,NaN,28.76635335700859,-98.33742633802123,EPSG:32614
EMSR422_7_31TCF_x307975_y4504715_S1RTC,2018-11-21,2019-01-02,2019-01-20,2019-02-01,40.659792996701505,0.743560036431561,EPSG:32631
EMSR184_4_55HCC_x354895_y6289365_S1RTC,2015-07-28,2015-09-02,2015-10-01,2015-10-20,-33.53712873529053,145.4509447731888,EPSG:32755
EMSR397_1_31TCG_x341115_y4606585_S1RTC,2018-09-04,2018-09-28,2018-10-22,2018-11-21,41.58394326795444,1.1092109207775462,EPSG:32630
EMSR424_3_38KPG_x655575_y8179275_S1RTC,2018-12-07,NaN,2019-02-05,2019-03-01,-16.474558310276436,46.469385876682274,EPSG:32738
EMSR280_5_33VVH_x464995_y6767715_S1RTC,2017-03-11,2017-04-04,2017-04-21,2017-05-22,61.03134976140801,14.375739798081932,EPSG:32633
EMSR756_1_33UWS_x596875_y5640965_S1RTC,2023-07-23,2023-09-02,2023-09-14,2023-10-11,50.90051723117549,16.395799348932403,EPSG:32633
EMSR570_1_56JNP_x517685_y6798175_S1RTC,2021-02-04,2021-03-19,2021-03-31,2021-04-12,-28.95576175237661,153.19457833405892,EPSG:32756
EMSR475_5_48QYD_x779815_y1829185_S1RTC,2019-08-29,2019-09-22,2019-10-28,2019-11-12,16.516532486328934,107.63330712065863,EPSG:32648
EMSR265_9_31UDP_x506175_y5361345_S1RTC,2016-11-19,2016-12-25,2017-01-21,2017-02-19,48.3937472967193,3.100640176226302,EPSG:32631
EMSR342_7_54KVE_x470515_y7981865_S1RTC,2017-12-09,2018-01-02,2018-02-19,2018-03-03,-18.26395963544627,140.7331234568495,EPSG:32754
EMSR273_3_34TCM_x372745_y4652945_S1RTC,2017-01-15,2017-02-26,2017-03-16,2017-04-16,42.00697434545989,19.47867900478438,EPSG:32634
EMSR481_1_16PDC_x408315_y1723605_S1RTC,2019-09-18,2019-10-24,2019-11-05,2019-12-01,15.577044743670742,-87.84324255144894,EPSG:32616
EMSR427_4_33VUE_x689455_y6443165_S1RTC,2018-12-29,2019-01-17,2019-02-22,2019-03-18,58.07732227304737,12.234469914886743,EPSG:32632
EMSR261_2_32UNC_x583435_y5772325_S1RTC,2016-10-14,2016-10-21,2016-12-10,2017-01-15,52.08353232397427,10.23625618953241,EPSG:32633
EMSR706_1_31UDS_x408085_y5614075_S1RTC,2022-09-01,2022-10-12,2022-11-17,2022-11-29,50.65998857091321,1.7176013432202262,EPSG:32631
EMSR728_1_32UNU_x526125_y5388985_S1RTC,2023-04-05,2023-05-08,2023-06-01,2023-07-03,48.641850498690076,9.371951849989678,EPSG:32632
EMSR273_2_34TCM_x361595_y4658315_S1RTC,2017-01-15,2017-02-14,2017-03-16,2017-04-16,42.053456523641984,19.34282941102761,EPSG:32634
EMSR352_1_39RTQ_x848885_y3471715_S1RTC,2018-02-17,2018-02-22,2018-04-06,2018-04-06,31.315716231241552,48.67890985646186,EPSG:32639
EMSR777_5_16QCE_x334535_y1992155_S1RTC,2023-09-29,2023-11-04,2023-11-16,2023-11-28,18.000069441021154,-88.55081872237795,EPSG:32616
EMSR348_14_36KXD_x668525_y7889265_S1RTC,2018-01-30,2018-02-23,2018-03-19,2018-04-12,-19.09399185197168,34.61404286330661,EPSG:32736
EMSR565_3_38KRA_x810015_y7548345_S1RTC,2020-12-22,2021-01-27,2021-02-25,2021-02-25,-22.15367185390246,48.01802439421005,EPSG:32739
EMSR728_1_32UMU_x501445_y5386425_S1RTC,2023-04-22,2023-05-08,2023-06-01,2023-07-03,48.61941487679806,9.036907289364384,EPSG:32632
EMSR200_2_55KFT_x646495_y7750745_S1RTC,NaN,NaN,NaN,NaN,-20.34712712811694,148.41566388797196,EPSG:32755
EMSR261_1_32UND_x562165_y5800735_S1RTC,2016-10-09,2016-10-23,2016-12-10,2016-12-10,52.341769048644196,9.931219022643218,EPSG:32632
EMSR203_3_15SWA_x526575_y4086935_S1RTC,NaN,2016-04-14,2016-05-08,2016-05-08,36.91654369954683,-92.68733630174117,EPSG:32615
EMSR712_8_32UND_x579275_y5795795_S1RTC,2022-11-09,2022-11-19,2022-12-18,2022-12-30,52.29511961260369,10.181137468610991,EPSG:32632
EMSR424_3_38KPG_x665815_y8189515_S1RTC,2018-12-07,NaN,2019-02-05,2019-03-01,-16.38132781440707,46.56454927556725,EPSG:32738
EMSR265_23_31UDP_x470575_y5315825_S1RTC,2016-11-19,2017-01-02,2017-01-26,2017-02-19,47.98363340118099,2.622750435442,EPSG:32631
EMSR352_1_38RQU_x794015_y3399395_S1RTC,2018-02-10,2018-02-22,2018-04-07,2018-04-07,30.679335073839614,48.08215559935339,EPSG:32638
EMSR264_6_39KUA_x333305_y8059775_S1RTC,2016-11-13,2016-12-07,2016-12-31,2017-01-24,-17.55380434303444,49.44144020876672,EPSG:32739
EMSR712_5_32UND_x570935_y5832605_S1RTC,2022-11-09,2022-12-06,2022-12-30,2023-01-11,52.62715332993198,10.066837505118908,EPSG:32632
EMSR265_15_31UEQ_x565225_y5413175_S1RTC,2016-12-01,2017-01-06,2017-01-21,2017-02-14,48.8565001922917,3.9065872788124425,EPSG:32631
EMSR475_3_48QXE_x661295_y1934335_S1RTC,2019-08-25,2019-09-22,2019-10-24,2019-11-05,17.477751367163265,106.53107509824785,EPSG:32648
EMSR774_1_15QTA_x208005_y2024615_S1RTC,2023-09-20,2023-10-14,2023-11-04,2023-11-19,18.279878851293446,-95.74971858474942,EPSG:32615
EMSR265_6_31UDQ_x435315_y5421475_S1RTC,2016-12-06,2017-01-06,2017-01-23,2017-02-19,48.931480180877415,2.1342449603866736,EPSG:32631
EMSR184_4_55HCD_x381465_y6306575_S1RTC,2015-08-14,2015-09-02,2015-10-01,2015-11-25,-33.3851862441681,145.73928612379598,EPSG:32755
EMSR249_3_29UMV_x492515_y5899805_S1RTC,2016-09-02,2016-09-14,2016-10-13,2016-11-01,53.23601667505488,-9.093042312843378,EPSG:32629
EMSR184_4_55HCC_x306255_y6279125_S1RTC,NaN,2015-09-07,2015-10-01,2015-10-25,-33.621769672778065,144.9251429869342,EPSG:32755
EMSR472_1_48QXF_x613945_y1993905_S1RTC,2019-08-25,2019-09-27,2019-10-12,2019-11-17,18.019034338446794,106.08845526126952,EPSG:32648
EMSR322_17_16RFU_x694415_y3368695_S1RTC,NaN,2017-09-20,2017-10-09,2017-10-09,30.422990432037764,-84.96253817535116,EPSG:32616
EMSR779_3_33PVN_x478805_y1248345_S1RTC,2023-09-30,2023-10-24,2023-11-17,2023-12-11,11.281124528679367,14.81748077723064,EPSG:32633
EMSR793_2_37LFC_x641555_y8287685_S1RTC,2024-01-25,2024-02-18,2024-03-13,2024-03-25,-15.495634096259577,40.33157232059583,EPSG:32737
EMSR427_2_33VVE_x415325_y6408565_S1RTC,2018-12-24,2019-01-17,2019-02-17,2019-03-18,57.79983717452482,13.596812850918177,EPSG:32633
EMSR347_6_36LXH_x683775_y8258275_S1RTC,2018-01-23,2018-02-28,2018-03-12,2018-03-24,-15.758680768743444,34.72729271215093,EPSG:32736
EMSR199_13_17MQM_x713925_y9098415_S1RTC,2016-02-07,2016-03-10,2016-03-26,2016-04-19,-8.163191512582786,-79.04675340169806,EPSG:32717
EMSR274_13_39LUC_x357175_y8294375_S1RTC,2017-01-29,2017-02-10,2017-03-13,2017-04-06,-15.435238434182926,49.68074148980839,EPSG:32739
EMSR280_3_33VWH_x551845_y6728515_S1RTC,2017-03-11,2017-04-04,2017-05-10,2017-05-29,60.6773231605042,15.972319614116394,EPSG:32633
EMSR184_4_55HCC_x336975_y6286805_S1RTC,2015-07-28,2015-09-02,2015-10-01,2015-10-20,-33.55764399714873,145.25755582245716,EPSG:32755
EMSR229_4_14RPS_x603325_y3191445_S1RTC,2016-07-10,NaN,NaN,NaN,28.834934053336077,-97.92781003823761,EPSG:32614
EMSR472_3_48QYD_x804045_y1810835_S1RTC,2019-08-24,2019-09-17,2019-10-11,2019-11-12,16.347871455822627,107.85767695910963,EPSG:32649
EMSR397_1_31TCG_x320635_y4606585_S1RTC,2018-09-04,2018-09-28,2018-10-22,2018-11-21,41.579641536720565,0.8636747153509424,EPSG:32630
EMSR167_4_31UFS_x671475_y5634305_S1RTC,2015-04-26,2015-05-03,2015-06-01,2015-07-02,50.82318648502935,5.452733242013988,EPSG:32631
EMSR311_3_17SQT_x708485_y3767615_S1RTC,2017-07-26,2017-08-19,2017-09-12,2017-10-06,34.01674840374573,-78.72836619544685,EPSG:32617
EMSR482_5_16PFC_x639585_y1748605_S1RTC,2019-09-25,2019-11-02,2019-11-14,2019-12-08,15.800696584023509,-85.68484259045965,EPSG:32616
EMSR664_7_32TQQ_x275815_y4922255_S1RTC,2022-03-16,2022-04-09,2022-05-15,2022-05-16,44.40779789119779,12.200454280016393,EPSG:32633
EMSR385_5_17RQK_x726385_y2940535_S1RTC,2018-07-14,2018-08-19,2018-08-31,2018-09-27,26.55572709385421,-78.71467172697203,EPSG:32617
EMSR424_3_38KPG_x670935_y8186955_S1RTC,2018-12-07,NaN,2019-02-05,2019-03-01,-16.404099335036758,46.61266732886428,EPSG:32738
EMSR314_2_32NKP_x274495_y871335_S1RTC,2017-07-23,2017-08-28,2017-09-21,2017-10-15,7.866282191856372,6.966301231590523,EPSG:32632
EMSR184_1_55HEC_x607125_y6273635_S1RTC,NaN,2015-09-09,2015-10-03,2015-10-15,-33.683161036078346,148.16946725749457,EPSG:32755
EMSR264_8_39KTU_x278055_y7876735_S1RTC,2016-11-13,2016-12-07,2016-12-31,2017-01-24,-19.202286480026533,48.90119153045984,EPSG:32739
EMSR203_3_15SVA_x460445_y4061345_S1RTC,NaN,2016-04-14,2016-05-08,2016-05-08,36.685497296179456,-93.42846866990483,EPSG:32615
EMSR416_1_30TXP_x659095_y4809155_S1RTC,2018-10-09,2018-11-27,2018-12-08,2019-01-13,43.40665599701452,-1.0193822788548006,EPSG:32630
EMSR347_6_36LXH_x696575_y8294115_S1RTC,2018-01-23,2018-02-28,2018-03-12,2018-03-24,-15.433849346459352,34.84383295874718,EPSG:32736
EMSR328_2_13QDF_x433505_y2503705_S1RTC,2017-09-01,2017-10-07,2017-10-19,2017-10-29,22.627553597331033,-105.63467026191346,EPSG:32613
EMSR429_6_29UMU_x480725_y5899685_S1RTC,2018-12-17,2019-01-26,2019-02-19,2019-02-19,53.23466924864974,-9.269679643043911,EPSG:32629
EMSR479_1_15QVA_x459425_y2036255_S1RTC,2019-09-12,2019-10-06,2019-11-08,2019-11-23,18.40450830985511,-93.3720913557279,EPSG:32615
EMSR165_1_31UDP_x469125_y5359145_S1RTC,2015-04-23,2015-05-01,2015-05-29,2015-07-04,48.37330450888226,2.600300781116379,EPSG:32631
EMSR472_1_48QYD_x703025_y1878975_S1RTC,2019-08-25,2019-09-18,2019-10-12,2019-11-17,16.97420108321195,106.91877087760524,EPSG:32648
EMSR357_5_45QTB_x278035_y2133125_S1RTC,2018-03-03,2018-03-27,2018-05-02,2018-05-02,19.268303517300318,84.90016198570783,EPSG:32645
EMSR758_3_35TNL_x554015_y5049825_S1RTC,2023-07-22,2023-08-15,2023-09-08,2023-10-14,45.588293180287124,27.708804716168885,EPSG:32635
EMSR793_1_37LFD_x636435_y8325325_S1RTC,2024-01-13,2024-02-18,2024-03-13,2024-03-25,-15.15570009818919,40.28177359310785,EPSG:32737
EMSR645_5_38LPH_x646915_y8265455_S1RTC,2021-12-03,2022-01-08,2022-02-01,2022-02-13,-15.696244609562582,46.38287692753968,EPSG:32738
EMSR427_4_33VUE_x694575_y6443165_S1RTC,2018-12-29,2019-01-17,2019-02-22,2019-03-18,58.07509052682233,12.321131658562473,EPSG:32632
EMSR251_2_32VMK_x473345_y6492055_S1RTC,2016-09-03,2016-10-04,2016-10-16,2016-10-28,58.55674998136039,8.563832778769822,EPSG:32632
EMSR229_3_14RNR_x553105_y3058505_S1RTC,NaN,NaN,NaN,NaN,27.638052528692114,-98.4487580330725,EPSG:32614
EMSR352_1_39RTQ_x864245_y3440995_S1RTC,2018-02-17,2018-02-22,2018-04-06,2018-04-06,31.034430174075137,48.828827391460486,EPSG:32639
EMSR793_2_37LFC_x649235_y8285125_S1RTC,2024-01-25,2024-02-18,2024-03-13,2024-03-25,-15.518328962737554,40.403312502452195,EPSG:32737
EMSR279_2_30TXN_x621455_y4757985_S1RTC,2017-02-09,2017-03-18,2017-04-10,2017-04-17,42.95314667182221,-1.4954200992353175,EPSG:32630
EMSR229_5_15RUP_x396585_y3302975_S1RTC,NaN,NaN,NaN,2016-10-04,29.841577000498827,-94.05731380272022,EPSG:32615
EMSR471_5_33UXQ_x649705_y5408415_S1RTC,2019-09-06,2019-09-14,2019-10-12,2019-10-20,48.79890537838121,17.055982897779046,EPSG:32634
EMSR203_3_15SVA_x506525_y4058785_S1RTC,NaN,2016-04-14,2016-05-08,2016-05-08,36.663157988584146,-92.91271948216803,EPSG:32615
EMSR326_2_30SUG_x330415_y4113675_S1RTC,2017-08-25,2017-09-24,2017-10-18,2017-10-19,37.142846394618616,-4.895088962026228,EPSG:32629
EMSR324_2_31TDH_x466845_y4775875_S1RTC,2017-08-29,2017-09-11,2017-10-10,2017-10-17,43.12346450881019,2.608089032198861,EPSG:32631
EMSR645_4_38KMD_x476735_y7822895_S1RTC,2021-11-21,2022-01-08,2022-02-01,2022-02-01,-19.7007461070396,44.79017509080679,EPSG:32738
EMSR326_2_30SUG_x376495_y4113675_S1RTC,2017-08-31,2017-09-24,2017-10-18,2017-10-19,37.150006354099766,-4.376412700237888,EPSG:32629
EMSR472_1_48QXE_x672825_y1904175_S1RTC,2019-08-29,2019-09-10,2019-10-12,2019-10-16,17.20437387807795,106.63721353659749,EPSG:32648
EMSR264_7_39KUA_x309915_y8013615_S1RTC,2016-11-13,2016-12-07,2016-12-31,2017-02-05,-17.968978736319546,49.21700822852265,EPSG:32739
EMSR265_26_31UDQ_x413195_y5424965_S1RTC,2016-12-01,2017-01-07,2017-01-26,2017-02-19,48.960206687762465,1.8315586946092457,EPSG:32631
EMSR203_4_15SVA_x416135_y4019495_S1RTC,NaN,2016-04-14,2016-05-08,2016-05-08,36.3054430390913,-93.91991580536703,EPSG:32615
EMSR264_5_38LPH_x657935_y8223505_S1RTC,2016-11-23,2016-12-17,2017-01-10,2017-02-03,-16.0746908255731,46.48847266654793,EPSG:32738
EMSR471_5_33UXP_x653395_y5381365_S1RTC,2019-09-06,2019-09-26,2019-10-08,2019-10-20,48.55481706924786,17.09607928468396,EPSG:32634
EMSR712_8_32UND_x579275_y5798355_S1RTC,2022-11-09,2022-11-19,2022-12-18,2022-12-30,52.31813036551819,10.18175006924817,EPSG:32632
EMSR424_1_38LQJ_x726715_y8301335_S1RTC,2018-12-07,NaN,2019-02-05,2019-02-05,-15.366108451245097,47.12392640090377,EPSG:32738
EMSR779_1_33PVM_x465075_y1160695_S1RTC,2023-09-18,2023-10-24,2023-11-17,2023-12-23,10.488318997040743,14.692493038800198,EPSG:32633
EMSR279_6_30TYM_x713625_y4598615_S1RTC,2017-02-17,2017-03-18,2017-04-11,2017-05-05,41.498876893332785,-0.42535100470852866,EPSG:32631
EMSR706_1_31UDS_x461845_y5637115_S1RTC,2022-09-01,2022-10-12,2022-11-17,2022-11-29,50.87306269051014,2.475843689186222,EPSG:32631
EMSR265_6_31UDQ_x494195_y5411235_S1RTC,2016-12-04,2017-01-06,2017-01-21,2017-02-19,48.84259597203668,2.9382604399045684,EPSG:32631
EMSR274_6_39KTV_x297825_y7921885_S1RTC,2017-02-05,2017-02-17,2017-03-25,2017-04-06,-18.79651853209425,49.09379543727175,EPSG:32739
EMSR777_1_16QCE_x316535_y1926895_S1RTC,2023-09-29,2023-11-04,2023-11-16,2023-11-28,17.409021454665883,-88.71516917621567,EPSG:32616
EMSR280_2_33VVH_x479705_y6708085_S1RTC,2017-03-11,2017-04-04,2017-04-16,2017-05-22,60.49697259992373,14.653796767683762,EPSG:32633
EMSR280_2_33VVH_x456665_y6726005_S1RTC,2017-03-11,2017-04-04,2017-04-16,2017-05-22,60.656105786844826,14.230638494994633,EPSG:32633
EMSR200_6_55KET_x563715_y7793745_S1RTC,NaN,NaN,NaN,NaN,-19.963206297412945,147.6211346738325,EPSG:32755
EMSR347_6_36LXH_x678655_y8281315_S1RTC,2018-01-23,2018-02-28,2018-03-12,2018-03-24,-15.550846662392653,34.67781724807158,EPSG:32736
EMSR422_1_31TDG_x491805_y4656015_S1RTC,2018-11-17,2019-01-03,2019-01-27,2019-02-20,42.04467644197778,2.9163843926733932,EPSG:32631
EMSR314_2_32NKP_x271935_y863655_S1RTC,2017-07-23,2017-08-28,2017-09-21,2017-10-15,7.796743711659347,6.943433641924801,EPSG:32632
EMSR417_1_29TNE_x530745_y4443925_S1RTC,2018-10-17,2018-11-28,2018-12-17,2019-01-03,40.133569557577154,-8.624148645068061,EPSG:32629
EMSR280_5_33VVH_x459875_y6780515_S1RTC,2017-03-11,2017-04-04,2017-04-21,2017-05-22,61.145784963504525,14.278377621588044,EPSG:32633
EMSR728_1_32UNV_x518415_y5406295_S1RTC,2023-04-22,2023-05-08,2023-06-01,2023-07-03,48.7978609424268,9.268117252233495,EPSG:32632
EMSR264_5_38KQG_x713175_y8174225_S1RTC,2016-11-23,2016-12-17,2017-01-10,2017-02-03,-16.51570122310264,47.009251251152996,EPSG:32738
EMSR779_3_33PVP_x491715_y1337305_S1RTC,2023-09-30,2023-11-05,2023-11-17,2023-12-11,12.085690703396512,14.935584420943044,EPSG:32633
EMSR416_2_30TXP_x658885_y4840445_S1RTC,2018-10-09,2018-12-08,2018-12-08,2019-01-13,43.68827411631901,-1.01274171774427,EPSG:32630
EMSR402_1_49PBR_x294355_y1534105_S1RTC,2018-09-06,2018-10-16,2018-10-28,2018-11-09,13.858000896024988,109.10898517888418,EPSG:32649
EMSR706_1_31UDS_x441365_y5637115_S1RTC,2022-09-01,2022-10-12,2022-11-17,2022-11-29,50.87139286210743,2.1847979334159437,EPSG:32631
EMSR634_1_32TQP_x308225_y4822385_S1RTC,2021-07-14,2021-09-06,2021-09-18,2021-09-30,43.51863546973141,12.642929827608512,EPSG:32633
EMSR629_1_42RVR_x413795_y3058295_S1RTC,2021-07-06,2021-07-22,2021-08-23,2021-08-27,27.634580368323277,68.13911537126461,EPSG:32642
EMSR421_2_31TCH_x379585_y4768425_S1RTC,2018-11-21,2018-12-27,2019-01-20,2019-02-13,43.0476991079506,1.5371883455048485,EPSG:32631
EMSR777_5_16QCE_x324295_y1958875_S1RTC,2023-09-29,2023-11-04,2023-11-16,2023-11-28,17.698585510318974,-88.64474413629179,EPSG:32616
EMSR482_3_16PDC_x408315_y1705685_S1RTC,2019-09-18,2019-11-07,2019-11-19,2019-12-01,15.415050712382799,-87.84258587057728,EPSG:32616
EMSR779_1_33PWM_x554005_y1117175_S1RTC,2023-09-18,2023-10-24,2023-11-17,2023-12-23,10.094468933245636,15.504540486600655,EPSG:32633
EMSR312_6_51QUV_x356115_y1903925_S1RTC,2017-08-04,2017-08-16,2017-09-09,2017-10-03,17.204302851165806,121.65886492047889,EPSG:32651
EMSR203_2_15SVA_x403565_y4086245_S1RTC,2016-03-02,2016-04-14,2016-05-01,2016-06-06,36.905933007160705,-94.06816923657303,EPSG:32615
EMSR229_4_14RPT_x600625_y3204085_S1RTC,2016-07-10,NaN,NaN,NaN,28.949222174608078,-97.95433977239847,EPSG:32614
EMSR712_6_32UNC_x558635_y5701755_S1RTC,2022-11-09,2022-11-21,2022-12-27,2023-01-20,51.45232814985037,9.86220605798062,EPSG:32633
EMSR229_5_15RUP_x391465_y3346495_S1RTC,NaN,NaN,NaN,2016-10-04,30.233816602592448,-94.1146930240841,EPSG:32615
EMSR742_1_34VFJ_x632995_y6293145_S1RTC,2023-06-19,2023-07-06,2023-07-30,2023-09-04,56.75143879343026,23.195879793893642,EPSG:32635
EMSR186_4_17RNL_x527805_y3043155_S1RTC,NaN,2015-09-21,2015-10-15,NaN,27.500258962612723,-80.70558646501787,EPSG:32617
EMSR479_1_15QVA_x441505_y2002975_S1RTC,2019-09-12,2019-10-06,2019-11-08,2019-11-23,18.103316001958568,-93.54082114099253,EPSG:32615
EMSR279_4_30TXM_x657715_y4645905_S1RTC,2017-02-17,2017-03-12,2017-04-11,2017-04-17,41.937629149094356,-1.0821500929929964,EPSG:32631
EMSR416_1_30TXP_x653975_y4816835_S1RTC,2018-10-09,2018-11-27,2018-12-08,2019-01-13,43.476848363617194,-1.0803956553004248,EPSG:32630
EMSR264_4_38LQJ_x770825_y8303755_S1RTC,2016-11-18,2016-12-12,2017-01-05,2017-01-29,-15.339956589341794,47.53432064620846,EPSG:32739
EMSR229_4_14RNS_x514765_y3191235_S1RTC,2016-07-10,NaN,NaN,NaN,28.837199183404763,-98.83557526314043,EPSG:32614
EMSR186_4_17RNL_x527805_y3030355_S1RTC,NaN,2015-09-21,2015-10-15,NaN,27.38470177211699,-80.70589302976649,EPSG:32617
EMSR199_10_17MNQ_x523035_y9421135_S1RTC,2016-01-31,2016-02-24,2016-04-03,2016-04-12,-5.248522874385552,-80.78061901311627,EPSG:32717
EMSR445_2_34TFQ_x675565_y4989405_S1RTC,2019-05-18,2019-06-06,2019-06-23,2019-06-30,45.024561438057404,23.244685776592494,EPSG:32634
EMSR779_3_33PVN_x496725_y1227865_S1RTC,2023-09-30,2023-10-24,2023-11-17,2023-12-11,11.09596117124227,14.981686383084758,EPSG:32633
EMSR265_23_31UDP_x483375_y5318385_S1RTC,2016-11-19,2017-01-02,2017-01-26,2017-02-19,48.00710134889418,2.7941952301222877,EPSG:32631
EMSR777_1_16QCE_x362615_y1937135_S1RTC,2023-09-29,2023-11-04,2023-11-16,2023-11-28,17.504817765478787,-88.282103672562,EPSG:32616
EMSR265_7_31UDP_x458425_y5380005_S1RTC,2016-11-19,2017-01-11,2017-01-23,2017-02-19,48.56036934091546,2.453810793893194,EPSG:32631
EMSR794_1_30TUK_x380575_y4448895_S1RTC,2024-01-04,2024-02-02,2024-03-09,2024-03-22,40.17064140553499,-4.38757979227476,EPSG:32630
EMSR258_13_34TDK_x411845_y4465355_S1RTC,2016-09-29,2016-11-16,2016-11-28,2016-12-23,40.32273151108216,19.977367767777665,EPSG:32634
EMSR203_3_15SVB_x478505_y4108155_S1RTC,NaN,2016-04-14,2016-05-08,2016-05-08,37.108022554336806,-93.22757429660174,EPSG:32615
EMSR279_8_30TXM_x647085_y4630205_S1RTC,2017-02-17,2017-03-18,2017-04-11,2017-04-17,41.798360118926865,-1.2142532288465133,EPSG:32631
EMSR264_1_39LTF_x265025_y8542745_S1RTC,2016-11-18,2016-12-12,2017-01-05,2017-01-29,-13.184388150250141,48.84377419205085,EPSG:32739
EMSR419_6_40RFR_x668275_y3068595_S1RTC,2018-11-15,2018-12-14,2019-01-07,2019-01-23,27.71955001352013,58.719846825782554,EPSG:32640
EMSR264_4_38LQJ_x781065_y8301195_S1RTC,2016-11-18,2016-12-12,2017-01-05,2017-01-29,-15.361973622853657,47.62991426389487,EPSG:32739
EMSR712_5_32UND_x537655_y5847965_S1RTC,2022-11-09,2022-12-06,2022-12-30,2023-01-11,52.76863803727774,9.577012079042362,EPSG:32632
EMSR397_1_31TCG_x320635_y4604025_S1RTC,2018-09-04,2018-09-28,2018-10-22,2018-11-21,41.55659878276709,0.8644340232528757,EPSG:32630
EMSR264_16_38KND_x538985_y7818365_S1RTC,2016-11-23,2016-12-17,2017-01-10,2017-02-03,-19.74139416277909,45.3842497563927,EPSG:32738
EMSR264_1_39LTF_x298305_y8535065_S1RTC,2016-11-18,2016-12-12,2017-01-05,2017-01-29,-13.25619763627992,49.150185631734985,EPSG:32739
EMSR264_17_38KMD_x465125_y7818335_S1RTC,2016-12-10,2016-12-10,2017-01-10,2017-02-03,-19.741790327396558,44.67931330139365,EPSG:32738
EMSR429_3_29UNV_x512915_y5968875_S1RTC,2018-12-31,2019-01-26,2019-02-19,2019-02-19,53.85670179759786,-8.78426260358927,EPSG:32629
EMSR312_5_51QUV_x371485_y1939035_S1RTC,2017-08-04,2017-08-16,2017-09-09,2017-10-03,17.522510282408394,121.80132180161371,EPSG:32651
EMSR264_5_38LPH_x647695_y8213265_S1RTC,2016-11-23,2016-12-17,2017-01-10,2017-02-03,-16.167880517400338,46.393405332855934,EPSG:32738
EMSR482_3_16PDC_x405755_y1741525_S1RTC,2019-09-18,2019-11-07,2019-11-19,2019-12-01,15.73894259409653,-87.86780062830148,EPSG:32616
EMSR407_2_30UXD_x693195_y5879135_S1RTC,2018-09-18,2018-10-24,2018-11-07,2018-11-29,53.01490425599692,-0.10089695816797219,EPSG:32631
EMSR427_4_33VUE_x679215_y6402205_S1RTC,2018-12-29,2019-01-17,2019-02-22,2019-03-18,57.71421803047849,12.030009335600678,EPSG:32632
EMSR311_3_17SPT_x701385_y3784615_S1RTC,2017-08-07,2017-08-19,2017-09-12,2017-10-06,34.17135059111168,-78.8012466335011,EPSG:32617
EMSR200_3_55KFS_x693565_y7637605_S1RTC,NaN,NaN,NaN,NaN,-21.364653912853978,148.8790980658777,EPSG:32756
EMSR229_5_15RUP_x370985_y3320895_S1RTC,NaN,NaN,NaN,2016-10-04,30.000869634398825,-94.32440071123426,EPSG:32615
EMSR570_1_56JNP_x530485_y6800735_S1RTC,2021-02-11,2021-03-19,2021-03-31,2021-04-12,-28.932401386144175,153.3258655211409,EPSG:32756
EMSR712_6_32UND_x533295_y5818895_S1RTC,2022-11-09,2022-11-21,2022-12-18,2023-01-11,52.507606354040576,9.509347696507804,EPSG:32632
EMSR261_3_32UPD_x631035_y5826745_S1RTC,2016-09-29,2016-10-30,2016-12-13,2017-01-01,52.56318377191451,10.951984503873112,EPSG:32632
EMSR311_8_17SPV_x680995_y3903635_S1RTC,2017-07-26,2017-08-19,2017-09-12,2017-10-18,35.2477715587545,-78.99663619518152,EPSG:32617
EMSR312_5_51QUV_x381725_y1954395_S1RTC,2017-08-04,2017-08-16,2017-09-09,2017-10-03,17.66188324978592,121.89693322028647,EPSG:32651
EMSR229_5_15RUP_x404265_y3305535_S1RTC,NaN,NaN,NaN,2016-10-04,29.86528963944042,-93.9780486397754,EPSG:32615
EMSR352_1_39STS_x783735_y3595505_S1RTC,2018-02-18,2018-03-14,2018-04-07,2018-05-01,32.448785771836846,48.03166263261949,EPSG:32639
EMSR165_1_31UDP_x479365_y5351465_S1RTC,2015-04-23,2015-05-01,2015-05-29,2015-07-04,48.30460822225207,2.738926248854591,EPSG:32631
EMSR348_5_36KXD_x661095_y7834945_S1RTC,2018-01-30,2018-02-23,2018-03-19,2018-03-31,-19.585326361413717,34.54805612281406,EPSG:32736
EMSR469_1_48QWF_x592905_y2026275_S1RTC,2019-08-25,2019-09-03,2019-10-09,2019-11-05,18.312590030033434,105.89119801581522,EPSG:32648
EMSR779_1_33PVM_x498355_y1183735_S1RTC,2023-09-18,2023-10-24,2023-11-17,2023-12-23,10.696847025389543,14.996616491693267,EPSG:32633
EMSR712_4_32UNC_x531745_y5749935_S1RTC,2022-11-02,2022-11-21,2022-12-27,2023-01-20,51.88772890020483,9.479788712154368,EPSG:32632
EMSR783_1_30VVJ_x451525_y6332445_S1RTC,2023-11-15,2023-12-09,2023-12-26,2024-01-19,57.12140541753077,-3.7795319183197664,EPSG:32630
EMSR348_14_36KXD_x663405_y7884145_S1RTC,2018-01-23,2018-02-16,2018-03-19,2018-04-12,-19.140666776395797,34.56582370672343,EPSG:32736
EMSR184_4_55HCD_x348185_y6293775_S1RTC,2015-08-14,2015-09-02,2015-10-01,2015-11-25,-33.49644319179409,145.37944417104868,EPSG:32755
EMSR779_3_33PWP_x500215_y1303985_S1RTC,2023-09-30,2023-11-05,2023-11-17,2023-12-23,11.784370801547762,15.013676644979217,EPSG:32633
EMSR472_4_48PZC_x211135_y1757595_S1RTC,2019-08-20,2019-09-17,2019-10-11,2019-10-19,15.869281841142422,108.31461289528015,EPSG:32648
EMSR482_8_16PFB_x615375_y1611195_S1RTC,2019-09-25,2019-10-31,2019-11-24,2019-12-06,14.559836421703563,-85.91719907680545,EPSG:32616
EMSR279_4_30TXM_x637235_y4627985_S1RTC,2017-02-17,2017-03-12,2017-04-11,2017-04-17,41.78015465109787,-1.333281363548744,EPSG:32631
EMSR347_6_36LXH_x665855_y8283875_S1RTC,2018-01-23,2018-02-28,2018-03-12,2018-03-24,-15.528586943957754,34.55831837586569,EPSG:32736
EMSR712_5_32UPD_x634465_y5802855_S1RTC,2022-11-07,2022-12-06,2022-12-30,2023-01-11,52.347692296056245,10.992837409082979,EPSG:32632
EMSR279_2_30TWN_x573305_y4729415_S1RTC,2017-02-09,2017-03-24,2017-04-10,2017-04-29,42.7021331402377,-2.089391203107684,EPSG:32630
EMSR712_5_32UPD_x639585_y5802855_S1RTC,2022-11-07,2022-12-06,2022-12-30,2023-01-11,52.34640109980914,11.067953419282746,EPSG:32632
EMSR279_4_30TXM_x629555_y4640785_S1RTC,2017-02-17,2017-03-12,2017-04-11,2017-04-17,41.89670295085767,-1.4228338570409083,EPSG:32631
EMSR557_3_32VNR_x559845_y7025965_S1RTC,2020-11-12,2020-12-18,2021-01-06,2021-02-02,63.34570722303193,10.221169764732746,EPSG:32632
EMSR645_10_38KLF_x395835_y8006945_S1RTC,2021-11-14,2022-01-01,2022-01-25,2022-02-06,-18.035017605825097,44.02792588211885,EPSG:32738
EMSR779_1_33PVM_x477875_y1168375_S1RTC,2023-09-18,2023-10-24,2023-11-17,2023-12-23,10.5578703000413,14.809421262775473,EPSG:32633
EMSR479_1_15QVV_x469655_y1989035_S1RTC,2019-09-12,2019-10-06,2019-11-08,2019-12-05,17.97788205649849,-93.27456610849086,EPSG:32615
EMSR280_1_33VVH_x415575_y6741085_S1RTC,2017-03-11,2017-04-04,2017-04-16,2017-05-22,60.78502406754086,13.472843476501655,EPSG:32632
EMSR779_3_33PVN_x455765_y1238105_S1RTC,2023-09-30,2023-10-24,2023-11-17,2023-12-11,11.188312604304416,14.606502285895845,EPSG:32633
EMSR779_1_33PWM_x513045_y1158135_S1RTC,2023-09-18,2023-10-24,2023-11-17,2023-12-23,10.465287369447577,15.130852622837331,EPSG:32633
EMSR229_3_14RNR_x581265_y3061065_S1RTC,NaN,NaN,NaN,NaN,27.65973283232135,-98.16314894767827,EPSG:32614
EMSR429_5_29UPV_x615395_y5999235_S1RTC,2019-01-02,2019-02-02,2019-02-19,2019-02-26,54.116533652970105,-7.215046052168732,EPSG:32629
EMSR312_6_51QUV_x361235_y1919285_S1RTC,2017-08-04,2017-08-16,2017-09-09,2017-10-03,17.343425636472436,121.70603671590818,EPSG:32651
EMSR264_7_39KUA_x325275_y8016175_S1RTC,2016-11-13,2016-12-07,2016-12-31,2017-02-05,-17.947127733297112,49.3622251494553,EPSG:32739
EMSR347_6_36LXH_x694015_y8286435_S1RTC,2018-01-23,2018-02-28,2018-03-12,2018-03-24,-15.503444748137968,34.82059068375181,EPSG:32736
EMSR265_22_31UDQ_x426315_y5428805_S1RTC,2016-12-06,2017-01-06,2017-01-26,2017-02-19,48.99642092111241,2.010079169023693,EPSG:32631
EMSR265_26_31UCQ_x393685_y5448305_S1RTC,2016-12-06,2017-01-07,2017-01-26,2017-02-19,49.16708886646653,1.5590517186057067,EPSG:32631
EMSR422_6_30TYK_x740345_y4403325_S1RTC,2018-12-15,2019-01-08,2019-01-20,2019-02-06,39.734122707029165,-0.18050609946036675,EPSG:32631
EMSR416_1_30TXP_x651415_y4814275_S1RTC,2018-10-09,2018-11-27,2018-12-08,2019-01-13,43.454336658546,-1.1127491197254518,EPSG:32630
EMSR165_6_31UDQ_x447585_y5422925_S1RTC,2015-04-23,2015-04-28,2015-06-03,2015-06-10,48.945658743594294,2.301574273236909,EPSG:32631
EMSR777_1_16QCD_x329185_y1842485_S1RTC,2023-10-03,2023-10-27,2023-11-16,2023-11-20,16.64728034764969,-88.5896582636688,EPSG:32616
EMSR421_4_31TDH_x465385_y4739925_S1RTC,2018-11-28,2019-01-04,2019-01-16,2019-02-13,42.7996746929075,2.5922844578918363,EPSG:32631
EMSR165_7_31UDP_x449775_y5399435_S1RTC,2015-04-23,2015-04-28,2015-06-03,2015-07-09,48.734537376775314,2.3342874266400577,EPSG:32631
EMSR264_5_38KPG_x678315_y8164065_S1RTC,2016-11-23,2016-12-17,2017-01-10,2017-02-03,-16.610393159716487,46.683546064713596,EPSG:32738
EMSR419_6_40RFR_x655475_y3073715_S1RTC,2018-11-20,2018-12-14,2019-01-07,2019-01-23,27.76730595248708,58.590722350362704,EPSG:32640
EMSR482_3_16PCB_x403585_y1689405_S1RTC,2019-09-20,2019-10-26,2019-11-19,2019-12-07,15.267710148766916,-87.88604317653221,EPSG:32616
EMSR417_1_29TNE_x546105_y4451605_S1RTC,2018-10-17,2018-11-28,2018-12-17,2019-01-03,40.202034097449136,-8.443294438551076,EPSG:32629
EMSR427_4_33VUD_x693835_y6388295_S1RTC,2018-12-29,2019-01-17,2019-02-17,2019-02-22,57.58336884616659,12.263777399791373,EPSG:32632
EMSR203_3_15SVB_x432425_y4108155_S1RTC,NaN,2016-04-14,2016-05-08,2016-05-08,37.10589308511925,-93.74617443969241,EPSG:32615
EMSR176_2_15RYQ_x739515_y3410955_S1RTC,NaN,NaN,2015-08-25,NaN,30.795798091602396,-90.4834775325651,EPSG:32615
EMSR280_3_33VWH_x559525_y6702915_S1RTC,2017-03-11,2017-04-04,2017-05-10,2017-05-29,60.44642277668497,16.104997483916357,EPSG:32633
EMSR277_3_35TMF_x435645_y4519515_S1RTC,2017-01-24,2017-03-07,2017-03-26,2017-04-19,40.8127502077135,26.252070030820484,EPSG:32635
EMSR333_1_33STC_x287245_y4196195_S1RTC,2017-09-03,2017-10-15,2017-11-02,2017-11-02,37.87723849089499,12.595449200522824,EPSG:32632
EMSR167_4_31UFS_x666355_y5654785_S1RTC,2015-04-26,2015-05-03,2015-06-01,2015-07-02,51.00870073994272,5.389516896744652,EPSG:32631
EMSR184_1_55HEC_x581525_y6288995_S1RTC,NaN,2015-09-09,2015-10-03,2015-10-15,-33.54694374449836,147.89188886897426,EPSG:32755
EMSR779_3_33PVN_x483925_y1238105_S1RTC,2023-09-30,2023-10-24,2023-11-17,2023-12-11,11.18854075565592,14.864436492359031,EPSG:32633
EMSR277_2_35TMF_x466365_y4583715_S1RTC,2017-01-25,2017-03-02,2017-03-26,2017-04-19,41.392841817748334,26.612919992675806,EPSG:32635
EMSR264_16_38KMD_x504115_y7844005_S1RTC,2016-11-23,2016-12-17,2017-01-10,2017-02-03,-19.510088573424735,45.051370003719235,EPSG:32738
EMSR442_7_35WNU_x542165_y7792805_S1RTC,2019-04-22,2019-05-04,2019-06-08,2019-06-09,70.22638687130096,28.150577483578182,EPSG:32635
EMSR328_1_13QDF_x412885_y2522735_S1RTC,2017-09-01,2017-10-05,2017-10-17,2017-10-29,22.798528595457984,-105.83635731944135,EPSG:32613
EMSR347_3_36LYJ_x752815_y8383115_S1RTC,2018-01-23,2018-02-23,2018-03-07,2018-03-07,-14.624899140701027,35.35881556751519,EPSG:32737
EMSR184_4_55HCC_x306255_y6268885_S1RTC,NaN,2015-09-07,2015-10-01,2015-10-25,-33.71406758587511,144.92292477095071,EPSG:32755
EMSR450_2_48QWJ_x559275_y2311145_S1RTC,2019-06-02,2019-07-08,2019-07-29,2019-08-22,20.888071794016703,105.58216989839741,EPSG:32648
EMSR352_6_39RTQ_x257675_y3484645_S1RTC,2018-02-17,2018-02-22,2018-04-06,2018-04-06,31.46000412426831,48.463137930491975,EPSG:32639
EMSR388_7_30SXH_x694275_y4220055_S1RTC,2018-07-29,2018-08-10,2018-09-10,2018-10-09,38.09568340193553,-0.76994620349134,EPSG:32630
EMSR347_6_36LXH_x650495_y8273635_S1RTC,2018-01-23,2018-02-28,2018-03-12,2018-03-24,-15.622100567131591,34.41576835583763,EPSG:32736
EMSR445_2_34TFR_x686535_y5003085_S1RTC,2019-05-02,2019-06-07,2019-06-24,2019-07-25,45.14477823087441,23.38893949924939,EPSG:32634
EMSR314_1_31PHK_x803155_y980525_S1RTC,2017-07-28,2017-09-02,2017-09-14,2017-10-08,8.848640504179595,5.767537248932015,EPSG:32631
EMSR504_2_56JML_x476505_y6520795_S1RTC,2020-01-24,2020-02-17,2020-03-24,2020-04-17,-31.4588543289107,152.76612004525006,EPSG:32756
EMSR471_5_33UXP_x650835_y5378805_S1RTC,2019-09-06,2019-09-26,2019-10-08,2019-10-20,48.532427576884714,17.06047506184308,EPSG:32634
EMSR771_7_32TPQ_x647835_y4965225_S1RTC,2023-08-15,2023-09-24,2023-10-14,2023-11-07,44.813385411820555,10.885777540846735,EPSG:32632
EMSR203_3_15SVA_x496285_y4061345_S1RTC,NaN,2016-04-14,2016-05-08,2016-05-08,36.68626504210448,-93.02731130486866,EPSG:32615
EMSR264_5_38KPG_x660395_y8199905_S1RTC,2016-11-23,2016-12-17,2017-01-10,2017-02-03,-16.28780501520332,46.51308949284686,EPSG:32738
EMSR265_6_31UDQ_x478835_y5403555_S1RTC,2016-12-09,2017-01-06,2017-01-26,2017-02-19,48.77320594045632,2.7292920017426074,EPSG:32631
EMSR229_4_14RNS_x540365_y3170755_S1RTC,2016-07-10,NaN,NaN,NaN,28.65177040947797,-98.57390669947468,EPSG:32614
EMSR712_5_32UND_x547895_y5842845_S1RTC,2022-11-09,2022-12-06,2022-12-30,2023-01-11,52.721778709238166,9.728007723975272,EPSG:32632
EMSR280_4_33VWH_x530275_y6769955_S1RTC,2017-03-11,2017-04-04,2017-04-16,2017-05-10,61.05163963273512,15.584286159819694,EPSG:32633
EMSR203_3_15SVA_x488605_y4081825_S1RTC,NaN,2016-04-14,2016-05-08,2016-05-08,36.87083635181457,-93.11354665605991,EPSG:32615
EMSR265_6_31UDP_x450535_y5388925_S1RTC,2016-11-19,2017-01-11,2017-01-23,2017-02-19,48.6400537201727,2.345848317968303,EPSG:32631
EMSR774_1_15QTA_x246405_y2057895_S1RTC,2023-09-20,2023-10-14,2023-11-04,2023-11-19,18.585287052360883,-95.3909231802628,EPSG:32615
EMSR352_1_38RQU_x799135_y3384035_S1RTC,2018-02-10,2018-02-22,2018-04-07,2018-04-07,30.53965949468201,48.13107008489163,EPSG:32638
EMSR280_4_33VWH_x548195_y6759715_S1RTC,2017-03-11,2017-04-04,2017-04-16,2017-05-10,60.95787438841382,15.91346824867658,EPSG:32633
EMSR492_1_30TXP_x689835_y4866945_S1RTC,2019-11-21,2019-12-03,2020-01-08,2020-01-20,43.919351330576,-0.6195618308420728,EPSG:32630
EMSR203_3_15SVA_x465565_y4094625_S1RTC,NaN,2016-04-14,2016-05-08,2016-05-08,36.985691915568914,-93.37261394879418,EPSG:32615
EMSR261_1_32UND_x546805_y5805855_S1RTC,2016-10-11,2016-10-23,2016-12-10,2016-12-10,52.38935809268794,9.706509067405586,EPSG:32632
EMSR260_2_32TPQ_x624155_y4978515_S1RTC,2016-10-18,2016-11-11,2016-12-06,2016-12-13,44.93752956001518,10.589715060015758,EPSG:32632
EMSR261_3_32UND_x575815_y5826335_S1RTC,2016-10-09,2016-11-02,2016-12-10,2017-01-18,52.57012583706888,10.13745932976503,EPSG:32633
EMSR482_3_16PCB_x401025_y1697085_S1RTC,2019-09-20,2019-10-26,2019-11-19,2019-12-07,15.337040602900625,-87.91018230474623,EPSG:32616
EMSR427_4_33VUE_x697135_y6450845_S1RTC,2018-12-29,2019-01-17,2019-02-22,2019-03-18,58.142814386935854,12.370957682396199,EPSG:32632
EMSR249_7_29UMU_x469905_y5825205_S1RTC,2016-09-02,2016-09-14,2016-10-13,2016-11-01,52.564666851347106,-9.425178696059595,EPSG:32629
EMSR192_11_32TMR_x472925_y4997365_S1RTC,2015-10-01,2015-10-24,2015-11-22,2015-12-23,45.1178094327381,8.671979475671668,EPSG:32632
EMSR413_2_34SFH_x684545_y4200835_S1RTC,2018-10-09,2018-10-27,2018-11-20,2018-11-26,37.92462736537829,23.114184698810984,EPSG:32634
EMSR265_10_31UEP_x511985_y5351145_S1RTC,2016-12-04,2017-01-09,2017-01-21,2017-02-14,48.30188659457916,3.1788043999462055,EPSG:32631
EMSR472_4_48PZC_x218815_y1749915_S1RTC,2019-08-20,2019-09-17,2019-10-11,2019-10-19,15.80080071595132,108.38716317752572,EPSG:32648
EMSR771_8_32TPQ_x613295_y4977555_S1RTC,2023-08-15,2023-10-02,2023-10-14,2023-11-07,44.93072321382127,10.451902665674229,EPSG:32632
EMSR280_3_33VWH_x523685_y6720835_S1RTC,2017-03-11,2017-04-04,2017-05-10,2017-05-29,60.61112070245021,15.455928107635465,EPSG:32633
EMSR771_5_32TPQ_x666015_y4947915_S1RTC,2023-08-27,2023-09-24,2023-10-14,2023-11-19,44.6536340197419,11.109878021146278,EPSG:32632
EMSR774_1_15QTA_x202885_y2029735_S1RTC,2023-09-20,2023-10-14,2023-11-04,2023-11-19,18.325397298220395,-95.79884578261552,EPSG:32615
EMSR352_1_39RTQ_x859125_y3453795_S1RTC,2018-02-17,2018-02-22,2018-04-06,2018-04-06,31.151253343787015,48.77986105625135,EPSG:32639
EMSR277_2_35TMF_x479165_y4576035_S1RTC,2017-01-25,2017-03-02,2017-03-26,2017-04-19,41.324076622014665,26.766275508819373,EPSG:32635
EMSR570_1_56JNN_x527905_y6778475_S1RTC,2021-02-11,2021-03-19,2021-03-31,2021-04-12,-29.13337717868383,153.2999747064166,EPSG:32756
EMSR280_2_33VVH_x454105_y6720885_S1RTC,2017-03-11,2017-04-04,2017-04-16,2017-05-22,60.60986381945976,14.184977353284019,EPSG:32633
EMSR203_4_15SVA_x400775_y4006695_S1RTC,2016-03-02,2016-04-14,2016-05-08,2016-05-08,36.188625942948306,-94.08937234651003,EPSG:32615
EMSR657_1_35UMB_x466505_y6199585_S1RTC,2022-01-24,2022-03-10,2022-04-01,2022-04-18,55.9291111389079,26.484328290276167,EPSG:32635
EMSR265_26_31UCQ_x403925_y5445745_S1RTC,2016-12-06,2017-01-07,2017-01-26,2017-02-19,49.14573386405953,1.7000876678332943,EPSG:32631
EMSR779_1_33PWM_x541205_y1117175_S1RTC,2023-09-18,2023-10-24,2023-11-17,2023-12-23,10.094626928530195,15.38771703147849,EPSG:32633
EMSR402_1_49PBR_x296915_y1539225_S1RTC,2018-09-06,2018-10-16,2018-10-28,2018-11-09,13.904453443997365,109.13229313065487,EPSG:32649
EMSR472_1_48QXE_x626745_y1960495_S1RTC,2019-08-29,2019-09-10,2019-10-12,2019-10-16,17.716399230905118,106.20731453315912,EPSG:32648
EMSR444_2_35UMP_x433475_y5344345_S1RTC,2019-05-08,2019-06-06,2019-06-21,2019-06-25,48.23748952819522,26.121237797893777,EPSG:32635
EMSR265_5_31UDQ_x476225_y5405875_S1RTC,2016-12-09,2017-01-06,2017-01-26,2017-02-19,48.79398735126913,2.6936427316329783,EPSG:32631
EMSR322_17_16RFU_x694415_y3389175_S1RTC,NaN,2017-09-20,2017-10-09,2017-10-09,30.60768241454596,-84.95868109151796,EPSG:32616
EMSR265_23_31UDP_x434735_y5315825_S1RTC,2016-11-19,2017-01-02,2017-01-26,2017-02-19,47.98105200210035,2.142484168537652,EPSG:32631
EMSR200_3_55KFS_x706365_y7678565_S1RTC,NaN,NaN,NaN,NaN,-20.99336128744689,148.99751479356905,EPSG:32756
EMSR347_6_36LXH_x653055_y8294115_S1RTC,2018-01-23,2018-02-28,2018-03-12,2018-03-24,-15.436848381814736,34.43835960606271,EPSG:32736
EMSR311_3_17SQT_x708485_y3775295_S1RTC,2017-07-26,2017-08-19,2017-09-12,2017-10-06,34.08595848274338,-78.72651857042781,EPSG:32617
EMSR243_1_19QGA_x740815_y2006175_S1RTC,NaN,NaN,NaN,2016-10-13,18.11940594585105,-66.71211701494452,EPSG:32619
EMSR264_9_39KTU_x262475_y7824155_S1RTC,2016-11-13,2016-12-31,2017-01-05,2017-01-24,-19.67534115052397,48.74654594024665,EPSG:32739
EMSR280_5_33VVH_x454755_y6770275_S1RTC,2017-03-11,2017-04-04,2017-04-21,2017-05-22,61.05332143306784,14.185653036787516,EPSG:32633
EMSR477_1_16PFA_x693695_y1568245_S1RTC,2019-09-15,2019-10-14,2019-11-02,2019-12-01,14.167196571219364,-85.19351943738518,EPSG:32616
EMSR184_4_55HCC_x398415_y6271445_S1RTC,2015-07-28,2015-09-02,NaN,2015-10-20,-33.703705041529545,145.9175494789829,EPSG:32755
EMSR229_5_15RUP_x373545_y3318335_S1RTC,NaN,NaN,NaN,2016-10-04,29.97803686692148,-94.29756409514623,EPSG:32615
EMSR184_4_55HCD_x399385_y6337295_S1RTC,NaN,NaN,NaN,2015-11-25,-33.109946895572776,145.9352852044352,EPSG:32755
EMSR481_3_16PFC_x624225_y1761405_S1RTC,2019-09-25,2019-10-07,2019-10-31,2019-11-02,15.917211573637793,-85.82756197663738,EPSG:32616
EMSR321_1_16PDA_x442495_y1501025_S1RTC,2017-08-30,2017-09-12,2017-10-05,2017-11-05,13.565649783405084,-87.51972492953,EPSG:32616
EMSR264_9_39KTU_x259915_y7819035_S1RTC,2016-11-13,2016-12-31,2017-01-05,2017-01-24,-19.721265864979973,48.72148729414249,EPSG:32739
EMSR273_5_34TCM_x376165_y4646495_S1RTC,2017-01-15,2017-02-14,2017-03-16,2017-04-16,41.949440377919,19.521309441746823,EPSG:32634
EMSR322_17_16RFU_x668815_y3371255_S1RTC,NaN,2017-09-20,2017-10-14,2017-10-14,30.449968258140743,-85.22854470047773,EPSG:32616
EMSR258_6_34TCK_x368465_y4483175_S1RTC,2016-10-23,2016-11-16,2016-11-28,2016-12-16,40.47757777354942,19.463256919063724,EPSG:32634
EMSR347_6_36LXH_x696575_y8286435_S1RTC,2018-01-23,2018-02-28,2018-03-12,2018-03-24,-15.503246918500622,34.84444745568343,EPSG:32736
EMSR280_4_33VWH_x545635_y6769955_S1RTC,2017-03-11,2017-04-04,2017-04-16,2017-05-10,61.05010961103581,15.868711507382715,EPSG:32633
EMSR469_1_48QWF_x590345_y2026275_S1RTC,2019-08-25,2019-09-03,2019-10-09,2019-11-05,18.312701569932344,105.86697554856687,EPSG:32648
EMSR314_2_32NKP_x259135_y876455_S1RTC,2017-07-23,2017-08-28,2017-09-21,2017-10-15,7.911864276305215,6.826815193612777,EPSG:32632
EMSR504_2_56JML_x484185_y6520795_S1RTC,2020-01-24,2020-02-17,2020-03-24,2020-04-17,-31.458976435728566,152.846956731226,EPSG:32756
EMSR470_1_31PBM_x234175_y1173235_S1RTC,2019-08-21,2019-09-14,2019-10-20,2019-10-20,10.592598998700378,0.5822871606720822,EPSG:32631
EMSR471_2_34UDU_x450825_y5360225_S1RTC,2019-09-04,2019-09-16,2019-10-10,2019-10-31,48.381896355772945,20.353079602598903,EPSG:32634
EMSR261_2_32UNC_x583435_y5736485_S1RTC,2016-10-14,2016-10-21,2016-12-10,2017-01-15,51.76136664387562,10.227436595812494,EPSG:32633
EMSR265_6_31UDP_x465895_y5388925_S1RTC,2016-11-19,2017-01-11,2017-01-23,2017-02-19,48.64104913466682,2.5543434129739864,EPSG:32631
EMSR793_2_37LFC_x636435_y8287685_S1RTC,2024-01-25,2024-02-18,2024-03-13,2024-03-25,-15.495916332971168,40.283848464778835,EPSG:32737
EMSR712_7_32UNC_x561965_y5777205_S1RTC,2022-11-09,2022-11-21,2022-12-18,2023-02-01,52.130271068695606,9.923881142489199,EPSG:32633
EMSR777_1_16QCD_x344545_y1839925_S1RTC,2023-10-03,2023-10-27,2023-11-16,2023-11-20,16.625199261705742,-88.44549978457785,EPSG:32616
EMSR311_3_17SQT_x734085_y3762495_S1RTC,2017-07-26,2017-08-19,2017-09-12,2017-10-06,33.965185909875096,-78.45273160871675,EPSG:32617
EMSR279_4_30TXM_x626995_y4656145_S1RTC,2017-02-17,2017-03-12,2017-04-11,2017-04-17,42.03541523981711,-1.4503353350247408,EPSG:32631
EMSR347_6_36LXH_x663295_y8278755_S1RTC,2018-01-23,2018-02-28,2018-03-12,2018-03-24,-15.57502627234722,34.534798014256765,EPSG:32736
EMSR251_2_32VMK_x488705_y6492055_S1RTC,2016-09-03,2016-10-04,2016-10-16,2016-10-28,58.557374825980595,8.827799166915291,EPSG:32632
EMSR504_6_56HKH_x283685_y6249685_S1RTC,2020-01-17,2020-03-08,2020-03-20,2020-04-13,-33.88275907574272,150.67484589855033,EPSG:32756
EMSR265_6_31UDQ_x476275_y5403555_S1RTC,2016-12-09,2017-01-06,2017-01-26,2017-02-19,48.773118838151326,2.694450233600693,EPSG:32631
EMSR197_1_39LUC_x354385_y8291155_S1RTC,2016-01-06,2016-02-28,2016-03-18,2016-03-18,-15.464185869363975,49.65455580859293,EPSG:32739
EMSR471_4_33UYQ_x749885_y5442715_S1RTC,2019-09-06,2019-09-13,2019-10-12,2019-11-05,49.07453261995351,18.439269418161597,EPSG:32634
EMSR712_7_32UNC_x561965_y5782325_S1RTC,2022-11-09,2022-11-21,2022-12-18,2023-02-01,52.176297576110215,9.924834486300655,EPSG:32633
EMSR779_3_33PVN_x442965_y1238105_S1RTC,2023-09-30,2023-10-24,2023-11-17,2023-12-11,11.18813536291251,14.489261888758433,EPSG:32633
EMSR200_12_56JNP_x511225_y6816165_S1RTC,2016-01-26,2016-02-26,2016-04-02,2016-04-26,-28.793461490230527,153.12808300128845,EPSG:32756
EMSR199_10_17MNQ_x528155_y9405775_S1RTC,2016-01-31,2016-02-24,2016-04-03,2016-04-12,-5.387458190632569,-80.7343552863398,EPSG:32717
EMSR264_3_38LQK_x785925_y8395635_S1RTC,2016-11-23,2016-12-17,2017-01-10,2017-02-03,-14.50850885263415,47.664605711661785,EPSG:32738
EMSR279_11_31TCF_x308795_y4506375_S1RTC,2017-02-23,2017-03-25,2017-04-12,2017-05-06,40.67492511577252,0.7527511588901451,EPSG:32631
EMSR264_5_38KPG_x673195_y8187105_S1RTC,2016-11-23,2016-12-17,2017-01-10,2017-02-03,-16.402580437275443,46.63381369035718,EPSG:32738
EMSR783_1_30VVJ_x459205_y6342685_S1RTC,2023-11-15,2023-12-09,2023-12-26,2024-01-19,57.214112033530895,-3.654325926185855,EPSG:32630
EMSR397_1_31TCG_x323195_y4634745_S1RTC,2018-09-04,2018-09-28,2018-10-22,2018-11-21,41.83367636057429,0.8860733568732296,EPSG:32630
EMSR481_3_16PFC_x616545_y1740925_S1RTC,2019-09-20,2019-10-02,2019-10-31,2019-11-02,15.732472967606464,-85.90030114046986,EPSG:32616
EMSR712_5_32UND_x578615_y5824925_S1RTC,2022-11-09,2022-12-06,2022-12-30,2023-01-11,52.557048475462814,10.178424129260433,EPSG:32632
EMSR793_2_37LFC_x638995_y8282565_S1RTC,2024-01-25,2024-02-18,2024-03-13,2024-03-25,-15.542053324219031,40.30800206519495,EPSG:32737
EMSR279_2_30TWN_x598905_y4734535_S1RTC,2017-02-09,2017-03-24,2017-04-10,2017-04-29,42.745319856175215,-1.7759742472242372,EPSG:32630
EMSR197_7_39LUC_x362455_y8293455_S1RTC,2016-01-06,2016-02-28,2016-03-18,2016-03-18,-15.443841042172544,49.729892108043956,EPSG:32739
EMSR586_1_56HKH_x275025_y6241235_S1RTC,2021-05-02,2021-06-07,2021-07-01,2021-07-25,-33.957099720891996,150.57912618976619,EPSG:32756
EMSR265_22_31UDQ_x433995_y5423685_S1RTC,2016-12-06,2017-01-06,2017-01-26,2017-02-19,48.95122165285537,2.1158737703239936,EPSG:32631
EMSR203_3_15SVA_x460445_y4076705_S1RTC,NaN,2016-04-14,2016-05-08,2016-05-08,36.8239607756518,-93.42923939090397,EPSG:32615
EMSR793_1_37LFD_x636435_y8356045_S1RTC,2024-01-13,2024-02-18,2024-03-13,2024-03-25,-14.878023785992433,40.2801183450797,EPSG:32737
EMSR279_11_31TBF_x300825_y4518305_S1RTC,2017-02-17,2017-03-25,2017-04-12,2017-05-06,40.7804350394877,0.6547549012073852,EPSG:32631
EMSR793_1_37LED_x596825_y8348665_S1RTC,2024-01-13,2024-02-18,2024-03-13,2024-03-25,-14.946499072554063,39.91223467346292,EPSG:32737
EMSR481_1_16PDC_x431355_y1741525_S1RTC,2019-09-18,2019-10-19,2019-11-05,2019-12-01,15.739762539882149,-87.62885741775919,EPSG:32616
EMSR728_1_32UNV_x520975_y5411415_S1RTC,2023-04-22,2023-05-08,2023-06-01,2023-07-03,48.84383293845454,9.303253831597969,EPSG:32632
EMSR777_1_16QCE_x360055_y1919215_S1RTC,2023-09-29,2023-11-04,2023-11-16,2023-11-28,17.342720944683172,-88.30506208330725,EPSG:32616
EMSR774_1_15QTV_x249705_y1958575_S1RTC,2023-08-24,2023-10-02,2023-10-26,2023-11-07,17.688737681759953,-95.3476692240025,EPSG:32614
EMSR422_1_31TEG_x500665_y4658485_S1RTC,2018-11-28,2019-01-03,2019-01-27,2019-02-20,42.06695075561777,3.0234495630209692,EPSG:32631
EMSR429_1_29UMU_x501105_y5851255_S1RTC,2018-12-21,2019-01-26,2019-02-19,2019-02-22,52.79961220726914,-8.964699254368396,EPSG:32629
EMSR481_1_16PDC_x431355_y1733845_S1RTC,2019-09-18,2019-10-19,2019-11-05,2019-12-01,15.670334491760205,-87.62864450931825,EPSG:32616
EMSR332_1_32TPR_x667945_y5042065_S1RTC,2017-09-14,2017-09-26,2017-10-25,2017-11-13,45.50010425320238,11.16597835979179,EPSG:32633
EMSR265_14_31UEQ_x512315_y5420515_S1RTC,2016-12-04,2017-01-06,2017-01-21,2017-02-14,48.92594429541755,3.185526770019746,EPSG:32631
EMSR645_4_38KMD_x451135_y7822895_S1RTC,2021-11-14,2022-01-01,2022-01-25,2022-02-01,-19.700294265247283,44.54590834771309,EPSG:32738
EMSR445_2_34TFQ_x678125_y4999645_S1RTC,2019-05-18,2019-06-06,2019-06-23,2019-06-30,45.11602388525312,23.28081731786694,EPSG:32634
EMSR203_3_15SVA_x450205_y4069025_S1RTC,NaN,2016-04-14,2016-05-08,2016-05-08,36.75426069730654,-93.54356858036749,EPSG:32615
EMSR264_16_38KND_x533865_y7810685_S1RTC,2016-11-23,2016-12-17,2017-01-10,2017-02-03,-19.81089462408297,45.33552932410245,EPSG:32738
EMSR554_3_55JGG_x736785_y6656145_S1RTC,2020-09-28,2020-11-15,2020-11-27,2020-12-23,-30.214402967164617,149.4732338045722,EPSG:32755
EMSR322_17_16RFV_x660965_y3421965_S1RTC,NaN,2017-09-20,2017-10-14,2017-10-26,30.90844219203493,-85.3022860996423,EPSG:32616
EMSR445_2_34TFR_x671175_y5003085_S1RTC,2019-05-02,2019-06-07,2019-06-24,2019-07-25,45.14869708610326,23.193710593979695,EPSG:32634
EMSR261_3_32UPC_x618785_y5786935_S1RTC,2016-10-09,2016-10-30,2016-12-13,2017-01-03,52.20828798242429,10.757091835887032,EPSG:32632
EMSR385_5_17RQK_x728945_y2940535_S1RTC,2018-07-14,2018-08-19,2018-08-31,2018-09-27,26.555312710518088,-78.68899026760083,EPSG:32617
EMSR328_2_13QDE_x418095_y2488495_S1RTC,2017-09-01,2017-09-23,2017-10-19,2017-11-12,22.489496843850123,-105.78384183289124,EPSG:32613
EMSR277_2_35TMF_x451005_y4568355_S1RTC,2017-01-24,2017-03-01,2017-03-25,2017-04-18,41.25372520001161,26.430401943774164,EPSG:32635
EMSR504_6_56HKH_x286245_y6267605_S1RTC,2020-01-17,2020-03-08,2020-03-20,2020-04-13,-33.72178404952416,150.70682042653874,EPSG:32756
EMSR514_1_21NUH_x334135_y775835_S1RTC,2020-04-12,2020-05-18,2020-06-11,2020-06-11,7.004976080063575,-58.49001440513736,EPSG:32621
EMSR261_3_32UND_x580935_y5800735_S1RTC,2016-10-09,2016-11-02,2016-12-10,2017-01-18,52.33927679701613,10.206680166508365,EPSG:32633
EMSR482_3_16PDC_x410875_y1749205_S1RTC,2019-09-18,2019-11-07,2019-11-19,2019-12-01,15.808552184315896,-87.82029214267273,EPSG:32616
EMSR321_1_16PDA_x447615_y1501025_S1RTC,2017-08-30,2017-09-12,2017-10-05,2017-11-05,13.565743801945983,-87.47240278020696,EPSG:32616
EMSR779_1_33PVM_x488115_y1186295_S1RTC,2023-09-18,2023-10-24,2023-11-17,2023-12-23,10.719985023429176,14.902968294748428,EPSG:32633
EMSR504_1_56JML_x488755_y6572975_S1RTC,2020-01-24,2020-03-12,2020-03-24,2020-04-17,-30.988210140044792,152.89557785185258,EPSG:32756
EMSR475_10_49PCR_x308625_y1524875_S1RTC,2019-09-01,2019-09-25,2019-10-23,2019-11-24,13.775565839502187,109.24160424992542,EPSG:32649
EMSR261_1_32UND_x536565_y5841695_S1RTC,2016-10-11,2016-10-23,2016-12-10,2016-12-10,52.71235200086745,9.56013410518718,EPSG:32632
EMSR184_4_55HCD_x343065_y6342415_S1RTC,2015-08-14,2015-09-02,2015-10-01,2015-11-25,-33.05716578130832,145.33270714766186,EPSG:32755
EMSR280_2_33VVH_x446425_y6726005_S1RTC,2017-03-11,2017-04-04,2017-04-16,2017-05-22,60.65489871634694,14.0433560572607,EPSG:32633
EMSR347_3_36LYJ_x750255_y8385675_S1RTC,2018-01-18,2018-02-23,2018-03-07,2018-03-07,-14.602011477175822,35.33481991215379,EPSG:32737
EMSR472_4_48PZC_x239295_y1708955_S1RTC,2019-08-20,2019-09-17,2019-10-11,2019-10-19,15.43303898520942,108.58255034588545,EPSG:32648
EMSR264_16_38KND_x508265_y7810685_S1RTC,2016-11-23,2016-12-17,2017-01-10,2017-02-03,-19.811186530687525,45.09109188204997,EPSG:32738
EMSR429_6_29UMV_x480945_y5901215_S1RTC,2018-12-17,2019-01-26,2019-02-19,2019-02-19,53.24842977781133,-9.266469008318932,EPSG:32629
EMSR348_5_36KXD_x671335_y7829825_S1RTC,2018-01-30,2018-02-23,2018-03-19,2018-03-31,-19.630712624134613,34.646127073932924,EPSG:32736
EMSR184_5_55HDD_x443725_y6343545_S1RTC,2015-07-28,2015-09-02,2015-09-26,2015-10-20,-33.05672721027767,146.41086165220742,EPSG:32755
EMSR444_1_34UGV_x324835_y5410835_S1RTC,2019-04-19,2019-06-02,2019-06-23,2019-07-05,48.814672410199094,24.631273524644687,EPSG:32634
EMSR422_6_30TYK_x745465_y4411005_S1RTC,2018-12-15,2019-01-08,2019-01-20,2019-02-06,39.80176726606802,-0.11794785563395078,EPSG:32631
EMSR763_1_33UVU_x443415_y5855165_S1RTC,2023-08-07,2023-08-29,2023-09-22,2023-10-11,52.8319284443081,14.179012249162687,EPSG:32633
EMSR481_3_16PFC_x629345_y1756285_S1RTC,2019-09-25,2019-10-07,2019-10-31,2019-11-02,15.870669726266772,-85.78001681493488,EPSG:32616
EMSR166_4_33UUP_x381355_y5372425_S1RTC,2015-04-22,2015-05-04,2015-06-09,2015-06-09,48.48251265712051,13.41168925866432,EPSG:32633
EMSR779_3_33PVN_x496725_y1258585_S1RTC,2023-09-30,2023-10-24,2023-11-17,2023-12-11,11.373788695253001,14.981668848680913,EPSG:32633
EMSR243_1_19QGV_x733265_y1991835_S1RTC,NaN,2016-08-16,NaN,2016-10-13,17.99072408733263,-66.7850524986993,EPSG:32619
EMSR427_4_33VUE_x715055_y6453405_S1RTC,2018-12-29,2019-01-17,2019-02-22,2019-03-18,58.15736061135901,12.677095242367505,EPSG:32632
EMSR279_5_30TXL_x705715_y4594175_S1RTC,2017-02-17,2017-03-12,2017-04-11,2017-04-17,41.46100297377613,-0.5215550720117456,EPSG:32631
EMSR427_2_33VUE_x393805_y6413125_S1RTC,2018-12-29,2019-01-17,2019-02-17,2019-03-18,57.836255334519855,13.232917959371088,EPSG:32633
EMSR279_2_30TXN_x624015_y4722145_S1RTC,2017-02-09,2017-03-18,2017-04-10,2017-04-17,42.630091256171404,-1.4720063497035705,EPSG:32630
EMSR192_7_32TLQ_x393495_y4976925_S1RTC,2015-09-23,2015-10-29,2015-11-22,2015-12-04,44.9264967685114,7.6665573737470405,EPSG:32632
EMSR279_2_30TWN_x575865_y4734535_S1RTC,2017-02-09,2017-03-24,2017-04-10,2017-04-29,42.74798243824612,-2.0574403749362897,EPSG:32630
EMSR167_4_31UFS_x663795_y5636865_S1RTC,2015-04-26,2015-05-03,2015-06-01,2015-07-02,50.84842903174623,5.344944083488035,EPSG:32631
EMSR479_1_15QVA_x446625_y2020895_S1RTC,2019-09-12,2019-10-06,2019-11-08,2019-11-23,18.26540897126285,-93.4928849773972,EPSG:32615
EMSR274_6_39KTV_x277345_y7921885_S1RTC,2017-02-05,2017-02-17,2017-03-18,2017-04-06,-18.794433797544862,48.89956662952406,EPSG:32739
EMSR779_3_33PVP_x484035_y1306585_S1RTC,2023-09-30,2023-11-05,2023-11-17,2023-12-11,11.807852283761425,14.8651497775749,EPSG:32633
EMSR779_3_33PVN_x471125_y1230425_S1RTC,2023-09-30,2023-10-24,2023-11-17,2023-12-11,11.11900804585121,14.747253015981606,EPSG:32633
EMSR311_3_17SPT_x691145_y3756455_S1RTC,2017-08-07,2017-08-19,2017-09-12,2017-10-06,33.91948823741893,-78.91849209754783,EPSG:32617
EMSR229_5_15RUP_x399145_y3323455_S1RTC,NaN,NaN,NaN,2016-10-04,30.026582279391913,-94.03272404931218,EPSG:32615
EMSR264_17_38KMD_x477925_y7813215_S1RTC,NaN,2016-12-17,2017-01-10,2017-02-03,-19.78823614641646,44.80142167405966,EPSG:32738
EMSR251_2_32VMK_x460545_y6484375_S1RTC,2016-09-03,2016-10-04,2016-10-16,2016-10-28,58.48684310219314,8.345159005140845,EPSG:32632
EMSR779_3_33PVN_x481365_y1263705_S1RTC,2023-09-30,2023-10-24,2023-11-17,2023-12-11,11.42005017920962,14.840860061247378,EPSG:32633
EMSR167_4_31UFS_x650995_y5634305_S1RTC,2015-04-26,2015-05-03,2015-06-01,2015-07-02,50.82893493793023,5.1621907670492595,EPSG:32631
EMSR481_1_16PDC_x433915_y1741525_S1RTC,2019-09-18,2019-10-19,2019-11-05,2019-12-01,15.739830137240352,-87.60496237336591,EPSG:32616
EMSR429_2_29UNU_x525765_y5842525_S1RTC,2019-01-12,2019-01-26,2019-02-19,2019-02-19,52.720460803665986,-8.599661634775641,EPSG:32629
EMSR280_3_33VWH_x531365_y6723395_S1RTC,2017-03-11,2017-04-04,2017-05-10,2017-05-29,60.633552574244625,15.596630120580153,EPSG:32633
EMSR771_1_32TQQ_x713245_y4948815_S1RTC,2023-08-19,2023-10-02,2023-10-14,2023-11-19,44.64917612229369,11.705334821784257,EPSG:32632
EMSR427_2_33VUE_x396365_y6402885_S1RTC,2018-12-31,2019-01-17,2019-02-17,2019-03-18,57.74491053169887,13.280390018735192,EPSG:32633
EMSR265_26_31UCQ_x383445_y5466225_S1RTC,2016-12-06,2017-01-07,2017-01-26,2017-02-19,49.326383825710124,1.4134766138863795,EPSG:32631
EMSR472_4_48PZC_x198335_y1731995_S1RTC,2019-08-20,2019-09-17,2019-10-11,2019-10-19,15.63660515871536,108.19836608541834,EPSG:32648
EMSR280_2_33VVG_x461735_y6699235_S1RTC,2017-03-11,2017-04-04,2017-04-16,2017-05-22,60.41626783006857,14.328368414943556,EPSG:32633
EMSR264_17_38KMD_x447205_y7828575_S1RTC,2016-12-10,2016-12-10,2017-01-10,2017-02-03,-19.648867101931703,44.50856678487579,EPSG:32738
EMSR280_5_33VVH_x467555_y6767715_S1RTC,2017-03-11,2017-04-04,2017-04-21,2017-05-22,61.031560526594774,14.423116223955192,EPSG:32633
EMSR777_1_16QCE_x319095_y1919215_S1RTC,2023-09-29,2023-11-04,2023-11-16,2023-11-28,17.33983645552296,-88.69043961627756,EPSG:32616
EMSR229_3_14RPR_x618035_y3076605_S1RTC,2016-07-10,NaN,NaN,NaN,27.797239448259994,-97.78885543819972,EPSG:32614
EMSR229_3_14RNR_x571025_y3038025_S1RTC,NaN,NaN,NaN,NaN,27.452335510621435,-98.26834216839609,EPSG:32614
EMSR517_8_31UGS_x352475_y5612445_S1RTC,2020-06-09,2020-06-09,2020-07-11,2020-07-15,50.634030751764364,6.931902512305809,EPSG:32632
EMSR470_1_31PBM_x236735_y1160435_S1RTC,2019-08-21,2019-09-14,2019-10-20,2019-10-20,10.47711259932662,0.6065621097575142,EPSG:32631
EMSR419_6_40RFR_x696435_y3063475_S1RTC,2018-11-15,2018-12-14,2019-01-07,2019-01-23,27.66951342382083,59.004514016818625,EPSG:32640
EMSR712_9_32UNC_x600975_y5788675_S1RTC,2022-11-04,2022-11-19,2022-12-18,2023-02-01,52.22751872399522,10.497071030148996,EPSG:32633
EMSR347_6_36LXH_x694015_y8299235_S1RTC,2018-01-23,2018-02-28,2018-03-12,2018-03-24,-15.387780327147501,34.81958144949165,EPSG:32736
EMSR405_3_49PBQ_x304435_y1451405_S1RTC,2018-09-18,2018-10-16,2018-11-05,2018-11-09,13.111268451604863,109.20780257366201,EPSG:32649
EMSR472_4_48PZC_x208575_y1734555_S1RTC,2019-08-20,2019-09-17,2019-10-11,2019-10-19,15.660922340555274,108.29348885573428,EPSG:32648
EMSR779_1_33PVM_x485555_y1117175_S1RTC,2023-09-18,2023-10-24,2023-11-17,2023-12-23,10.094832881014298,14.879795907844883,EPSG:32633
EMSR472_1_48QXE_x670265_y1922095_S1RTC,2019-08-29,2019-09-10,2019-10-12,2019-10-16,17.36648753224051,106.61455761614636,EPSG:32648
EMSR311_8_17SPV_x688675_y3898515_S1RTC,2017-07-26,2017-08-19,2017-09-12,2017-10-18,35.200208168662684,-78.91345457991736,EPSG:32617
EMSR763_1_33UVU_x433175_y5855165_S1RTC,2023-08-07,2023-08-29,2023-09-22,2023-10-11,52.83078011313245,14.027037997086227,EPSG:32633
EMSR788_3_30UWU_x590105_y5322315_S1RTC,2023-12-04,2024-01-12,2024-01-28,2024-02-21,48.03610417343388,-1.774127842438927,EPSG:32630
EMSR197_1_39LUD_x367105_y8304135_S1RTC,2016-01-30,2016-01-30,2016-03-18,2016-04-11,-15.347550277340659,49.77379086948179,EPSG:32739
EMSR258_13_34TDK_x422085_y4467915_S1RTC,2016-09-29,2016-11-16,2016-11-28,2016-12-23,40.346795081842544,20.09757672489416,EPSG:32634
EMSR203_3_15SWA_x526575_y4097175_S1RTC,NaN,2016-04-14,2016-05-08,2016-05-08,37.00885066169916,-92.68695862756572,EPSG:32615
EMSR280_4_33VWH_x527715_y6739235_S1RTC,2017-03-11,2017-04-04,2017-04-16,2017-05-10,60.7760435635712,15.532260657100236,EPSG:32633
EMSR280_5_33VVH_x470115_y6775395_S1RTC,2017-03-11,2017-04-04,2017-04-21,2017-05-22,61.10070135652036,14.469341233201643,EPSG:32633
EMSR184_4_55HCD_x381465_y6309135_S1RTC,2015-08-14,2015-09-02,2015-10-01,2015-11-25,-33.36210107024328,145.73961916963847,EPSG:32755
EMSR788_1_30TWT_x585815_y5282005_S1RTC,2023-12-04,2024-01-12,2024-01-24,2024-02-21,47.67409295132302,-1.8397844792539833,EPSG:32630
EMSR312_6_51QUV_x356115_y1916725_S1RTC,2017-08-04,2017-08-16,2017-09-09,2017-10-03,17.319974189584194,121.65802829927316,EPSG:32651
EMSR311_3_17SQT_x736645_y3772735_S1RTC,2017-07-26,2017-08-19,2017-09-12,2017-10-06,34.05686944262546,-78.42226114336563,EPSG:32617
EMSR312_6_51QUU_x371405_y1899295_S1RTC,2017-07-11,2017-08-16,2017-09-09,2017-10-03,17.163365244017683,121.80289988830283,EPSG:32651
EMSR279_1_30TWN_x539415_y4736655_S1RTC,2017-02-21,2017-03-29,2017-04-10,2017-04-22,42.76987275941437,-2.502639945606426,EPSG:32630
EMSR265_6_31UDQ_x455795_y5408675_S1RTC,2016-12-06,2017-01-06,2017-01-23,2017-02-19,48.818099664721615,2.4151890564126712,EPSG:32631
EMSR184_4_55HCC_x372815_y6276565_S1RTC,2015-07-28,2015-09-02,2015-10-01,2015-10-20,-33.65480971207461,145.64208554903297,EPSG:32755
EMSR754_6_48QXH_x643075_y2263895_S1RTC,2023-08-01,2023-08-13,2023-09-18,2023-09-30,20.456606096899588,106.38388212644561,EPSG:32648
EMSR261_2_32UNC_x578315_y5756965_S1RTC,2016-10-14,2016-10-21,2016-12-10,2017-01-15,51.94621972949951,10.157981596696969,EPSG:32633
EMSR258_13_34TDK_x409285_y4449995_S1RTC,2016-09-29,2016-11-16,2016-11-28,2016-12-23,40.184100090225265,19.949381790213444,EPSG:32634
EMSR280_5_33VVH_x467555_y6795875_S1RTC,2017-03-11,2017-04-04,2017-04-21,2017-05-22,61.28435950518964,14.418482895031588,EPSG:32633
EMSR347_6_36LXJ_x673655_y8300825_S1RTC,2018-01-23,2018-02-28,2018-03-12,2018-03-24,-15.374881296474179,34.62982709900691,EPSG:32736
EMSR348_1_37KBA_x280055_y8017225_S1RTC,2018-01-30,2018-02-18,2018-03-14,2018-04-07,-17.933575236447332,36.93553464004803,EPSG:32737
EMSR200_12_56JMP_x501105_y6828965_S1RTC,2016-02-02,2016-02-26,2016-03-26,2016-04-14,-28.677983108292338,153.02436021816138,EPSG:32756
EMSR347_6_36LXH_x673535_y8268515_S1RTC,2018-01-23,2018-02-28,2018-03-12,2018-03-24,-15.666879153195422,34.63100240116757,EPSG:32736
EMSR264_1_39LTF_x303425_y8535065_S1RTC,2016-11-18,2016-12-12,2017-01-05,2017-01-29,-13.256535960265154,49.19742492023356,EPSG:32739
EMSR264_1_39LTF_x305985_y8537625_S1RTC,2016-11-18,2016-12-12,2017-01-05,2017-01-29,-13.233564152882407,49.22121312213115,EPSG:32739
EMSR229_5_15RVP_x434435_y3329695_S1RTC,NaN,NaN,NaN,NaN,30.085255076818452,-93.66714242020424,EPSG:32615
EMSR186_4_17RNL_x527805_y3025235_S1RTC,NaN,2015-09-21,2015-10-15,NaN,27.33847835870272,-80.70601514411527,EPSG:32617
EMSR350_2_50KPC_x636975_y7749645_S1RTC,2018-02-08,2018-02-15,2018-03-23,2018-04-04,-20.357779621182093,118.32456418555972,EPSG:32750
EMSR199_13_17MQM_x724165_y9106095_S1RTC,2016-02-07,2016-03-05,2016-03-26,2016-04-19,-8.093307738363922,-78.95420234896243,EPSG:32717
EMSR456_1_16PHA_x206095_y1587445_S1RTC,2019-06-04,2019-07-17,2019-08-10,2019-09-15,14.332088756663962,-83.71281485644225,EPSG:32616
EMSR265_14_31UEQ_x558395_y5423075_S1RTC,2016-12-04,2017-01-06,2017-01-21,2017-02-14,48.946243821797616,3.814931582509078,EPSG:32631
EMSR184_4_55HCC_x334415_y6289365_S1RTC,2015-07-28,2015-09-02,NaN,2015-10-20,-33.534173740891184,145.2304603463665,EPSG:32755
EMSR265_10_31UEP_x527345_y5348585_S1RTC,2016-12-04,2017-01-09,2017-01-21,2017-02-14,48.278346996941266,3.385749169730919,EPSG:32631
EMSR166_4_33UUP_x378795_y5354505_S1RTC,2015-04-22,2015-05-04,2015-05-31,2015-06-09,48.32087574335682,13.382180108951843,EPSG:32633
EMSR279_4_30TXM_x629555_y4627985_S1RTC,2017-02-21,2017-03-12,2017-04-11,2017-04-17,41.78145804928831,-1.425661727732653,EPSG:32631
EMSR264_17_38KMD_x442085_y7843935_S1RTC,2016-12-10,2016-12-10,2017-01-10,2017-02-03,-19.50992316657532,44.460192822633815,EPSG:32738
EMSR771_5_32TPQ_x678815_y4942795_S1RTC,2023-08-27,2023-09-24,2023-10-14,2023-11-19,44.60448190841565,11.269394725163506,EPSG:32632
EMSR199_3_18LUM_x311975_y8684705_S1RTC,NaN,NaN,2016-03-28,NaN,-11.904499708732518,-76.71468338732402,EPSG:32718
EMSR712_6_32UNC_x563755_y5737595_S1RTC,2022-11-09,2022-11-21,2022-12-27,2023-01-20,51.77397715271637,9.942531747384068,EPSG:32633
EMSR427_4_33VUE_x697135_y6445725_S1RTC,2018-12-29,2019-01-17,2019-02-22,2019-03-18,58.096906645390185,12.366620999501563,EPSG:32632
EMSR742_1_34VFJ_x643235_y6311065_S1RTC,2023-06-19,2023-07-06,2023-07-30,2023-09-04,56.909229722502126,23.373347855158134,EPSG:32635
EMSR264_9_39KTU_x282955_y7816475_S1RTC,2016-11-13,2016-12-31,2017-01-12,2017-01-24,-19.747044359029058,48.94090653666898,EPSG:32739
EMSR203_3_15SVB_x496425_y4113275_S1RTC,NaN,2016-04-14,2016-05-08,2016-05-08,37.15439096909219,-93.02590211227364,EPSG:32615
EMSR265_23_31UDP_x460335_y5300465_S1RTC,2016-11-19,2017-01-02,2017-01-26,2017-02-19,47.84490743863862,2.4868930575955477,EPSG:32631
EMSR471_4_33UYQ_x770365_y5452955_S1RTC,2019-09-06,2019-09-13,2019-10-12,2019-11-05,49.15776216149487,18.72600439639647,EPSG:32634
EMSR779_3_33PVP_x463555_y1334745_S1RTC,2023-09-30,2023-11-05,2023-11-17,2023-12-11,12.062359780322998,14.676848893221607,EPSG:32633
EMSR501_1_34TCM_x376915_y4643775_S1RTC,2019-11-07,2019-12-13,2020-02-05,2020-02-17,41.92506621468582,19.530917625484236,EPSG:32633
EMSR249_3_29UMV_x495075_y5899805_S1RTC,2016-09-02,2016-09-14,2016-10-13,2016-11-01,53.236040441212715,-9.054686731458247,EPSG:32629
EMSR203_2_15SVA_x418925_y4096485_S1RTC,NaN,2016-04-14,2016-05-08,2016-06-13,36.99965516477985,-93.89685614528416,EPSG:32615
EMSR261_3_32UND_x583495_y5803295_S1RTC,2016-10-09,2016-11-02,2016-12-10,2017-01-18,52.36189717426366,10.244892779253195,EPSG:32633
EMSR264_1_39LTF_x300865_y8555545_S1RTC,2016-11-18,2016-12-12,2017-01-05,2017-01-29,-13.071269955504516,49.175176129579995,EPSG:32739
EMSR427_10_33VVC_x450375_y6288165_S1RTC,2018-12-26,2019-01-19,2019-03-01,2019-03-20,56.72353034306891,14.209926833164213,EPSG:32633
EMSR756_1_33UWS_x566155_y5669125_S1RTC,2023-07-24,2023-09-02,2023-09-14,2023-10-11,51.1581143908037,15.964248062284868,EPSG:32633
EMSR568_1_37LFE_x679825_y8398685_S1RTC,2021-02-03,2021-02-21,2021-03-17,2021-03-17,-14.490057801814014,40.68040533244527,EPSG:32737
EMSR777_5_16QCE_x329415_y1984475_S1RTC,2023-09-29,2023-11-04,2023-11-16,2023-11-28,17.930286556501382,-88.59854067668084,EPSG:32616
EMSR314_1_31PGK_x796725_y972755_S1RTC,2017-07-16,2017-09-02,2017-09-14,2017-10-08,8.77886591925609,5.70861656361052,EPSG:32632
EMSR793_1_37LFD_x659475_y8338125_S1RTC,2024-01-13,2024-02-18,2024-03-13,2024-03-25,-15.038692961422269,40.49536629966798,EPSG:32737
EMSR352_3_39STR_x257305_y3582565_S1RTC,2018-02-17,2018-03-06,2018-04-06,2018-04-19,32.34247682306357,48.43487059153353,EPSG:32639
EMSR777_1_16QCD_x334305_y1832245_S1RTC,2023-10-03,2023-10-27,2023-11-16,2023-11-20,16.55510775370108,-88.54092663600854,EPSG:32616
EMSR779_1_33PVM_x467635_y1158135_S1RTC,2023-09-18,2023-10-24,2023-11-17,2023-12-23,10.465187609949842,14.715908212651527,EPSG:32633
EMSR481_1_16PCC_x390815_y1715965_S1RTC,2019-09-14,2019-10-12,2019-11-05,2019-11-13,15.507298064127413,-88.00611093232104,EPSG:32616
EMSR777_1_16QCE_x321655_y1947375_S1RTC,2023-09-29,2023-11-04,2023-11-16,2023-11-28,17.594471954112485,-88.66867235685373,EPSG:32616
EMSR346_3_36KXD_x687075_y7808905_S1RTC,2018-01-30,2018-02-23,2018-03-07,2018-03-31,-19.81823723862659,34.79829491991095,EPSG:32736
EMSR229_3_14RNR_x565905_y3089225_S1RTC,NaN,NaN,NaN,NaN,27.914783994903317,-98.31728391670953,EPSG:32614
EMSR279_11_31TBF_x275225_y4502945_S1RTC,2017-02-17,2017-03-25,2017-04-12,2017-05-06,40.63564755583109,0.35714255375600285,EPSG:32631
EMSR352_8_39RTQ_x269965_y3471335_S1RTC,2018-02-17,2018-02-22,2018-04-06,2018-05-12,31.342515220991192,48.59544350872512,EPSG:32639
EMSR783_1_30VVJ_x454085_y6355485_S1RTC,2023-11-15,2023-12-09,2023-12-26,2024-01-19,57.32861590761884,-3.7413961419203345,EPSG:32630
EMSR706_1_31UDS_x456725_y5644795_S1RTC,2022-09-01,2022-10-12,2022-11-17,2022-11-29,50.94177301112926,2.402195879647555,EPSG:32631
EMSR471_5_33UXP_x643155_y5386485_S1RTC,2019-09-06,2019-09-26,2019-10-08,2019-10-17,48.60329325960115,16.959173602365144,EPSG:32634
EMSR479_1_15QVA_x444065_y2005535_S1RTC,2019-09-12,2019-10-06,2019-11-08,2019-11-23,18.126520046330587,-93.51669360211157,EPSG:32615
EMSR342_7_54KVE_x483315_y7971625_S1RTC,2017-12-09,2018-01-02,2018-02-19,2018-03-03,-18.356642589302684,140.85413808118244,EPSG:32754
EMSR265_23_31TDN_x444885_y5284045_S1RTC,2016-12-06,2017-01-11,2017-01-23,2017-02-19,47.69607076791014,2.282443369689468,EPSG:32631
EMSR352_1_39STS_x832375_y3608305_S1RTC,2018-02-18,2018-03-13,2018-04-06,2018-05-01,32.55052476769956,48.55278904491652,EPSG:32639
EMSR354_2_37LEG_x606505_y8661865_S1RTC,2018-03-14,2018-03-26,2018-05-01,2018-05-25,-12.114496417810798,39.9904619838664,EPSG:32737
EMSR712_7_32UNC_x574765_y5772085_S1RTC,2022-11-07,2022-11-21,2022-12-18,2023-02-01,52.08263384303956,10.109700002543741,EPSG:32633
EMSR330_3_33SWB_x502565_y4123785_S1RTC,2017-08-29,2017-09-28,2017-10-22,2017-10-22,37.249124308172796,15.043299344223444,EPSG:32633
EMSR186_4_17RNL_x555965_y3022675_S1RTC,NaN,2015-09-21,2015-10-15,NaN,27.314478308341766,-80.4214598749286,EPSG:32617
EMSR261_1_32UND_x528885_y5813535_S1RTC,2016-10-11,2016-10-23,2016-12-10,2016-12-10,52.459682045696425,9.443888599937642,EPSG:32632
EMSR640_2_30VWJ_x545305_y6327555_S1RTC,2021-10-08,2021-10-30,2021-11-13,2021-11-18,57.07754403831739,-2.231615963927867,EPSG:32630
EMSR771_8_32TPQ_x623535_y4977555_S1RTC,2023-08-15,2023-10-02,2023-10-14,2023-11-07,44.92900000357281,10.581622919063793,EPSG:32632
EMSR771_8_32TPQ_x618415_y4977555_S1RTC,2023-08-15,2023-10-02,2023-10-14,2023-11-07,44.9298800200515,10.516764250939241,EPSG:32632
EMSR264_5_38LPH_x650255_y8203025_S1RTC,2016-11-23,2016-12-17,2017-01-10,2017-02-03,-16.260265937207837,46.4180071790128,EPSG:32738
EMSR479_1_15QVA_x482465_y2018335_S1RTC,2019-09-12,2019-10-06,2019-11-08,2019-11-23,18.242843739580703,-93.15380704801102,EPSG:32615
EMSR200_6_55KEU_x553565_y7821285_S1RTC,2016-02-03,2016-03-10,2016-04-03,2016-04-27,-19.714654829195595,147.5233146100363,EPSG:32755
EMSR277_2_35TMF_x456125_y4581155_S1RTC,2017-01-25,2017-03-02,2017-03-26,2017-04-19,41.36930595220121,26.490616430370913,EPSG:32635
EMSR184_4_55HCD_x378905_y6332175_S1RTC,2015-08-14,2015-09-02,2015-10-01,2015-11-25,-33.15405036026314,145.71515413535153,EPSG:32755
EMSR328_2_13QDF_x430945_y2506265_S1RTC,2017-09-01,2017-10-07,2017-10-19,2017-10-29,22.650578236045696,-105.65969135106175,EPSG:32613
EMSR184_4_55HCC_x331855_y6291925_S1RTC,2015-07-28,2015-09-02,2015-10-01,2015-10-20,-33.510697949424845,145.20337950167107,EPSG:32755
EMSR348_3_36KXD_x689635_y7806345_S1RTC,2018-01-30,2018-02-23,2018-03-19,2018-04-24,-19.841112029717323,34.82299145578463,EPSG:32736
EMSR706_1_31UCS_x398375_y5603925_S1RTC,2022-09-06,2022-10-12,2022-11-17,2022-12-23,50.56714425263544,1.583008948805942,EPSG:32631
EMSR184_4_55HCD_x378905_y6293775_S1RTC,2015-08-14,2015-09-02,2015-10-01,2015-11-25,-33.50032693985633,145.71006104699745,EPSG:32755
EMSR261_3_32UNC_x588895_y5756005_S1RTC,2016-10-14,2016-10-23,2016-12-13,2017-01-18,51.935976265147055,10.311620798471509,EPSG:32633
EMSR333_1_33STC_x287245_y4193635_S1RTC,2017-09-03,2017-10-15,2017-11-02,2017-11-02,37.854185301668224,12.596198614572186,EPSG:32632
EMSR274_13_39LUC_x359735_y8296935_S1RTC,2017-01-29,2017-02-10,2017-03-13,2017-04-06,-15.41224024986604,49.704739949317236,EPSG:32739
EMSR712_8_32UND_x576715_y5821395_S1RTC,2022-11-09,2022-11-19,2022-12-18,2022-12-30,52.5255953127845,10.149575014540623,EPSG:32632
EMSR261_2_32UNC_x578315_y5769765_S1RTC,2016-10-14,2016-10-21,2016-12-10,2017-01-15,52.06128033873466,10.160955066111699,EPSG:32633
EMSR483_3_33SXD_x680345_y4352525_S1RTC,2019-10-07,2019-10-25,2019-11-18,2019-12-06,39.29159228110717,17.1060052259193,EPSG:32633
EMSR264_16_38KND_x538985_y7828605_S1RTC,2016-11-23,2016-12-17,2017-01-10,2017-02-03,-19.648857403742976,45.38402899155869,EPSG:32738
EMSR264_4_38LQJ_x734985_y8301195_S1RTC,2016-11-23,2016-12-17,2017-01-10,2017-02-03,-15.366625678225521,47.20094190110056,EPSG:32739
EMSR200_12_56JNP_x547065_y6803365_S1RTC,2016-02-02,2016-02-26,2016-04-02,2016-04-26,-28.90814447190318,153.49586316467418,EPSG:32756
EMSR469_4_48QYD_x777645_y1821405_S1RTC,2019-08-05,2019-09-10,2019-10-04,2019-10-28,16.44653002459078,107.61205085526262,EPSG:32648
EMSR554_1_56JLP_x330555_y6856895_S1RTC,2020-10-07,2020-11-05,2020-11-24,2020-11-29,-28.41504836132966,151.283126400573,EPSG:32756
EMSR265_26_31UCQ_x393685_y5466225_S1RTC,2016-12-06,2017-01-07,2017-01-26,2017-02-19,49.32823216159341,1.5543536094210002,EPSG:32631
EMSR265_15_31UEQ_x595945_y5433655_S1RTC,2016-12-01,2017-01-06,2017-01-21,2017-02-14,49.0366296953363,4.330178072030043,EPSG:32631
EMSR265_23_31UDP_x473135_y5313265_S1RTC,2016-11-19,2017-01-02,2017-01-26,2017-02-19,47.9607084508556,2.657209832959908,EPSG:32631
EMSR779_3_33PWN_x500235_y1289305_S1RTC,2023-09-30,2023-11-05,2023-11-17,2023-12-11,11.65161123866802,15.013853607147,EPSG:32633
EMSR472_1_48QXE_x613945_y1970735_S1RTC,2019-08-29,2019-09-10,2019-10-12,2019-10-16,17.80964516501791,106.08717776091369,EPSG:32648
EMSR352_1_38SQB_x796465_y3593585_S1RTC,2018-01-24,2018-03-06,2018-04-06,2018-04-30,32.428160376198555,48.16629272868528,EPSG:32639
EMSR352_7_39RTQ_x297535_y3481425_S1RTC,2018-02-17,2018-02-22,2018-04-06,2018-05-12,31.43859398666282,48.88301863374342,EPSG:32639
EMSR311_3_17SQT_x700805_y3759935_S1RTC,2017-07-26,2017-08-19,2017-09-12,2017-10-06,33.949041414379,-78.8132579840998,EPSG:32617
EMSR407_2_30UXD_x665035_y5876575_S1RTC,2018-09-13,2018-10-24,2018-11-07,2018-11-29,53.00140160245224,-0.5215506706379669,EPSG:32631
EMSR481_1_16PDC_x426235_y1723605_S1RTC,2019-09-18,2019-10-19,2019-11-05,2019-12-01,15.57762156982132,-87.67611439053236,EPSG:32616
EMSR586_3_56HKJ_x296585_y6308935_S1RTC,2021-05-02,2021-06-04,2021-07-01,2021-07-25,-33.35129536960463,150.82768416422465,EPSG:32756
EMSR411_1_31TGJ_x303105_y4820985_S1RTC,2018-09-20,2018-10-25,2018-11-18,2018-12-24,43.50471764168604,6.580138140118613,EPSG:32632
EMSR348_1_37KBA_x290295_y8017225_S1RTC,2018-01-25,2018-02-18,2018-03-14,2018-04-07,-17.93457790945038,37.03216771404115,EPSG:32737
EMSR352_1_39RTQ_x869365_y3407715_S1RTC,2018-02-17,2018-02-22,2018-04-06,2018-04-06,30.733219757645237,48.870274079166386,EPSG:32639
EMSR397_1_31TCG_x300155_y4616825_S1RTC,2018-09-03,2018-09-28,2018-10-22,2018-11-21,41.6669704122205,0.614799778830126,EPSG:32630
EMSR480_3_35SKV_x274905_y3918525_S1RTC,2019-09-28,2019-10-22,2019-11-15,2019-11-27,35.37349182834931,24.536226467254604,EPSG:32634
EMSR777_1_16QCE_x357495_y1921775_S1RTC,2023-09-29,2023-11-04,2023-11-16,2023-11-28,17.365696564558053,-88.32931699792725,EPSG:32616
EMSR668_4_32VPP_x353155_y6796355_S1RTC,2022-04-12,2022-04-24,2022-05-18,2022-05-18,61.26276253232605,12.285544721123246,EPSG:32632
EMSR203_3_15SWB_x513695_y4146425_S1RTC,NaN,2016-04-14,2016-05-08,2016-05-08,37.453085588943246,-92.83074299373868,EPSG:32615
EMSR264_11_38KRC_x234755_y7725685_S1RTC,2016-11-13,2016-12-31,2017-01-05,2017-01-24,-20.56079331886657,48.46804807705043,EPSG:32739
EMSR422_2_31TEG_x508565_y4649015_S1RTC,2018-11-28,2018-12-23,2019-01-16,2019-02-20,41.981598921679286,3.118781069845877,EPSG:32631
EMSR264_16_38KMD_x498995_y7841445_S1RTC,2016-11-23,2016-12-17,2017-01-10,2017-02-03,-19.533231005345392,45.002573632097615,EPSG:32738
EMSR466_1_31PHR_x187525_y1514275_S1RTC,2019-07-13,2019-08-30,2019-09-23,2019-10-05,13.669297500286556,6.123421122133496,EPSG:32631
EMSR184_1_55HEC_x602005_y6273635_S1RTC,NaN,2015-09-09,2015-10-03,2015-10-15,-33.683671410447765,148.11423978154644,EPSG:32755
EMSR200_6_55KET_x540675_y7791185_S1RTC,2016-02-03,2016-03-10,2016-04-03,2016-04-03,-19.986973742533714,147.40099608183033,EPSG:32755
EMSR441_5_34WFV_x630475_y7409685_S1RTC,2019-04-05,2019-05-18,2019-05-30,2019-06-11,66.76556353493766,23.993764873074447,EPSG:32634
EMSR479_1_15QVA_x423585_y2026015_S1RTC,2019-09-12,2019-10-06,2019-11-08,2019-11-23,18.31099626099063,-93.71102993362071,EPSG:32615
EMSR314_3_32NKN_x268135_y716625_S1RTC,2017-07-11,2017-08-16,2017-09-21,2017-10-03,6.467443676833173,6.915013858430711,EPSG:32632
EMSR629_2_42RVR_x459395_y3072915_S1RTC,2021-07-06,2021-08-03,2021-08-23,2021-09-20,27.768660784024284,68.60084096931176,EPSG:32642
EMSR479_1_15QVA_x451745_y2000415_S1RTC,2019-09-12,2019-10-06,2019-11-08,2019-11-23,18.080425176938927,-93.44398079446967,EPSG:32615
EMSR265_23_31TDN_x437205_y5281485_S1RTC,2016-12-06,2017-01-11,2017-01-23,2017-02-19,47.672353384905215,2.180458583300442,EPSG:32631
EMSR793_2_37LFC_x649235_y8290245_S1RTC,2024-01-25,2024-02-18,2024-03-13,2024-03-25,-15.472053872547127,40.40300021373939,EPSG:32737
EMSR756_1_33UWS_x586635_y5651205_S1RTC,2023-07-23,2023-09-02,2023-09-14,2023-10-11,50.99422927169358,16.252687010537276,EPSG:32633
EMSR203_2_15SVB_x408905_y4111065_S1RTC,NaN,2016-04-14,2016-05-08,2016-06-13,37.13015939390307,-94.01119681661446,EPSG:32615
EMSR264_5_38KPG_x706475_y8179425_S1RTC,2016-11-23,2016-12-17,2017-01-10,2017-02-03,-16.46931480588764,46.94603367579031,EPSG:32738
EMSR203_3_15SVB_x478505_y4128635_S1RTC,NaN,2016-04-14,2016-05-08,2016-05-08,37.29263035963575,-93.2281291777529,EPSG:32615
EMSR427_2_33VVE_x405085_y6421365_S1RTC,2018-12-24,2019-01-17,2019-02-17,2019-03-18,57.91274364691779,13.419568889710076,EPSG:32633
EMSR265_14_31UEQ_x527675_y5440995_S1RTC,2016-12-04,2017-01-06,2017-01-21,2017-02-14,49.10964166363437,3.396674456000865,EPSG:32631
EMSR472_1_48QXE_x667705_y1927215_S1RTC,2019-08-29,2019-09-10,2019-10-12,2019-10-16,17.41294346102997,106.5908692731125,EPSG:32648
EMSR264_11_38KRC_x242435_y7730805_S1RTC,2016-11-13,2016-12-31,2017-01-05,2017-01-24,-20.51563218044656,48.5424004584974,EPSG:32739
EMSR706_1_31UDR_x418165_y5589605_S1RTC,2022-09-01,2022-10-12,2022-11-17,2022-11-29,50.44145030369907,1.865477256645242,EPSG:32631
EMSR352_1_39STS_x860535_y3598065_S1RTC,2018-02-18,2018-03-13,2018-04-06,2018-05-01,32.449532732826455,48.84815029308928,EPSG:32639
EMSR422_1_31TDG_x471325_y4625295_S1RTC,2018-11-21,2019-01-03,2019-01-27,2019-02-20,41.76754462476313,2.6703497743407962,EPSG:32631
EMSR472_4_48PZC_x193215_y1729435_S1RTC,2019-08-20,2019-09-17,2019-10-11,2019-10-19,15.612874676505049,108.15097545100572,EPSG:32648
EMSR472_4_48PZC_x231615_y1737115_S1RTC,2019-08-20,2019-09-17,2019-10-11,2019-10-19,15.686594540865432,108.50797226048516,EPSG:32648
EMSR437_4_30TXP_x685625_y4866515_S1RTC,2019-04-07,2019-04-07,2019-05-13,2019-05-13,43.91656302797351,-0.6721086048142636,EPSG:32630
EMSR200_6_55KEU_x568925_y7831525_S1RTC,NaN,NaN,NaN,NaN,-19.621634498484585,147.66949755994457,EPSG:32755
EMSR279_1_30TWN_x521495_y4764815_S1RTC,2017-02-21,2017-03-29,2017-04-10,2017-04-22,43.02419945494211,-2.7205325014187274,EPSG:32630
EMSR479_1_15QVA_x456865_y2002975_S1RTC,2019-09-12,2019-10-06,2019-11-08,2019-11-23,18.103668547229965,-93.39564741647011,EPSG:32615
EMSR427_7_33UVB_x451785_y6194495_S1RTC,2018-12-24,2019-02-03,2019-02-22,2019-03-08,55.88216977142614,14.24964161078025,EPSG:32633
EMSR470_1_31PBM_x231615_y1170675_S1RTC,2019-08-21,2019-09-14,2019-10-20,2019-10-20,10.569286448185549,0.5590890809703083,EPSG:32631
EMSR280_5_33VVH_x459875_y6793315_S1RTC,2017-03-11,2017-04-04,2017-04-21,2017-05-22,61.26068953810252,14.27574401892051,EPSG:32633
EMSR712_6_32UND_x528175_y5806095_S1RTC,2022-11-09,2022-11-21,2022-12-18,2023-01-11,52.39283483659841,9.432783760864215,EPSG:32632
EMSR779_3_33PVN_x476245_y1273945_S1RTC,2023-09-30,2023-10-24,2023-11-17,2023-12-11,11.512628087182108,14.793857828710916,EPSG:32633
EMSR774_1_15QTV_x229225_y1981615_S1RTC,2023-08-24,2023-10-02,2023-10-26,2023-11-07,17.894387805960793,-95.5435594031761,EPSG:32614
EMSR502_5_29UMT_x491365_y5743005_S1RTC,2019-12-28,2020-01-29,2020-02-19,2020-03-12,51.82634960215777,-9.106796915581233,EPSG:32629
EMSR342_7_54KVF_x480745_y7995875_S1RTC,2017-12-21,2018-01-02,2018-02-19,2018-03-03,-18.137441986776118,140.83002527299084,EPSG:32754
EMSR645_4_38KMD_x471615_y7825455_S1RTC,2021-11-21,2022-01-08,2022-02-01,2022-02-01,-19.677547845415738,44.74135839269146,EPSG:32738
EMSR479_1_15QVA_x415905_y2023455_S1RTC,2019-09-12,2019-10-06,2019-11-08,2019-11-23,18.28757578132082,-93.78359494787549,EPSG:32615
EMSR634_1_32TQP_x305665_y4819825_S1RTC,2021-07-14,2021-09-06,2021-09-18,2021-09-30,43.49494737385189,12.612190192372458,EPSG:32633
EMSR502_5_29UNT_x546465_y5753375_S1RTC,2019-12-28,2020-01-31,2020-02-24,2020-03-19,51.91758972009164,-8.305863868711715,EPSG:32629
EMSR186_4_17RNL_x555965_y3014995_S1RTC,NaN,2015-09-21,2015-10-15,NaN,27.245145007091203,-80.42181889415824,EPSG:32617
EMSR279_11_31TBF_x282905_y4525985_S1RTC,2017-02-17,2017-03-25,2017-04-12,2017-05-06,40.84504180402845,0.4399274352674158,EPSG:32631
EMSR199_3_18LUM_x319655_y8679585_S1RTC,NaN,NaN,2016-03-28,NaN,-11.951202797785601,-76.64446749969008,EPSG:32718
EMSR779_1_33PVM_x462515_y1178615_S1RTC,2023-09-18,2023-10-24,2023-11-17,2023-12-23,10.650365884050714,14.66892544281613,EPSG:32633
EMSR200_6_55KEU_x563805_y7831525_S1RTC,NaN,NaN,NaN,NaN,-19.621809432463696,147.6206703278215,EPSG:32755
EMSR258_7_34TCK_x384895_y4482825_S1RTC,2016-09-29,2016-11-16,2016-11-28,2016-12-16,40.47683995188922,19.65709857753373,EPSG:32634
EMSR783_1_30VVJ_x443845_y6332445_S1RTC,2023-11-15,2023-12-09,2023-12-26,2024-01-19,57.12055301737954,-3.906354225047346,EPSG:32630
EMSR176_2_15RYQ_x742075_y3393035_S1RTC,NaN,NaN,2015-08-25,NaN,30.633732312592468,-90.4609830505271,EPSG:32615
EMSR481_1_16PDC_x433915_y1751765_S1RTC,2019-09-18,2019-10-19,2019-11-05,2019-12-01,15.832400594526682,-87.60523705660819,EPSG:32616
EMSR265_6_31UDQ_x455795_y5413795_S1RTC,2016-12-06,2017-01-06,2017-01-23,2017-02-19,48.864156092338916,2.4146525965881684,EPSG:32631
EMSR280_4_33VWH_x560995_y6739235_S1RTC,2017-03-11,2017-04-04,2017-04-16,2017-05-10,60.77223110137377,16.143181653732977,EPSG:32633
EMSR229_4_14RNS_x525005_y3193795_S1RTC,2016-07-10,NaN,NaN,NaN,28.860137157345374,-98.73054707888008,EPSG:32614
EMSR184_4_55HCC_x370255_y6274005_S1RTC,2015-07-28,2015-09-02,2015-10-01,2015-10-20,-33.67758630687358,145.61411325538288,EPSG:32755
EMSR773_6_31TBE_x768335_y4486385_S1RTC,2023-09-20,2023-10-02,2023-11-01,2023-12-07,40.4729340062343,0.1803071049496089,EPSG:32631
EMSR312_1_50QRF_x243375_y2011425_S1RTC,2017-07-23,2017-08-09,2017-09-14,2017-10-08,18.165287166714617,120.58623154465066,EPSG:32651
EMSR482_8_16PEA_x601235_y1591845_S1RTC,2019-09-20,2019-10-31,2019-11-19,2019-12-06,14.38547551011201,-86.04918446011773,EPSG:32616
EMSR471_5_33UXP_x655955_y5368565_S1RTC,2019-09-06,2019-09-26,2019-10-08,2019-10-20,48.43910597640995,17.125928493916355,EPSG:32634
EMSR759_1_34UCU_x331635_y5295075_S1RTC,2023-07-23,2023-08-11,2023-09-16,2023-10-10,47.7758837204597,18.769641392115737,EPSG:32633
EMSR664_2_32TQQ_x713405_y4939095_S1RTC,2022-03-09,2022-04-02,2022-05-15,2022-06-13,44.56172121697137,11.703290554535547,EPSG:32632
EMSR347_6_36LXH_x694015_y8260835_S1RTC,2018-01-23,2018-02-28,2018-03-12,2018-03-24,-15.734769762330673,34.82263468567183,EPSG:32736
EMSR261_3_32UNC_x583775_y5761125_S1RTC,2016-10-14,2016-10-23,2016-12-13,2017-01-18,51.98280562098002,10.238431873545245,EPSG:32633
EMSR229_3_14RNR_x540305_y3055945_S1RTC,NaN,NaN,NaN,NaN,27.615397056539535,-98.57859494050152,EPSG:32614
EMSR264_17_38KMD_x462565_y7828575_S1RTC,2016-12-10,2016-12-10,2017-01-10,2017-02-03,-19.649207764183632,44.65507863551829,EPSG:32738
EMSR229_4_14RNS_x573645_y3198915_S1RTC,2016-07-10,NaN,NaN,NaN,28.904428059551794,-98.23151850127631,EPSG:32614
EMSR586_3_56HLH_x313645_y6294865_S1RTC,2021-04-29,2021-06-04,2021-07-01,2021-07-25,-33.481198372541044,151.00802545447075,EPSG:32756
EMSR742_1_34VFJ_x638115_y6316185_S1RTC,2023-06-19,2023-07-06,2023-07-30,2023-09-04,56.956756486438515,23.292155742012724,EPSG:32635
EMSR637_12_55HBA_x293735_y5996225_S1RTC,2021-08-25,2021-09-30,2021-10-24,2021-11-17,-36.16854784294436,144.72088255356852,EPSG:32755
EMSR429_6_29UNV_x513015_y5896265_S1RTC,2018-12-31,2019-01-26,2019-02-19,2019-02-19,53.204039539807965,-8.78605708822538,EPSG:32629
EMSR192_7_32TLQ_x385815_y4979485_S1RTC,2015-09-23,2015-10-29,2015-11-22,2015-12-04,44.94835716295905,7.56869574524533,EPSG:32632
EMSR199_13_17MQM_x721605_y9100975_S1RTC,2016-02-07,2016-03-05,2016-03-26,2016-04-19,-8.139707390612408,-78.97719199388308,EPSG:32717
EMSR332_1_32TPR_x652585_y5008785_S1RTC,2017-09-14,2017-09-26,2017-10-25,2017-11-13,45.20427323347063,10.959135123696848,EPSG:32633
EMSR479_1_15QVA_x451745_y2031135_S1RTC,2019-09-12,2019-10-06,2019-11-08,2019-11-23,18.358077482211403,-93.44468526924028,EPSG:32615
EMSR417_1_29TNE_x556345_y4456725_S1RTC,2018-10-17,2018-11-29,2018-12-17,2019-01-09,40.247518144997805,-8.322524366100222,EPSG:32629
EMSR421_3_31TDH_x418135_y4770475_S1RTC,2018-11-21,2019-01-08,2019-01-20,2019-02-13,43.0712277286823,2.0101261894794837,EPSG:32631
EMSR504_6_56HKH_x278565_y6282965_S1RTC,2020-01-17,2020-03-08,2020-03-20,2020-04-13,-33.581798435748134,150.62779813137416,EPSG:32756
EMSR777_1_16QCE_x308855_y1924335_S1RTC,2023-09-29,2023-11-04,2023-11-16,2023-11-28,17.385257687680912,-88.7872201423802,EPSG:32616
EMSR203_3_15SVB_x442665_y4113275_S1RTC,NaN,2016-04-14,2016-05-08,2016-05-08,37.15271236157779,-93.63131839182904,EPSG:32615
EMSR328_1_13QCF_x403875_y2535605_S1RTC,2017-09-01,2017-10-07,2017-10-17,2017-10-29,22.91429143624276,-105.92492152296063,EPSG:32613
EMSR264_1_39LTF_x298305_y8545305_S1RTC,2016-11-18,2016-12-12,2017-01-05,2017-01-29,-13.16365024919421,49.1508826530644,EPSG:32739
EMSR352_1_39RTQ_x869365_y3430755_S1RTC,2018-02-17,2018-02-22,2018-04-06,2018-04-06,30.940643223671046,48.87861919889964,EPSG:32639
EMSR429_3_29UMV_x483685_y5989365_S1RTC,2018-12-21,2019-01-29,2019-02-19,2019-02-22,54.04084040305419,-9.229669822440442,EPSG:32629
EMSR184_4_55HCC_x383055_y6271445_S1RTC,2015-07-28,2015-09-02,NaN,2015-10-20,-33.7021416760055,145.7518310016257,EPSG:32755
EMSR479_1_15QVA_x454305_y1997855_S1RTC,2019-09-12,2019-10-06,2019-11-08,2019-11-23,18.057341177825926,-93.41973323623262,EPSG:32615
EMSR445_2_34TGR_x705335_y5005775_S1RTC,2019-05-13,2019-06-07,2019-06-30,2019-07-25,45.16371704066094,23.628946991883613,EPSG:32634
EMSR444_3_34UFU_x676155_y5348295_S1RTC,2019-04-20,2019-05-18,2019-06-23,2019-07-05,48.25153570426239,23.390281508661033,EPSG:32634
EMSR472_1_48QWE_x603395_y1991185_S1RTC,2019-08-25,2019-09-27,2019-10-12,2019-10-21,17.99498762703615,105.98866636027306,EPSG:32648
EMSR502_5_29UNT_x541345_y5743135_S1RTC,2019-12-28,2020-01-31,2020-02-24,2020-03-19,51.825941106662526,-8.381567455726307,EPSG:32629
EMSR472_1_48QWE_x588035_y1988625_S1RTC,2019-08-25,2019-09-27,2019-10-12,2019-10-21,17.972536972697068,105.84348524277844,EPSG:32648
EMSR187_1_35TNL_x561625_y5056135_S1RTC,2015-08-29,2015-09-22,2015-10-08,2015-11-09,45.64443660749176,27.80716836322364,EPSG:32635
EMSR176_2_15RYQ_x734395_y3408395_S1RTC,NaN,NaN,2015-08-25,NaN,30.773746847644073,-90.53753348076317,EPSG:32615
EMSR261_3_32UPC_x611105_y5784375_S1RTC,2016-10-09,2016-10-30,2016-12-13,2017-01-03,52.18690102143784,10.643896811787284,EPSG:32632
EMSR260_7_32TPQ_x644455_y4956495_S1RTC,2016-10-18,2016-11-11,2016-12-05,2016-12-13,44.735533863206996,10.840555781454126,EPSG:32632
EMSR482_5_16PFC_x629345_y1751165_S1RTC,2019-09-25,2019-11-02,2019-11-14,2019-12-08,15.824392713460364,-85.78029480517856,EPSG:32616
EMSR229_3_14RNR_x606865_y3055945_S1RTC,NaN,NaN,NaN,NaN,27.611709284198888,-97.90409195245937,EPSG:32614
EMSR722_1_32ULV_x368735_y5449875_S1RTC,2023-03-26,2023-05-04,2023-05-16,2023-06-14,49.17642790405279,7.2164353905084395,EPSG:32632
EMSR322_17_16RFU_x686735_y3386615_S1RTC,NaN,2017-09-20,2017-10-09,2017-10-09,30.585827374506,-85.03921898005973,EPSG:32616
EMSR322_17_16RFU_x691855_y3371255_S1RTC,NaN,2017-09-20,2017-10-09,2017-10-09,30.446490808453333,-84.98870427864638,EPSG:32616
EMSR482_8_16PFB_x617935_y1618875_S1RTC,2019-09-25,2019-10-31,2019-11-24,2019-12-06,14.629151299770808,-85.89309203004254,EPSG:32616
EMSR279_3_30TWM_x570965_y4668895_S1RTC,2017-02-09,2017-03-24,2017-04-10,2017-04-17,42.157378324322764,-2.1255673469317267,EPSG:32630
EMSR203_3_15SVB_x498985_y4120955_S1RTC,NaN,2016-04-14,2016-05-08,2016-05-08,37.2236223718483,-92.99706926088015,EPSG:32615
EMSR264_17_38KMD_x460005_y7846495_S1RTC,2016-12-10,2016-12-10,2017-01-10,2017-02-03,-19.487217385781303,44.631028470669484,EPSG:32738
EMSR184_4_55HCC_x349775_y6250965_S1RTC,2015-07-28,2015-09-02,2015-10-01,2015-10-20,-33.88263292605315,145.38936917258874,EPSG:32755
EMSR471_3_34UCU_x367085_y5394475_S1RTC,2019-09-09,2019-09-13,2019-10-15,2019-10-15,48.67795807788206,19.211690086558253,EPSG:32634
EMSR502_5_29UNT_x525985_y5753375_S1RTC,2019-12-28,2020-02-02,2020-02-26,2020-03-21,51.91896902137028,-8.60363099093903,EPSG:32629
EMSR475_5_48QYD_x772135_y1818945_S1RTC,2019-08-29,2019-09-22,2019-10-28,2019-11-12,16.424950215584875,107.56019681489953,EPSG:32648
EMSR479_1_15QVA_x454305_y2018335_S1RTC,2019-09-12,2019-10-06,2019-11-08,2019-11-23,18.24244464865569,-93.42017531072382,EPSG:32615
EMSR199_13_17MQM_x706245_y9116335_S1RTC,2016-02-07,2016-03-10,2016-03-26,2016-04-19,-8.001514171650665,-79.11718557980639,EPSG:32717
EMSR728_6_32TPT_x642105_y5294715_S1RTC,2023-04-05,2023-05-15,2023-05-27,2023-06-16,47.77835898678214,10.913950332689115,EPSG:32632
EMSR586_1_56HKH_x280145_y6246355_S1RTC,2021-05-02,2021-06-07,2021-07-01,2021-07-25,-33.912038881191414,150.63576893288237,EPSG:32756
EMSR200_2_55KFT_x687455_y7727705_S1RTC,NaN,NaN,NaN,NaN,-20.55159789482126,148.810373711976,EPSG:32755
EMSR712_4_32UNC_x549665_y5693615_S1RTC,2022-11-05,2022-11-21,2022-12-27,2023-01-20,51.380018605178,9.731955119832055,EPSG:32632
EMSR683_9_32VNM_x568935_y6665615_S1RTC,2022-06-04,2022-07-22,2022-08-03,2022-08-10,60.11006567258052,10.262996103382664,EPSG:32632
EMSR192_8_32TMR_x424335_y4993515_S1RTC,2015-09-23,2015-10-25,2015-11-22,2015-11-23,45.07971251753005,8.054836175403713,EPSG:32632
EMSR342_4_54KWC_x589645_y7728235_S1RTC,2017-12-16,2017-12-28,2018-02-02,2018-03-10,-20.554073471524926,141.87223964160486,EPSG:32754
EMSR352_1_39RTQ_x843765_y3469155_S1RTC,2018-02-17,2018-02-22,2018-04-06,2018-04-06,31.29419371896231,48.624325617307335,EPSG:32639
EMSR469_4_48QYD_x793005_y1823965_S1RTC,2019-08-05,2019-09-10,2019-10-04,2019-10-28,16.46780479988538,107.7561046828435,EPSG:32648
EMSR352_9_39RTP_x241865_y3363685_S1RTC,2018-02-10,2018-02-22,2018-04-07,2018-05-01,30.36634206982605,48.32739931835791,EPSG:32638
EMSR416_1_30TXP_x653975_y4809155_S1RTC,2018-10-09,2018-11-27,2018-12-08,2019-01-13,43.407733471149456,-1.0825804491475457,EPSG:32630
EMSR763_1_33UVU_x438295_y5855165_S1RTC,2023-08-07,2023-08-29,2023-09-22,2023-10-11,52.83137859476211,14.103023832577367,EPSG:32633
EMSR637_17_55JGH_x771585_y6735035_S1RTC,2021-08-08,2021-09-11,2021-10-17,2021-10-29,-29.495986823824435,149.81439543738085,EPSG:32755
EMSR771_6_32TPQ_x614845_y4956795_S1RTC,2023-08-15,2023-09-24,2023-10-14,2023-11-07,44.743648014922016,10.466790513144685,EPSG:32632
EMSR267_1_34UEG_x514165_y6128035_S1RTC,2016-12-09,2016-12-31,2017-01-26,2017-01-31,55.28703434796769,21.243107496486576,EPSG:32634
EMSR251_3_32VML_x475685_y6528705_S1RTC,2016-09-10,2016-10-04,2016-10-16,2016-10-21,58.88602720533728,8.600290329613825,EPSG:32632
EMSR150_7_30UWE_x594325_y5981095_S1RTC,2014-11-16,NaN,NaN,2015-01-30,53.95789486838566,-1.5429828193924415,EPSG:32631
EMSR482_5_16PFC_x621665_y1766525_S1RTC,2019-09-20,2019-11-02,2019-11-14,2019-12-08,15.963617932113696,-85.85121095892633,EPSG:32616
EMSR472_3_48QZD_x836475_y1795705_S1RTC,2019-08-20,2019-09-13,2019-10-11,2019-10-23,16.20697116458137,108.15870357436583,EPSG:32649
EMSR229_4_14RPT_x610865_y3245045_S1RTC,2016-07-10,NaN,NaN,NaN,29.317985967831994,-97.84515311337496,EPSG:32614
EMSR352_1_39RTQ_x851445_y3484515_S1RTC,2018-02-17,2018-02-22,2018-04-06,2018-04-06,31.430191052442783,48.71029053017126,EPSG:32639
EMSR777_1_16QBE_x306625_y1932145_S1RTC,2023-10-03,2023-11-04,2023-11-16,2023-11-28,17.455629315690995,-88.80889806104094,EPSG:32616
EMSR427_10_33VVD_x453205_y6305815_S1RTC,2018-12-24,2019-01-17,2019-03-01,2019-03-30,56.88236503596743,14.253020140180261,EPSG:32633
EMSR280_2_33VVH_x446425_y6728565_S1RTC,2017-03-11,2017-04-04,2017-04-16,2017-05-22,60.67788010001241,14.042674027909696,EPSG:32633
EMSR337_1_34SEG_x551185_y4164795_S1RTC,2017-11-07,2017-12-18,2018-01-11,2018-02-10,37.61728962041509,21.594433848425197,EPSG:32634
EMSR264_17_38KMD_x480485_y7820895_S1RTC,NaN,2016-12-17,2017-01-10,2017-02-03,-19.718858257254567,44.82593727636174,EPSG:32738
EMSR777_1_16QCD_x349665_y1839925_S1RTC,2023-10-03,2023-10-27,2023-11-16,2023-11-20,16.625527773629187,-88.39750824664861,EPSG:32616
EMSR645_6_38LRH_x805345_y8226345_S1RTC,2021-11-16,2022-01-03,2022-01-27,2022-01-27,-16.035036574209112,47.86531385007975,EPSG:32739
EMSR788_6_30TWT_x567485_y5272795_S1RTC,2023-12-11,2024-01-09,2024-01-24,2024-02-26,47.59344341066887,-2.0853879004543296,EPSG:32630
EMSR312_5_51QUV_x381725_y1928795_S1RTC,2017-08-04,2017-08-16,2017-09-09,2017-10-03,17.430526435672608,121.89833226107665,EPSG:32651
EMSR261_3_32UND_x598855_y5828895_S1RTC,2016-10-06,2016-10-30,2016-12-10,2017-01-18,52.589379983267136,10.47807839301673,EPSG:32633
EMSR759_1_34UCU_x362355_y5300195_S1RTC,2023-07-26,2023-08-11,2023-09-16,2023-10-10,47.829162233072694,19.17785141565274,EPSG:32633
EMSR471_5_33UXP_x640595_y5381365_S1RTC,2019-09-06,2019-09-26,2019-10-08,2019-10-17,48.55784372810547,16.922720762301775,EPSG:32634
EMSR586_1_56HKH_x292945_y6233555_S1RTC,2021-05-02,2021-06-07,2021-07-01,2021-07-25,-34.02997344282125,150.7711141824533,EPSG:32756
EMSR407_2_30UXE_x677205_y5908005_S1RTC,2018-09-13,2018-10-14,2018-11-07,2018-12-01,53.27970993132787,-0.3228917387205825,EPSG:32631
EMSR348_1_37KBA_x264695_y8032585_S1RTC,2018-01-30,2018-02-18,2018-03-14,2018-04-07,-17.79324950900781,36.792311027611056,EPSG:32737
EMSR265_15_31UEQ_x595945_y5428535_S1RTC,2016-12-01,2017-01-06,2017-01-21,2017-02-14,48.990584663289155,4.328951661303359,EPSG:32631
EMSR352_1_39RTQ_x864245_y3461475_S1RTC,2018-02-17,2018-02-22,2018-04-06,2018-04-06,31.21880744673412,48.83624959372552,EPSG:32639
EMSR203_3_15SWB_x513695_y4113145_S1RTC,NaN,2016-04-14,2016-05-08,2016-05-08,37.15310205461604,-92.83141396095508,EPSG:32615
EMSR385_6_18RTQ_x291895_y2936455_S1RTC,2018-07-09,2018-08-14,2018-09-03,2018-09-19,26.52211218572656,-77.07568248027297,EPSG:32618
EMSR777_1_16QCD_x359905_y1860405_S1RTC,2023-10-03,2023-10-27,2023-11-16,2023-11-20,16.811238496501172,-88.30277795333559,EPSG:32616
EMSR779_3_33PVP_x458435_y1306585_S1RTC,2023-09-30,2023-11-05,2023-11-17,2023-12-11,11.807643632092239,14.630151043310669,EPSG:32633
EMSR165_8_31UDP_x465385_y5370835_S1RTC,2015-04-23,2015-05-01,2015-05-29,2015-07-04,48.478284007625646,2.54886998294953,EPSG:32631
EMSR312_6_51QUU_x356045_y1896735_S1RTC,2017-07-11,2017-08-16,2017-09-09,2017-10-03,17.139323128323163,121.65867409304164,EPSG:32651
EMSR265_15_31UEQ_x598505_y5413175_S1RTC,2016-12-01,2017-01-06,2017-01-21,2017-02-14,48.852040851245604,4.360178524382624,EPSG:32631
EMSR481_1_16PDC_x418555_y1744085_S1RTC,2019-09-18,2019-10-24,2019-11-05,2019-12-01,15.762527287779575,-87.74841550975647,EPSG:32616
EMSR712_9_32UNC_x606095_y5780995_S1RTC,2022-11-04,2022-11-19,2022-12-18,2023-02-01,52.157522004745445,10.569571282956826,EPSG:32633
EMSR789_5_17MNU_x566095_y9875215_S1RTC,2023-12-23,2024-01-23,2024-02-28,2024-03-13,-1.1404387441798713,-80.39445500899102,EPSG:32717
EMSR280_5_33VVH_x449635_y6785635_S1RTC,2017-03-11,2017-04-04,2017-04-21,2017-05-22,61.19059717496957,14.086871720423641,EPSG:32633
EMSR427_2_33VUE_x386125_y6408005_S1RTC,2018-12-29,2019-01-17,2019-02-17,2019-03-18,57.78842441966683,13.106059907180452,EPSG:32633
EMSR332_1_32TPR_x644905_y5031825_S1RTC,2017-09-14,2017-09-26,2017-10-25,2017-11-13,45.41319166205394,10.868196511811604,EPSG:32633
EMSR167_4_31UFS_x668915_y5631745_S1RTC,2015-04-26,2015-05-03,2015-06-01,2015-07-02,50.8009435130574,5.415233557813127,EPSG:32631
EMSR793_1_37LFD_x646675_y8340685_S1RTC,2024-01-13,2024-02-18,2024-03-13,2024-03-25,-15.016306635387876,40.376172472162956,EPSG:32737
EMSR756_1_33UWS_x573835_y5669125_S1RTC,2023-07-28,2023-09-02,2023-09-14,2023-10-11,51.15715765894439,16.074052331485344,EPSG:32633
EMSR481_3_16PFC_x639585_y1748605_S1RTC,2019-09-25,2019-10-07,2019-10-31,2019-11-02,15.800696584023509,-85.68484259045965,EPSG:32616
EMSR261_3_32UPC_x616225_y5781815_S1RTC,2016-10-09,2016-10-30,2016-12-13,2017-01-03,52.16282821862938,10.717869884869781,EPSG:32632
EMSR184_3_55HDC_x430215_y6289515_S1RTC,2015-07-28,2015-09-02,2015-10-20,2015-10-20,-33.54326701107238,146.26206492627426,EPSG:32755
EMSR280_2_33VVH_x482265_y6710645_S1RTC,2017-03-11,2017-04-04,2017-04-16,2017-05-22,60.520070163876845,14.70018100274879,EPSG:32633
EMSR264_1_39LUF_x308835_y8563415_S1RTC,2016-11-18,2016-12-12,2017-01-05,2017-01-29,-13.000646012889764,49.24915747060148,EPSG:32739
EMSR203_3_15SWA_x511215_y4099735_S1RTC,NaN,2016-04-14,2016-05-08,2016-05-08,37.032257245211625,-92.85956586609602,EPSG:32615
EMSR265_23_31UDP_x432175_y5292785_S1RTC,2016-11-19,2017-01-02,2017-01-23,2017-02-19,47.773516182455076,2.1117325352792973,EPSG:32631
EMSR264_8_39KTU_x270375_y7835775_S1RTC,2016-11-13,2016-12-07,2016-12-31,2017-01-24,-19.57133601688429,48.823272349601105,EPSG:32739
EMSR200_6_55KEU_x584285_y7826405_S1RTC,NaN,NaN,NaN,NaN,-19.667295236298457,147.816209677281,EPSG:32755
EMSR283_7_32VPM_x670305_y6678765_S1RTC,2017-04-09,2017-04-26,2017-05-08,2017-05-20,60.19803899096755,12.095416935550194,EPSG:32633
EMSR756_8_33UWT_x584895_y5730505_S1RTC,2023-07-16,2023-09-02,2023-09-17,2023-10-20,51.70738826302128,16.247105776787617,EPSG:32633
EMSR311_3_17SQT_x705925_y3749695_S1RTC,2017-07-26,2017-08-19,2017-09-12,2017-10-06,33.855760629973325,-78.76030591375921,EPSG:32617
EMSR422_1_31TDG_x466205_y4625295_S1RTC,2018-11-21,2019-01-03,2019-01-27,2019-02-20,41.76735137660797,2.608752175338268,EPSG:32631
EMSR771_8_32TPQ_x615855_y4977555_S1RTC,2023-08-15,2023-10-02,2023-10-14,2023-11-07,44.93030622004879,10.48433381516711,EPSG:32632
EMSR200_2_55KFT_x654175_y7750745_S1RTC,NaN,NaN,NaN,NaN,-20.346515494705525,148.48922150876487,EPSG:32755
EMSR424_3_38KPG_x691415_y8179275_S1RTC,2018-12-07,NaN,2019-02-05,2019-03-01,-16.47193338335144,46.80502901567397,EPSG:32738
EMSR200_6_55KEU_x561245_y7823845_S1RTC,NaN,NaN,NaN,NaN,-19.691292589956802,147.59651302991244,EPSG:32755
EMSR265_6_31UDQ_x478835_y5411235_S1RTC,2016-12-09,2017-01-06,2017-01-26,2017-02-19,48.842293817433266,2.7289198589984127,EPSG:32631
EMSR264_1_39LTF_x272705_y8542745_S1RTC,2016-11-18,2016-12-12,2017-01-05,2017-01-29,-13.184974347372954,48.914599803709756,EPSG:32739
EMSR777_1_16QCE_x360055_y1929455_S1RTC,2023-09-29,2023-11-04,2023-11-16,2023-11-28,17.435258202398913,-88.30571843050545,EPSG:32616
EMSR264_1_39LUF_x308835_y8548055_S1RTC,2016-11-18,2016-12-12,2017-01-05,2017-01-29,-13.139476118812027,49.24817825118984,EPSG:32739
EMSR352_1_39STS_x786295_y3605745_S1RTC,2018-02-18,2018-03-14,2018-04-07,2018-05-01,32.540371441303456,48.061986477399685,EPSG:32639
EMSR567_3_56JMQ_x502675_y6961305_S1RTC,2020-12-30,2021-02-16,2021-02-28,2021-03-24,-27.483321273604194,153.03998481505892,EPSG:32756
EMSR280_2_33VVH_x479705_y6705525_S1RTC,2017-03-11,2017-04-04,2017-04-16,2017-05-22,60.47398780164517,14.654041613277522,EPSG:32633
EMSR229_5_15RVP_x413955_y3316895_S1RTC,NaN,NaN,NaN,NaN,29.968503627297213,-93.87862736512024,EPSG:32615
EMSR424_1_38LQJ_x721595_y8326935_S1RTC,2018-12-07,NaN,2019-02-05,2019-02-05,-15.135260300746022,47.07398107986092,EPSG:32738
EMSR471_4_33UYQ_x716605_y5414555_S1RTC,2019-09-06,2019-09-13,2019-10-12,2019-11-05,48.834230612396894,17.969177380981233,EPSG:32634
EMSR470_1_30PZR_x207435_y1080885_S1RTC,2019-08-09,2019-09-14,2019-10-20,2019-10-20,9.756276172930596,0.3449929309556461,EPSG:32631
EMSR629_2_42RVR_x464515_y3078035_S1RTC,2021-07-06,2021-08-03,2021-08-23,2021-09-20,27.815021349695822,68.65265598743655,EPSG:32642
EMSR456_1_16PHA_x211215_y1587445_S1RTC,2019-06-04,2019-07-17,2019-08-10,2019-09-15,14.332626415162816,-83.66538696555335,EPSG:32616
EMSR417_1_29TNE_x510265_y4446485_S1RTC,2018-10-17,2018-11-28,2018-12-17,2019-01-03,40.157164694554645,-8.86449624801443,EPSG:32629
EMSR502_5_29UNT_x546465_y5745695_S1RTC,2019-12-28,2020-01-31,2020-02-24,2020-03-19,51.84854284359098,-8.306926555218949,EPSG:32629
EMSR637_15_56JNP_x526205_y6809375_S1RTC,2021-08-10,2021-09-27,2021-10-21,2021-11-02,-28.85451585813111,153.2817415008934,EPSG:32756
EMSR548_1_33SWB_x500125_y4142665_S1RTC,2020-08-19,2020-09-24,2020-10-24,2020-11-11,37.419313977431294,15.015821873686257,EPSG:32633
EMSR279_5_30TXM_x700215_y4626245_S1RTC,2017-02-17,2017-03-12,2017-04-11,2017-04-17,41.75100857969753,-0.5765715406512972,EPSG:32631
EMSR328_1_13QDF_x428245_y2525295_S1RTC,2017-09-01,2017-10-05,2017-10-17,2017-10-29,22.822367727735603,-105.68682668028688,EPSG:32613
EMSR779_3_33PVP_x463555_y1321945_S1RTC,2023-09-30,2023-11-05,2023-11-17,2023-12-11,11.946606318113073,14.676986798034614,EPSG:32633
EMSR778_12_16PEB_x580785_y1606795_S1RTC,2023-09-28,2023-11-03,2023-11-15,2023-11-27,14.521322530636553,-86.23839177822882,EPSG:32616
EMSR470_1_30PZR_x207435_y1068085_S1RTC,2019-08-09,2019-09-14,2019-10-20,2019-10-20,9.640628581571304,0.34590335392128196,EPSG:32631
EMSR481_1_16PDC_x408315_y1756885_S1RTC,2019-09-18,2019-10-24,2019-11-05,2019-12-01,15.877884396764234,-87.84448264222996,EPSG:32616
EMSR267_1_34UEG_x534645_y6135715_S1RTC,2016-12-09,2016-12-31,2017-01-26,2017-01-31,55.35497549444939,21.566542010309146,EPSG:32634
EMSR186_4_17RNL_x548285_y3027795_S1RTC,NaN,2015-09-21,2015-10-15,NaN,27.36100042778935,-80.49887326111114,EPSG:32617
EMSR348_14_36KXD_x645485_y7894385_S1RTC,2018-01-23,2018-02-16,2018-03-19,2018-04-12,-19.04952159485064,34.394699725996766,EPSG:32736
EMSR326_3_30SUF_x308835_y4059565_S1RTC,2017-08-31,2017-09-25,2017-10-18,2017-10-19,36.65127247865361,-5.124365521852453,EPSG:32630
EMSR429_5_29UNA_x593465_y6000945_S1RTC,2018-12-31,2019-01-29,2019-02-19,2019-03-10,54.1364048846902,-7.549887936442736,EPSG:32629
EMSR165_7_31UDP_x452335_y5394315_S1RTC,2015-04-23,2015-04-28,2015-06-03,2015-07-09,48.688676165888666,2.369676355611572,EPSG:32631
EMSR352_10_39RUP_x312535_y3378895_S1RTC,2018-02-10,2018-02-25,2018-04-06,2018-04-30,30.516487919055045,49.05957666636562,EPSG:32638
EMSR264_4_38LQJ_x773385_y8311435_S1RTC,2016-11-18,2016-12-12,2017-01-05,2017-01-29,-15.27031939304665,47.557304653369876,EPSG:32739
EMSR793_2_37LFC_x618515_y8292805_S1RTC,2024-01-25,2024-02-18,2024-03-13,2024-03-25,-15.450542794102162,40.11655946846472,EPSG:32737
EMSR258_12_34TCK_x399215_y4468985_S1RTC,2016-09-29,2016-11-22,2016-11-28,2016-12-17,40.35401874177134,19.828166679382004,EPSG:32634
EMSR322_17_16RGV_x711335_y3409245_S1RTC,NaN,2017-09-08,2017-10-09,2017-10-26,30.785762117855164,-84.77814524081576,EPSG:32616
EMSR283_10_32VNP_x522415_y6850665_S1RTC,2017-03-26,2017-04-07,2017-05-08,2017-06-01,61.77673138961821,9.449015471917887,EPSG:32632
EMSR507_5_51LXK_x650095_y8972925_S1RTC,2020-02-06,2020-03-13,2020-04-03,2020-04-18,-9.300326783384177,124.37819656586947,EPSG:32751
EMSR350_2_50KPC_x662575_y7718925_S1RTC,2018-02-15,2018-02-15,2018-03-23,2018-04-04,-20.6332338179444,118.57260057641174,EPSG:32750
EMSR472_1_48QXE_x644665_y1975855_S1RTC,2019-08-29,2019-09-10,2019-10-12,2019-10-16,17.85408431319896,106.37734222078424,EPSG:32648
EMSR265_23_31UDP_x442415_y5308145_S1RTC,2016-11-19,2017-01-02,2017-01-23,2017-02-19,47.912681141902,2.2463973911738435,EPSG:32631
EMSR417_1_29TNE_x556345_y4443925_S1RTC,2018-10-17,2018-11-28,2018-12-17,2019-01-03,40.13220452546028,-8.323670761290552,EPSG:32629
EMSR277_3_35TMF_x453565_y4555355_S1RTC,2017-01-24,2017-03-02,2017-03-26,2017-04-19,41.13677436737557,26.461917206878,EPSG:32635
EMSR187_3_35TNL_x562985_y5045625_S1RTC,2015-09-02,2015-09-26,NaN,2015-11-09,45.54972144813771,27.823234439492513,EPSG:32635
EMSR421_4_31TDH_x470505_y4727125_S1RTC,2018-11-28,2019-01-04,2019-01-16,2019-02-13,42.68461222129563,2.655534542085647,EPSG:32631
EMSR712_6_32UND_x543535_y5808655_S1RTC,2022-11-09,2022-11-21,2022-12-18,2023-01-11,52.41480678682592,9.658836639241411,EPSG:32632
EMSR779_3_33PVN_x483925_y1294425_S1RTC,2023-09-30,2023-10-24,2023-11-17,2023-12-11,11.697882611420258,14.864193902202178,EPSG:32633
EMSR192_11_32TMR_x478045_y5002485_S1RTC,2015-10-01,2015-10-24,2015-11-22,2015-12-23,45.16406607969391,8.736862333938248,EPSG:32632
EMSR184_4_55HCD_x327705_y6304015_S1RTC,2015-08-14,2015-09-02,2015-10-01,2015-11-25,-33.40105004033474,145.1610210141814,EPSG:32755
EMSR763_1_33UVU_x451095_y5847485_S1RTC,2023-08-12,2023-08-29,2023-09-22,2023-10-11,52.763626093646685,14.2941178683427,EPSG:32633
EMSR280_2_33VVH_x482265_y6705525_S1RTC,2017-03-11,2017-04-04,2017-04-16,2017-05-22,60.474100437689295,14.700605135939517,EPSG:32633
EMSR475_9_49PBS_x260175_y1676385_S1RTC,2019-09-13,2019-09-25,2019-10-23,2019-11-16,15.140830133493465,108.78010750192965,EPSG:32649
EMSR326_2_30SUG_x381615_y4095755_S1RTC,2017-08-31,2017-09-24,2017-10-18,2017-10-19,36.98916798200313,-4.315977732383077,EPSG:32629
EMSR203_3_15SVA_x432285_y4063905_S1RTC,NaN,2016-04-14,2016-05-08,2016-05-08,36.7070222350283,-93.74386733970766,EPSG:32615
EMSR264_16_38KND_x551785_y7813245_S1RTC,2016-11-23,2016-12-17,2017-01-10,2017-02-03,-19.787357736404065,45.50655855975654,EPSG:32738
EMSR771_1_32TPQ_x698755_y4933055_S1RTC,2023-08-27,2023-09-24,2023-10-14,2023-11-19,44.511613933541085,11.516656514249286,EPSG:32632
EMSR280_1_33VVH_x418135_y6720605_S1RTC,2017-03-11,2017-04-04,2017-04-16,2017-05-22,60.60173552473305,13.528266358887082,EPSG:32632
EMSR261_1_32UND_x539125_y5823775_S1RTC,2016-10-11,2016-10-23,2016-12-10,2016-12-10,52.55107504879793,9.595834532202383,EPSG:32632
EMSR311_3_17SQT_x726405_y3775295_S1RTC,2017-07-26,2017-08-19,2017-09-12,2017-10-06,34.08221229115761,-78.53244480451518,EPSG:32617
EMSR742_1_34VFJ_x650915_y6300825_S1RTC,2023-06-19,2023-07-06,2023-07-30,2023-09-04,56.81486690992329,23.49322215506244,EPSG:32635
EMSR777_5_16QCE_x321735_y1969115_S1RTC,2023-09-29,2023-11-04,2023-11-16,2023-11-28,17.790900712957217,-88.6697331451861,EPSG:32616
EMSR184_4_55HCC_x362575_y6271445_S1RTC,2015-07-28,2015-09-02,2015-10-01,2015-10-20,-33.69971155240199,145.53089464311202,EPSG:32755
EMSR348_2_36KZE_x223625_y7938385_S1RTC,2018-01-30,2018-02-23,2018-03-19,2018-04-12,-18.639036040846577,36.392514312018626,EPSG:32737
EMSR342_7_54KVE_x465395_y7976745_S1RTC,2017-12-09,2018-01-02,2018-02-19,2018-03-03,-18.31016170536393,140.6846032876415,EPSG:32754
EMSR330_5_33SVB_x496495_y4129485_S1RTC,2017-08-29,2017-09-22,2017-10-22,2017-10-22,37.30050941159755,14.974837710857278,EPSG:32633
EMSR280_5_33VVH_x452195_y6788195_S1RTC,2017-03-11,2017-04-04,2017-04-21,2017-05-22,61.2138898620598,14.1338531706888,EPSG:32633
EMSR421_5_31TDH_x498915_y4731905_S1RTC,2018-12-11,2018-12-22,2019-01-16,2019-02-20,42.72817667396579,3.002320845131073,EPSG:32631
EMSR774_1_15QTA_x231045_y2037415_S1RTC,2023-09-20,2023-10-14,2023-11-04,2023-11-19,18.39846547896824,-95.53364716764096,EPSG:32615
EMSR264_1_39LTF_x265025_y8547865_S1RTC,2016-11-18,2016-12-12,2017-01-05,2017-01-29,-13.138122990852109,48.844178894760155,EPSG:32739
EMSR397_1_31TCF_x301095_y4586805_S1RTC,2018-09-04,2018-10-10,2018-10-16,2018-11-09,41.397033437431645,0.6359441701833197,EPSG:32630
EMSR203_3_15SVA_x491165_y4081825_S1RTC,NaN,2016-04-14,2016-05-08,2016-05-08,36.870860322027035,-93.0848234247249,EPSG:32615
EMSR229_5_15RUP_x370985_y3302975_S1RTC,NaN,NaN,NaN,2016-10-04,29.83918994054333,-94.32226213337272,EPSG:32615
EMSR388_2_30SXH_x694565_y4224355_S1RTC,2018-07-29,2018-08-10,2018-09-10,2018-10-09,38.13434578704314,-0.7654611354086294,EPSG:32630
EMSR777_1_16QCE_x324215_y1916655_S1RTC,2023-09-29,2023-11-04,2023-11-16,2023-11-28,17.31710663046312,-88.64206596328421,EPSG:32616
EMSR348_13_36KXE_x658525_y7909405_S1RTC,2018-01-23,2018-02-23,2018-03-19,2018-04-12,-18.91284539365277,34.517361960858736,EPSG:32736
EMSR777_1_16QCE_x339575_y1947375_S1RTC,2023-09-29,2023-11-04,2023-11-16,2023-11-28,17.595825679407792,-88.49984254656383,EPSG:32616
EMSR793_2_37LFC_x626195_y8280005_S1RTC,2024-01-25,2024-02-18,2024-03-13,2024-03-25,-15.565868248466995,40.188795692178026,EPSG:32737
EMSR279_5_30TXL_x659635_y4586495_S1RTC,2017-02-17,2017-03-12,2017-04-11,2017-04-17,41.40242817671815,-1.0750072276237308,EPSG:32631
EMSR184_4_55HCC_x354895_y6261205_S1RTC,2015-07-28,2015-09-02,2015-10-01,2015-10-20,-33.79102199497708,145.44638649522452,EPSG:32755
EMSR429_6_29UMU_x506325_y5822885_S1RTC,2018-12-21,2019-01-26,2019-02-19,2019-02-19,52.54452010309258,-8.887929519511193,EPSG:32629
EMSR397_1_31TCG_x307835_y4611705_S1RTC,2018-09-04,2018-09-28,2018-10-22,2018-11-21,41.622767370218114,0.7086126186549185,EPSG:32630
EMSR261_3_32UPC_x629025_y5779255_S1RTC,2016-10-09,2016-10-30,2016-12-13,2017-01-03,52.136951870464635,10.903919780176691,EPSG:32632
EMSR265_15_31UEQ_x593385_y5405495_S1RTC,2016-12-01,2017-01-06,2017-01-21,2017-02-14,48.7837720188262,4.288630843827389,EPSG:32631
EMSR184_4_55HCD_x378905_y6342415_S1RTC,2015-08-14,2015-09-02,2015-10-01,2015-11-25,-33.06170656234665,145.71649764187785,EPSG:32755
EMSR427_10_33VVC_x458055_y6280485_S1RTC,2018-12-24,2019-01-17,2019-03-01,2019-03-18,56.655270566828506,14.336627262603475,EPSG:32633
EMSR264_16_38KND_x538985_y7846525_S1RTC,2016-11-23,2016-12-17,2017-01-10,2017-02-03,-19.48691578309776,45.38364565456664,EPSG:32738
EMSR274_6_39KTV_x302945_y7911645_S1RTC,2017-02-05,2017-02-17,2017-03-25,2017-04-06,-18.88950671330519,49.1413385679119,EPSG:32739
EMSR279_2_30TWN_x573305_y4772935_S1RTC,2017-02-09,2017-03-24,2017-04-10,2017-04-29,43.09399178345247,-2.0836063369121103,EPSG:32630
EMSR586_1_56HKH_x285265_y6233555_S1RTC,2021-05-02,2021-06-07,2021-07-01,2021-07-25,-34.02843783603171,150.68798738362915,EPSG:32756
EMSR264_12_38KQV_x790595_y7478595_S1RTC,2016-11-13,2016-12-31,2017-01-05,2017-01-29,-22.786395824185036,47.842748548668546,EPSG:32739
EMSR203_2_15SVB_x421705_y4131545_S1RTC,NaN,2016-04-14,2016-05-08,2016-06-13,37.31588827182839,-93.86922617470259,EPSG:32615
EMSR311_3_17SQT_x752005_y3762495_S1RTC,2017-07-26,2017-08-19,2017-09-12,2017-10-06,33.961020549569405,-78.25897368454598,EPSG:32617
EMSR279_1_30TWN_x557335_y4741775_S1RTC,2017-02-21,2017-03-29,2017-04-10,2017-04-22,42.81481621631844,-2.283083266208635,EPSG:32630
EMSR184_4_55HCD_x343065_y6337295_S1RTC,2015-08-14,2015-09-02,2015-10-01,2015-11-25,-33.103329895437234,145.3318357241941,EPSG:32755
EMSR311_3_17SPT_x678345_y3728295_S1RTC,2017-07-31,2017-08-19,2017-09-12,2017-10-06,33.66791520820474,-79.06261297201972,EPSG:32617
EMSR397_1_31TCG_x328315_y4624505_S1RTC,2018-09-04,2018-09-28,2018-10-22,2018-11-21,41.74262190846099,0.950634255858614,EPSG:32630
EMSR352_1_38RQU_x788895_y3394275_S1RTC,2018-02-10,2018-02-22,2018-04-07,2018-04-07,30.634455013768275,48.02733843304301,EPSG:32638
EMSR264_17_38KMD_x444645_y7826015_S1RTC,2016-12-10,2016-12-10,2017-01-10,2017-02-03,-19.671932581238188,44.48407448534858,EPSG:32738
EMSR199_13_17MQM_x708805_y9116335_S1RTC,2016-02-07,2016-03-10,2016-03-26,2016-04-19,-8.00140761365621,-79.09396761528139,EPSG:32717
EMSR184_4_55HCD_x401945_y6324495_S1RTC,2015-08-21,2015-09-02,NaN,2015-11-25,-33.225616983874055,145.96135849678961,EPSG:32755
EMSR280_2_33VVH_x446425_y6718325_S1RTC,2017-03-11,2017-04-04,2017-04-16,2017-05-22,60.58595406094298,14.045395408948286,EPSG:32633
EMSR332_8_32TQS_x311025_y5104535_S1RTC,2017-09-22,2017-10-04,2017-10-28,2017-11-02,46.05714956686102,12.573422142437332,EPSG:32633
EMSR280_3_33VWH_x559525_y6705475_S1RTC,2017-03-11,2017-04-04,2017-05-10,2017-05-29,60.469403810946886,16.105778605456486,EPSG:32633
EMSR265_6_31UDQ_x442995_y5426595_S1RTC,2016-12-06,2017-01-06,2017-01-23,2017-02-19,48.97827339025296,2.238391077376538,EPSG:32631
EMSR779_1_33PVM_x498355_y1181175_S1RTC,2023-09-18,2023-10-24,2023-11-17,2023-12-23,10.673693897423382,14.996616747999827,EPSG:32633
EMSR472_3_48QZD_x800635_y1816185_S1RTC,2019-08-20,2019-09-10,2019-10-16,2019-10-28,16.396606989756805,107.82648518969951,EPSG:32649
EMSR483_2_33SXD_x670395_y4330365_S1RTC,2019-10-07,2019-10-25,2019-11-18,2019-12-06,39.09405717527904,16.98507008988804,EPSG:32633
EMSR261_1_32UNC_x564905_y5798755_S1RTC,2016-10-09,2016-10-21,2016-12-10,2016-12-22,52.32364673200448,9.971042737169471,EPSG:32632
EMSR260_8_32TPQ_x653825_y4951655_S1RTC,2016-10-18,2016-11-11,2016-12-12,2016-12-17,44.69001974255663,10.957362157071351,EPSG:32632
EMSR265_14_31UEQ_x550715_y5412835_S1RTC,2016-12-04,2017-01-06,2017-01-21,2017-02-14,48.854827490929225,3.7087488804050532,EPSG:32631
EMSR264_12_38KQV_x785475_y7486275_S1RTC,2016-11-13,2016-12-31,2017-01-05,2017-01-29,-22.717980222872676,47.79151755979015,EPSG:32739
EMSR657_1_35UMB_x461385_y6191905_S1RTC,2022-01-24,2022-03-10,2022-04-01,2022-04-18,55.859739112551765,26.403448477195198,EPSG:32635
EMSR265_7_31UDP_x473785_y5372325_S1RTC,2016-11-19,2017-01-14,2017-01-26,2017-02-19,48.49207781668372,2.662440673993528,EPSG:32631
EMSR192_8_32TMR_x421775_y4993515_S1RTC,2015-09-23,2015-10-25,2015-11-22,2015-11-23,45.07943872031144,8.022314703700793,EPSG:32632
EMSR517_3_31UGR_x350955_y5589175_S1RTC,2020-06-09,2020-06-09,2020-07-08,2020-07-15,50.42451362532768,6.919644148155115,EPSG:32632
EMSR422_1_31TEG_x510905_y4650805_S1RTC,2018-11-28,2019-01-03,2019-01-27,2019-02-20,41.99768813253122,3.1470648098800713,EPSG:32631
EMSR176_2_15RYQ_x736955_y3395595_S1RTC,NaN,NaN,2015-08-25,NaN,30.657843174738264,-90.51376958232211,EPSG:32615
EMSR346_3_36KXD_x702435_y7814025_S1RTC,2018-01-30,2018-02-23,2018-03-07,2018-03-31,-19.770458181989294,34.944323993395145,EPSG:32736
EMSR756_1_33UWS_x589195_y5630725_S1RTC,2023-07-23,2023-09-02,2023-09-14,2023-10-11,50.80970945495381,16.284081156801122,EPSG:32633
EMSR261_3_32UPD_x631035_y5824185_S1RTC,2016-09-29,2016-10-30,2016-12-13,2017-01-01,52.54018244123311,10.950963772059538,EPSG:32632
EMSR712_5_32UND_x586295_y5824925_S1RTC,2022-11-09,2022-12-06,2022-12-30,2023-01-11,52.555866931837286,10.29167867824455,EPSG:32632
EMSR233_10_19QDB_x421595_y2142995_S1RTC,2016-08-07,2016-08-31,2016-08-31,2016-09-24,19.36808494037625,-69.73444157961393,EPSG:32619
EMSR397_1_31TCG_x307835_y4601465_S1RTC,2018-09-04,2018-09-28,2018-10-22,2018-11-21,41.53060607294731,0.7118694348286773,EPSG:32630
EMSR645_2_38KMC_x421725_y7753245_S1RTC,2021-11-14,2022-01-01,2022-01-25,2022-02-06,-20.32871692148631,44.26237138350812,EPSG:32738
EMSR347_6_36LXH_x670975_y8294115_S1RTC,2018-01-23,2018-02-28,2018-03-12,2018-03-24,-15.435703133431124,34.60532986379721,EPSG:32736
EMSR186_4_17RNL_x532925_y3027795_S1RTC,NaN,2015-09-21,2015-10-15,NaN,27.361471476883356,-80.65418334172523,EPSG:32617
EMSR279_1_30TWN_x536855_y4744335_S1RTC,2017-02-21,2017-03-29,2017-04-10,2017-04-22,42.83916354755867,-2.5334107224321287,EPSG:32630
EMSR184_3_55HDC_x458375_y6297195_S1RTC,2015-07-28,2015-09-02,2015-10-20,2015-10-20,-33.47543430912726,146.5657178832411,EPSG:32755
EMSR264_1_39LTF_x288065_y8542745_S1RTC,2016-11-18,2016-12-12,2017-01-05,2017-01-29,-13.18608810489323,49.05626103271374,EPSG:32739
EMSR350_2_50KPC_x634415_y7752205_S1RTC,2018-02-08,2018-02-15,2018-03-23,2018-04-04,-20.334836899137244,118.29984831035415,EPSG:32750
EMSR416_1_30TXP_x666775_y4829635_S1RTC,2018-10-09,2018-11-27,2018-12-08,2019-01-13,43.58926095705379,-0.918267651343018,EPSG:32630
EMSR779_1_33PWM_x551445_y1106935_S1RTC,2023-09-18,2023-10-24,2023-11-17,2023-12-23,10.001890954226623,15.481039047324892,EPSG:32633
EMSR793_1_37LFD_x646675_y8356045_S1RTC,2024-01-13,2024-02-18,2024-03-13,2024-03-25,-14.877472984175059,40.37528795454674,EPSG:32737
EMSR429_6_29UNV_x513015_y5893705_S1RTC,2018-12-31,2019-01-26,2019-02-19,2019-02-19,53.18102750774907,-8.78617161092509,EPSG:32629
EMSR728_1_32UNU_x510765_y5391545_S1RTC,2023-04-05,2023-05-08,2023-06-01,2023-07-03,48.66536516535971,9.163517522357022,EPSG:32632
EMSR636_9_51PUS_x361255_y1625315_S1RTC,2021-07-26,2021-09-12,2021-09-24,2021-10-06,14.686496844256446,121.72323216852736,EPSG:32651
EMSR280_3_33VWH_x531365_y6718275_S1RTC,2017-03-11,2017-04-04,2017-05-10,2017-05-29,60.58758549585812,15.59578221426387,EPSG:32633
EMSR280_2_33VVG_x441255_y6691555_S1RTC,2017-03-11,2017-04-04,2017-04-16,2017-05-22,60.34492923634825,13.958772765833789,EPSG:32633
EMSR348_5_36KXD_x668775_y7837505_S1RTC,NaN,NaN,NaN,NaN,-19.561557277019617,34.62102553744468,EPSG:32736
EMSR777_5_16QCE_x339655_y1938395_S1RTC,2023-09-29,2023-11-04,2023-11-16,2023-11-28,17.514688657315354,-88.49842125418388,EPSG:32616
EMSR233_10_19QDB_x406235_y2127635_S1RTC,2016-08-07,2016-08-31,2016-08-31,2016-09-24,19.2286382314267,-69.87994732349964,EPSG:32619
EMSR637_17_55JGH_x789505_y6735035_S1RTC,2021-08-18,2021-09-11,2021-10-17,2021-10-29,-29.49194894694504,149.9990261257919,EPSG:32755
EMSR184_4_55HCD_x317465_y6293775_S1RTC,2015-08-21,2015-09-02,NaN,2015-11-25,-33.49167798814129,145.04889786882552,EPSG:32755
EMSR311_3_17SPT_x665545_y3782055_S1RTC,2017-07-31,2017-08-19,2017-09-12,2017-10-06,34.15462482900273,-79.19039533682522,EPSG:32617
EMSR326_3_30SUF_x301155_y4067245_S1RTC,2017-08-31,2017-09-30,2017-10-18,2017-10-24,36.71889234450881,-5.212208965742199,EPSG:32630
EMSR184_4_55HDC_x410835_y6283805_S1RTC,2015-07-28,2015-09-02,NaN,2015-10-20,-33.593341747695646,146.05277896812413,EPSG:32755
EMSR352_1_39RTQ_x861685_y3448675_S1RTC,2018-02-17,2018-02-22,2018-04-06,2018-04-06,31.104367081973532,48.80481754084356,EPSG:32639
EMSR479_1_15QVA_x477345_y2015775_S1RTC,2019-09-12,2019-10-06,2019-11-08,2019-11-23,18.21966051012416,-93.20221136291009,EPSG:32615
EMSR352_1_38RQU_x799135_y3394275_S1RTC,2018-02-10,2018-02-22,2018-04-07,2018-04-07,30.631924649787386,48.13403985131834,EPSG:32638
EMSR200_8_55KFT_x660335_y7746645_S1RTC,NaN,NaN,NaN,NaN,-20.383037836019945,148.5485882772005,EPSG:32755
EMSR422_1_31TDG_x450845_y4645775_S1RTC,2018-11-21,2019-01-03,2019-01-27,2019-02-20,41.951025238601815,2.422305983843089,EPSG:32631
EMSR200_12_56JNN_x521365_y6791655_S1RTC,2016-01-26,2016-02-26,2016-04-02,2016-04-26,-29.0145508026917,153.2324759180751,EPSG:32756
EMSR788_1_30UWU_x603525_y5308615_S1RTC,2023-11-25,2024-01-12,2024-01-24,2024-02-21,47.91081750784781,-1.5974910358474559,EPSG:32630
EMSR283_1_32VPP_x344195_y6810425_S1RTC,2017-03-28,2017-04-09,2017-05-08,2017-05-15,61.3854724518476,12.107095316108152,EPSG:32632
EMSR166_4_33UUP_x342955_y5357065_S1RTC,2015-04-22,2015-05-04,2015-06-09,2015-06-09,48.33607807832894,12.898062296583674,EPSG:32633
EMSR777_5_16QCE_x331975_y1935835_S1RTC,2023-09-29,2023-11-04,2023-11-16,2023-11-28,17.490997821735398,-88.57054777471988,EPSG:32616
EMSR507_5_51LXK_x634735_y8970365_S1RTC,2020-02-06,2020-03-13,2020-04-03,2020-04-18,-9.32398901998631,124.23845181585746,EPSG:32751
EMSR507_5_51LXK_x624495_y8972925_S1RTC,2020-02-06,2020-03-13,2020-04-03,2020-04-18,-9.301150772422387,124.14514848637486,EPSG:32751
EMSR472_1_48QXF_x642105_y2001585_S1RTC,2019-08-25,2019-09-22,2019-10-12,2019-11-17,18.086752948834334,106.35495835213065,EPSG:32648
EMSR332_8_32TQS_x300785_y5117335_S1RTC,2017-09-22,2017-10-04,2017-10-28,2017-11-02,46.169350348573325,12.43583505711632,EPSG:32633
EMSR424_1_38LQJ_x729275_y8306455_S1RTC,2018-12-07,NaN,2019-02-05,2019-02-05,-15.319622895997394,47.147290127261975,EPSG:32738
EMSR479_1_15QVA_x451745_y2020895_S1RTC,2019-09-12,2019-10-06,2019-11-08,2019-11-23,18.265527609599708,-93.44444904315749,EPSG:32615
EMSR779_3_33PVN_x450645_y1238105_S1RTC,2023-09-30,2023-10-24,2023-11-17,2023-12-11,11.188247222653715,14.559605891949575,EPSG:32633
EMSR199_10_17MNP_x535825_y9399605_S1RTC,2016-01-31,2016-02-24,2016-04-03,2016-04-03,-5.443240023425694,-80.66509337727226,EPSG:32717
EMSR472_4_48PZC_x200895_y1731995_S1RTC,2019-08-20,2019-09-17,2019-10-11,2019-10-19,15.636908778010168,108.22222206110033,EPSG:32648
EMSR779_3_33PVN_x486485_y1286745_S1RTC,2023-09-30,2023-10-24,2023-11-17,2023-12-11,11.628438052709493,14.887712572026103,EPSG:32633
EMSR229_5_15RVP_x439555_y3298975_S1RTC,NaN,NaN,NaN,NaN,29.80829168587134,-93.61231377848847,EPSG:32615
EMSR664_7_32TQQ_x283495_y4919695_S1RTC,2022-03-16,2022-04-09,2022-05-15,2022-05-16,44.387098731360936,12.297859952760156,EPSG:32633
EMSR779_3_33PWP_x500215_y1298865_S1RTC,2023-09-30,2023-11-05,2023-11-17,2023-12-23,11.7380678814397,15.01367435873266,EPSG:32633
EMSR498_1_31TCK_x393665_y4976175_S1RTC,2019-12-10,2020-01-04,2020-01-27,2020-02-20,44.9197721864755,1.6688668843181271,EPSG:32631
EMSR264_7_39KUA_x309915_y8031535_S1RTC,2016-11-13,2016-12-07,2016-12-31,2017-02-05,-17.80708323177855,49.21862424225822,EPSG:32739
EMSR472_1_48QXE_x621625_y1970735_S1RTC,2019-08-29,2019-09-10,2019-10-12,2019-10-16,17.809228899092535,106.15963316185898,EPSG:32648
EMSR280_2_33VVH_x443865_y6728565_S1RTC,2017-03-11,2017-04-04,2017-04-16,2017-05-22,60.6775370895161,13.99582272715441,EPSG:32633
EMSR243_2_19QGV_x775475_y1986995_S1RTC,2016-07-28,2016-08-21,NaN,2016-10-27,17.942059721272607,-66.38735378050058,EPSG:32619
EMSR326_2_30SUG_x361135_y4095755_S1RTC,2017-08-31,2017-09-24,2017-10-18,2017-10-19,36.98639411844511,-4.546043152110529,EPSG:32629
EMSR261_3_32UNC_x601695_y5773925_S1RTC,2016-10-14,2016-10-23,2016-12-13,2017-01-18,52.09481739368742,10.503135114630215,EPSG:32633
EMSR771_8_32TNQ_x598935_y4987405_S1RTC,2023-08-15,2023-09-24,2023-10-18,2023-11-11,45.02153909231147,10.271930247359117,EPSG:32632
EMSR567_13_56HLJ_x308205_y6306825_S1RTC,2020-12-21,2021-02-07,2021-02-28,2021-03-27,-33.37243657395237,150.95204234813446,EPSG:32756
EMSR279_3_30TWM_x606805_y4691935_S1RTC,2017-02-09,2017-03-24,2017-04-10,2017-04-17,42.36070221803707,-1.6875363125587528,EPSG:32630
EMSR762_2_32TPQ_x706165_y4940555_S1RTC,2023-07-26,2023-08-27,2023-09-12,2023-10-18,44.57697209305959,11.612807325119112,EPSG:32632
EMSR203_3_15SVA_x501405_y4079265_S1RTC,NaN,2016-04-14,2016-05-08,2016-05-08,36.847809302167065,-92.9699393469586,EPSG:32615
EMSR773_6_31TBE_x786255_y4476145_S1RTC,2023-09-20,2023-10-02,2023-11-01,2023-12-07,40.37483610644197,0.3867233778772063,EPSG:32631
EMSR712_6_32UNC_x563755_y5701755_S1RTC,2022-11-09,2022-11-21,2022-12-27,2023-01-20,51.45176319707336,9.93588135096283,EPSG:32633
EMSR429_1_29UMU_x498545_y5864055_S1RTC,2018-12-21,2019-01-26,2019-02-19,2019-02-22,52.91468491740549,-9.002676875111412,EPSG:32629
EMSR550_1_56JKP_x231855_y6846555_S1RTC,2020-09-16,2020-10-12,2020-11-05,2020-12-11,-28.49185749944171,150.2738527934173,EPSG:32756
EMSR629_1_42RVR_x418915_y3053175_S1RTC,2021-07-06,2021-07-22,2021-08-23,2021-08-27,27.588675043121455,68.19134889292992,EPSG:32642
EMSR718_2_29UNV_x551565_y5926045_S1RTC,2023-02-20,2023-03-18,2023-04-09,2023-05-03,53.46927027177522,-8.2039752365719,EPSG:32629
EMSR483_3_33SXD_x677785_y4339725_S1RTC,2019-10-07,2019-10-25,2019-11-18,2019-12-06,39.17686040055365,17.07294276862548,EPSG:32633
EMSR347_6_36LXH_x645375_y8283875_S1RTC,2018-01-23,2018-02-28,2018-03-12,2018-03-24,-15.529852461286422,34.36740486048782,EPSG:32736
EMSR261_1_32UND_x531445_y5818655_S1RTC,2016-10-11,2016-10-23,2016-12-10,2016-12-10,52.505562958621816,9.482067627208119,EPSG:32632
EMSR774_1_15QTA_x215685_y2034855_S1RTC,2023-09-20,2023-10-14,2023-11-07,2023-11-19,18.373360516650234,-95.67856163224522,EPSG:32615
EMSR184_4_55HCD_x350745_y6293775_S1RTC,2015-08-14,2015-09-02,2015-10-01,2015-11-25,-33.49680051283461,145.40699308006552,EPSG:32755
EMSR265_23_31UDP_x450095_y5326065_S1RTC,2016-11-19,2017-01-02,2017-01-23,2017-02-19,48.07452894034646,2.3471416614278025,EPSG:32631
EMSR637_17_55JGH_x774145_y6740155_S1RTC,2021-08-18,2021-09-11,2021-10-17,2021-10-29,-29.449272930169645,149.839486139164,EPSG:32755
EMSR424_4_38KPG_x693395_y8130855_S1RTC,2018-12-07,NaN,2019-02-05,2019-03-01,-16.909257377820303,46.82772535009916,EPSG:32738
EMSR407_2_30UXD_x667595_y5886815_S1RTC,2018-09-13,2018-10-24,2018-11-07,2018-11-29,53.09256270892504,-0.4780745593558263,EPSG:32631
EMSR233_10_19QDB_x408795_y2153235_S1RTC,2016-08-07,2016-08-31,2016-08-31,2016-09-24,19.460083745483743,-69.85680004203878,EPSG:32619
EMSR471_3_34UCU_x356845_y5371435_S1RTC,2019-09-09,2019-09-13,2019-10-15,2019-10-15,48.468557688377395,19.08052046634355,EPSG:32634
EMSR184_3_55HDC_x486535_y6294635_S1RTC,2015-07-28,2015-09-02,2015-10-20,2015-10-20,-33.49921596027613,146.86876420589914,EPSG:32755
EMSR405_3_49PCQ_x323105_y1433405_S1RTC,2018-09-30,2018-10-16,2018-11-05,2018-11-09,12.949705615086408,109.38102781592397,EPSG:32649
EMSR165_8_31UDP_x470505_y5373395_S1RTC,2015-04-23,2015-05-01,2015-05-29,2015-07-04,48.50156500855498,2.617974995295682,EPSG:32631
EMSR481_1_16PDC_x415995_y1744085_S1RTC,2019-09-18,2019-10-24,2019-11-05,2019-12-01,15.762443855501457,-87.77231248331795,EPSG:32616
EMSR629_1_42RVR_x439395_y3055735_S1RTC,2021-07-06,2021-07-22,2021-08-23,2021-08-27,27.612838426246803,68.39871940696042,EPSG:32642
EMSR486_2_32TNK_x543835_y4491565_S1RTC,2019-10-03,2019-11-02,2019-11-26,2019-12-03,40.56215165243504,9.532863672089631,EPSG:32632
EMSR427_7_33VVC_x440695_y6264545_S1RTC,2018-12-24,2019-01-17,2019-03-01,2019-03-18,56.51025327384827,14.057074713424784,EPSG:32633
EMSR350_4_53KMU_x411405_y7825845_S1RTC,2018-02-10,2018-02-22,2018-03-18,2018-04-11,-19.672278393261063,134.16697576232795,EPSG:32753
EMSR265_7_31UDP_x468665_y5377445_S1RTC,2016-11-19,2017-01-14,2017-01-26,2017-02-19,48.537914027539266,2.592774906883848,EPSG:32631
EMSR311_8_17SPV_x691235_y3908755_S1RTC,2017-07-26,2017-08-19,2017-09-12,2017-10-18,35.291992146440556,-78.88295255235774,EPSG:32617
EMSR251_3_32VML_x485925_y6515905_S1RTC,2016-09-10,2016-10-04,2016-10-16,2016-10-21,58.77149994711328,8.778670877218522,EPSG:32632
EMSR788_5_30TWT_x583915_y5276995_S1RTC,2023-12-11,2024-01-12,2024-01-24,2024-02-21,47.629276275157395,-1.866067325278779,EPSG:32630
EMSR311_8_17SQV_x710945_y3903825_S1RTC,2017-07-26,2017-08-19,2017-09-12,2017-10-18,35.24358821691756,-78.66762686811639,EPSG:32617
EMSR229_4_14RPS_x605885_y3186325_S1RTC,2016-07-10,NaN,NaN,NaN,28.78851723839112,-97.90205764971478,EPSG:32614
EMSR332_1_32TPR_x665385_y5047185_S1RTC,2017-09-14,2017-09-26,2017-10-25,2017-11-13,45.54677433635709,11.134976038156312,EPSG:32633
EMSR251_3_32VML_x493605_y6515905_S1RTC,2016-09-10,2016-10-04,2016-10-16,2016-10-21,58.77165943177937,8.91146803060588,EPSG:32632
EMSR429_5_29UNA_x596025_y5998385_S1RTC,2018-12-31,2019-01-29,2019-02-19,2019-03-10,54.11292582229014,-7.511543124186379,EPSG:32629
EMSR200_12_56JNN_x531605_y6789095_S1RTC,2016-02-02,2016-02-26,2016-04-02,2016-04-26,-29.037433764218154,153.33769793751912,EPSG:32756
EMSR184_4_55HCD_x358425_y6321935_S1RTC,2015-08-14,2015-09-02,2015-10-01,2015-11-25,-33.243925326475285,145.49402521500429,EPSG:32755
EMSR429_6_29UMV_x506545_y5896095_S1RTC,2018-12-21,2019-01-26,2019-02-19,2019-02-19,53.202645926785365,-8.882926624736534,EPSG:32629
EMSR777_1_16QCD_x347105_y1845045_S1RTC,2023-10-03,2023-10-27,2023-11-16,2023-11-20,16.671634645780124,-88.42184542966913,EPSG:32616
EMSR779_1_33PVM_x467635_y1168375_S1RTC,2023-09-18,2023-10-24,2023-11-17,2023-12-23,10.557799995915225,14.715823547225595,EPSG:32633
EMSR712_5_32UND_x565815_y5837725_S1RTC,2022-11-09,2022-12-06,2022-12-30,2023-01-11,52.67383195912188,9.99224824996294,EPSG:32632
EMSR421_3_31TDH_x400215_y4767915_S1RTC,2018-11-21,2019-01-08,2019-01-20,2019-02-13,43.04606473452243,1.7905145555399722,EPSG:32631
EMSR470_1_31PBM_x231615_y1157875_S1RTC,2019-08-21,2019-09-14,2019-10-20,2019-10-20,10.453625193768238,0.5599978116186515,EPSG:32631
EMSR197_1_39LUC_x356945_y8291155_S1RTC,2016-01-06,2016-02-28,2016-03-18,2016-03-18,-15.464329486753089,49.678413875405504,EPSG:32739
EMSR763_1_33UVU_x463895_y5834685_S1RTC,2023-08-12,2023-08-29,2023-09-22,2023-10-11,52.649537333746096,14.485161478385102,EPSG:32633
EMSR471_5_33UXP_x643155_y5340405_S1RTC,2019-09-06,2019-09-26,2019-10-08,2019-10-20,48.18897226381569,16.943324140007693,EPSG:32634
EMSR706_1_31UDS_x461845_y5611515_S1RTC,2022-09-01,2022-10-12,2022-11-17,2022-11-29,50.64285468035901,2.47840888446622,EPSG:32631
EMSR487_1_32TPQ_x658695_y4950335_S1RTC,2019-10-15,2019-11-15,2019-12-09,2020-01-07,44.67707430252369,11.018371529110553,EPSG:32632
EMSR203_3_15SWB_x526495_y4105465_S1RTC,NaN,2016-04-14,2016-05-08,2016-05-08,37.083580956106054,-92.68755170187117,EPSG:32615
EMSR333_2_33SUB_x318905_y4171045_S1RTC,2017-09-21,2017-10-03,2017-11-02,2017-11-02,37.657500960447805,12.961429012331402,EPSG:32633
EMSR444_3_34UFU_x681275_y5350855_S1RTC,2019-04-20,2019-05-18,2019-06-23,2019-07-05,48.27309225541916,23.460296123980964,EPSG:32634
EMSR260_9_32TPQ_x642135_y4941795_S1RTC,2016-10-18,2016-11-11,2016-12-06,2016-12-13,44.60373231868199,10.807152994473569,EPSG:32632
EMSR322_17_16RFV_x660965_y3406605_S1RTC,NaN,2017-09-20,2017-10-14,2017-10-26,30.769902975420717,-85.30472383807721,EPSG:32616
EMSR184_1_55HEC_x589205_y6273635_S1RTC,NaN,2015-09-09,2015-10-03,2015-10-15,-33.684839384436266,147.97616530084818,EPSG:32755
EMSR779_1_33PVM_x462515_y1181175_S1RTC,2023-09-18,2023-10-24,2023-11-17,2023-12-23,10.67351865753255,14.668900417620714,EPSG:32633
EMSR472_4_48PZC_x208575_y1757595_S1RTC,2019-08-20,2019-09-17,2019-10-11,2019-10-19,15.868984023139475,108.29072792413409,EPSG:32648
EMSR274_6_39KTV_x285025_y7919325_S1RTC,2017-02-05,2017-02-17,2017-03-18,2017-04-06,-18.818361613032454,48.972122295341904,EPSG:32739
EMSR517_15_31UGS_x372985_y5601175_S1RTC,2020-06-09,2020-06-12,2020-07-11,2020-07-18,50.53751251047987,7.225582885733667,EPSG:32632
EMSR771_6_32TPQ_x619965_y4961915_S1RTC,2023-08-15,2023-09-24,2023-10-14,2023-11-07,44.78887444917886,10.532660281783127,EPSG:32632
EMSR322_17_16RFU_x689295_y3371255_S1RTC,NaN,2017-09-20,2017-10-09,2017-10-09,30.44689894063602,-85.01535111677498,EPSG:32616
EMSR280_3_33VWH_x526245_y6692675_S1RTC,2017-03-11,2017-04-04,2017-05-10,2017-05-29,60.35812539604802,15.498791219256868,EPSG:32633
EMSR203_3_15SVB_x440105_y4136315_S1RTC,NaN,2016-04-14,2016-05-08,2016-05-08,37.3602248922931,-93.66196078434267,EPSG:32615
EMSR763_1_33UVU_x453655_y5893565_S1RTC,2023-08-12,2023-08-29,2023-09-22,2023-10-11,53.17805229816124,14.325637867777052,EPSG:32633
EMSR712_5_32UPD_x644705_y5807975_S1RTC,2022-11-07,2022-12-06,2022-12-30,2023-01-11,52.39106074131685,11.14529180004592,EPSG:32632
EMSR280_4_33VWH_x560995_y6759715_S1RTC,2017-03-11,2017-04-04,2017-04-16,2017-05-10,60.95606554693589,16.1497712323302,EPSG:32633
EMSR322_17_16RFV_x696805_y3419405_S1RTC,NaN,2017-09-20,2017-10-09,2017-10-26,30.87989329088618,-84.9279345778907,EPSG:32616
EMSR472_1_48QXE_x667705_y1932335_S1RTC,2019-08-29,2019-09-10,2019-10-12,2019-10-16,17.459206007202127,106.59127040182592,EPSG:32648
EMSR280_5_33VVH_x441955_y6767715_S1RTC,2017-03-11,2017-04-04,2017-04-21,2017-05-22,61.02870482113451,13.949392741121354,EPSG:32633
EMSR629_1_42RVR_x418915_y3050615_S1RTC,2021-07-06,2021-07-22,2021-08-23,2021-08-27,27.565566057252294,68.19151833144558,EPSG:32642
EMSR712_5_32UND_x527415_y5842845_S1RTC,2022-11-09,2022-12-06,2022-12-30,2023-01-11,52.72325249459748,9.424794535671737,EPSG:32632
EMSR352_1_39RTQ_x846325_y3492195_S1RTC,2018-02-17,2018-02-22,2018-04-06,2018-04-06,31.50089034299402,48.65921910658428,EPSG:32639
EMSR405_1_49PBS_x261785_y1671965_S1RTC,2018-09-06,2018-10-04,2018-11-09,2018-11-29,15.101044856298923,108.79549464514724,EPSG:32649
EMSR427_9_33VVD_x501395_y6384745_S1RTC,2018-12-24,2019-01-17,2019-03-01,2019-03-30,57.59362941612126,15.044665754658359,EPSG:32633
EMSR167_3_31UFS_x663775_y5678195_S1RTC,2015-04-26,2015-05-03,2015-06-05,2015-07-02,51.21977862103402,5.363484736552455,EPSG:32631
EMSR283_3_32VPN_x640735_y6758785_S1RTC,2017-03-16,2017-04-26,2017-05-08,2017-05-08,60.92713487301123,11.620124570402188,EPSG:32633
EMSR475_9_49PBS_x260175_y1678945_S1RTC,2019-09-13,2019-09-25,2019-10-23,2019-11-16,15.163957894759001,108.77986622202127,EPSG:32649
EMSR167_1_31UFS_x611225_y5680115_S1RTC,2015-04-26,2015-05-03,2015-06-01,2015-07-02,51.249813127540634,4.611975588566744,EPSG:32631
EMSR419_6_40RGR_x764365_y3033785_S1RTC,2018-11-07,2018-12-06,2019-01-06,2019-01-23,27.390103082459312,59.68617425164709,EPSG:32640
EMSR203_3_15SWA_x536815_y4084375_S1RTC,NaN,2016-04-14,2016-05-08,2016-05-08,36.89310884589266,-92.57250613962405,EPSG:32615
EMSR758_3_35TNL_x556575_y5049825_S1RTC,2023-07-22,2023-08-15,2023-09-08,2023-10-14,45.58808484650713,27.741620600703254,EPSG:32635
EMSR419_6_40RFR_x701555_y3055795_S1RTC,2018-11-15,2018-12-14,2019-01-07,2019-01-23,27.59946442926025,59.05510182684265,EPSG:32640
EMSR229_3_14RNR_x588945_y3068745_S1RTC,NaN,NaN,NaN,NaN,27.728564732606877,-98.08471312347972,EPSG:32614
EMSR352_7_39RTQ_x297535_y3486545_S1RTC,2018-02-17,2018-02-22,2018-04-06,2018-05-12,31.48475792305151,48.88197932062713,EPSG:32639
EMSR778_12_16PFB_x626835_y1629955_S1RTC,2023-09-11,2023-11-03,2023-11-15,2023-11-27,14.728901923143027,-85.80992308058364,EPSG:32616
EMSR279_5_30TXM_x669495_y4610885_S1RTC,2017-02-17,2017-03-12,2017-04-11,2017-04-17,41.61994579246823,-0.9502035510997617,EPSG:32631
EMSR756_1_33UWS_x578955_y5651205_S1RTC,2023-07-28,2023-09-02,2023-09-14,2023-10-11,50.995351311906745,16.143274099597633,EPSG:32633
EMSR328_2_13QDF_x436065_y2503705_S1RTC,2017-09-01,2017-10-07,2017-10-19,2017-10-29,22.627650222544535,-105.60975944151,EPSG:32613
EMSR788_1_30UWU_x600965_y5323975_S1RTC,2023-11-25,2024-01-12,2024-01-24,2024-02-21,48.04938847922409,-1.6280843024451004,EPSG:32630
EMSR176_2_15RYQ_x747195_y3410955_S1RTC,NaN,NaN,2015-08-25,NaN,30.794215456565862,-90.4032815057663,EPSG:32615
EMSR332_8_32TQS_x303345_y5117335_S1RTC,2017-09-22,2017-10-04,2017-10-28,2017-11-02,46.17008914545386,12.468964902663451,EPSG:32633
EMSR265_23_31TDN_x478165_y5289165_S1RTC,2016-12-09,2017-01-14,2017-01-26,2017-02-19,47.744054462223254,2.725733905118431,EPSG:32631
EMSR279_1_30TWN_x524055_y4767375_S1RTC,2017-02-21,2017-03-29,2017-04-10,2017-04-22,43.04717096930148,-2.6889963903669702,EPSG:32630
EMSR407_2_30UXD_x672715_y5871455_S1RTC,2018-09-13,2018-10-24,2018-11-07,2018-11-29,52.95298335940492,-0.40997640190831314,EPSG:32631
EMSR280_5_33VVH_x480355_y6767715_S1RTC,2017-03-11,2017-04-04,2017-04-21,2017-05-22,61.03236496100432,14.660007657230697,EPSG:32633
EMSR203_2_15SVB_x414025_y4121305_S1RTC,NaN,2016-04-14,2016-05-08,2016-06-13,37.22292920864954,-93.95472392588731,EPSG:32615
EMSR712_9_32UNC_x600975_y5745155_S1RTC,2022-11-04,2022-11-19,2022-12-18,2023-02-01,51.836366865356204,10.484061639737742,EPSG:32633
EMSR229_5_15RUP_x386345_y3318335_S1RTC,NaN,NaN,NaN,2016-10-04,29.979277134752657,-94.16490881104757,EPSG:32615
EMSR471_1_34UDV_x439705_y5438765_S1RTC,2019-09-04,2019-09-08,2019-10-10,2019-11-03,49.087432978458764,20.191662651409196,EPSG:32634
EMSR261_3_32UPC_x631585_y5761335_S1RTC,2016-10-09,2016-11-02,2016-12-13,2017-01-03,51.97531803232042,10.93433344755131,EPSG:32632
EMSR756_1_33UWS_x604555_y5640965_S1RTC,2023-07-23,2023-09-02,2023-09-14,2023-10-11,50.89916063178817,16.504978460498624,EPSG:32633
EMSR264_4_38LQJ_x801545_y8293515_S1RTC,2016-11-18,2016-12-12,2017-01-05,2017-01-29,-15.428991148838769,47.8214542975823,EPSG:32739
EMSR407_2_30UXD_x703435_y5874015_S1RTC,2018-09-18,2018-10-24,2018-11-07,2018-11-29,52.96512698947605,0.04828700381031112,EPSG:32631
EMSR314_2_32NKP_x254015_y861095_S1RTC,2017-07-23,2017-08-28,2017-09-21,2017-10-15,7.772784083205022,6.781134328942774,EPSG:32632
EMSR311_8_17SPV_x696355_y3893395_S1RTC,2017-07-26,2017-08-19,2017-09-12,2017-10-18,35.15259067970056,-78.83037154876908,EPSG:32617
EMSR712_4_32UMC_x504635_y5788225_S1RTC,2022-10-31,2022-11-21,2022-12-27,2023-01-20,52.23293545508064,9.086538063698281,EPSG:32632
EMSR265_23_31UDP_x462895_y5297905_S1RTC,2016-11-19,2017-01-02,2017-01-26,2017-02-19,47.82202259045046,2.521319693901928,EPSG:32631
EMSR324_1_31TDH_x449355_y4793645_S1RTC,2017-08-29,2017-09-15,2017-10-09,2017-10-16,43.282531883922886,2.3915004348226128,EPSG:32631
EMSR203_3_15SVA_x437405_y4074145_S1RTC,NaN,2016-04-14,2016-05-08,2016-05-08,36.79967155345829,-93.68737031723505,EPSG:32615
EMSR265_16_31UEP_x530705_y5374385_S1RTC,2016-12-04,2017-01-09,2017-01-21,2017-02-14,48.51029100596923,3.433000009977918,EPSG:32631
EMSR203_3_15SVB_x442665_y4133755_S1RTC,NaN,2016-04-14,2016-05-08,2016-05-08,37.33730897021926,-93.63286016508917,EPSG:32615
EMSR200_12_56JMP_x503665_y6823845_S1RTC,2016-02-02,2016-02-26,2016-03-26,2016-04-14,-28.72419085010103,153.0505850189151,EPSG:32756
EMSR712_6_32UND_x525615_y5813775_S1RTC,2022-11-09,2022-11-21,2022-12-18,2023-01-11,52.46201045742381,9.39578209147867,EPSG:32632
EMSR197_1_39LUC_x351825_y8293715_S1RTC,2016-01-06,2016-02-28,2016-03-18,2016-03-18,-15.440901716620031,49.630849921321754,EPSG:32739
EMSR481_1_16PDC_x408315_y1721045_S1RTC,2019-09-18,2019-10-24,2019-11-05,2019-12-01,15.553902886088752,-87.84314826704977,EPSG:32616
EMSR166_4_33UUP_x376235_y5349385_S1RTC,2015-04-22,2015-05-04,2015-05-31,2015-06-09,48.27434087282745,13.349146768110854,EPSG:32633
EMSR264_1_39LTF_x295745_y8537625_S1RTC,2016-11-18,2016-12-12,2017-01-05,2017-01-29,-13.23288872766257,49.126743467194736,EPSG:32739
EMSR337_1_34SEG_x556305_y4164795_S1RTC,2017-11-07,2017-12-18,2018-01-11,2018-02-10,37.61698312203052,21.652446208976734,EPSG:32634
EMSR636_9_51PUS_x353575_y1630435_S1RTC,2021-07-26,2021-09-12,2021-09-24,2021-10-06,14.732372996405404,121.6516328893509,EPSG:32651
EMSR326_2_30SUG_x330415_y4095755_S1RTC,2017-08-25,2017-09-24,2017-10-18,2017-10-19,36.98139791462987,-4.891075912426986,EPSG:32629
EMSR424_1_38LQJ_x721595_y8319255_S1RTC,2018-12-07,NaN,2019-02-05,2019-02-05,-15.204650130603714,47.07465825849202,EPSG:32738
EMSR419_6_40RFR_x647795_y3068595_S1RTC,2018-11-20,2018-12-14,2019-01-07,2019-01-23,27.721975364809868,58.51216887877099,EPSG:32640
EMSR586_3_56HKJ_x296585_y6306375_S1RTC,2021-05-02,2021-06-04,2021-07-01,2021-07-25,-33.374369537144936,150.8271104724069,EPSG:32756
EMSR444_3_34UFU_x673595_y5343175_S1RTC,2019-04-20,2019-05-18,2019-06-23,2019-07-13,48.20622239878296,23.35371185110976,EPSG:32634
EMSR429_7_29UNU_x547945_y5894685_S1RTC,2019-01-12,2019-01-29,2019-02-19,2019-02-22,53.18775166650477,-8.26337619067171,EPSG:32629
EMSR347_6_36LYH_x711415_y8296605_S1RTC,2018-01-23,2018-02-16,2018-03-12,2018-03-24,-15.410159235934982,34.98186132258432,EPSG:32736
EMSR265_15_31UEQ_x603625_y5438775_S1RTC,2016-12-01,2017-01-06,2017-01-21,2017-02-14,49.081413464593766,4.436550221567668,EPSG:32631
EMSR314_2_32NKP_x264255_y863655_S1RTC,2017-07-23,2017-08-28,2017-09-21,2017-10-15,7.796399793838739,6.873822456530013,EPSG:32632
EMSR788_6_30TWT_x567485_y5298395_S1RTC,2023-12-11,2024-01-09,2024-01-24,2024-02-26,47.823753637482476,-2.0813493754184664,EPSG:32630
EMSR330_3_33SVB_x491785_y4126345_S1RTC,2017-08-29,2017-09-22,2017-10-21,2017-11-15,37.27218226830782,14.92172160202427,EPSG:32633
EMSR200_12_56JNP_x557305_y6800805_S1RTC,2016-02-02,2016-02-26,2016-04-02,2016-04-26,-28.930822328727494,153.60103213018135,EPSG:32756
EMSR277_2_35TMF_x463805_y4573475_S1RTC,2017-01-25,2017-03-02,2017-03-26,2017-04-19,41.300498389602026,26.582887908271463,EPSG:32635
EMSR355_2_38LLN_x315095_y8742665_S1RTC,NaN,2018-04-03,2018-04-27,NaN,-11.380732494924677,43.31710921364672,EPSG:32738
EMSR249_3_29UMV_x500195_y5907485_S1RTC,2016-09-02,2016-09-14,2016-10-13,2016-11-01,53.305086613560874,-8.977939968631865,EPSG:32629
EMSR267_1_34UEG_x532085_y6120355_S1RTC,2016-12-09,2016-12-31,2017-01-26,2017-01-31,55.21713684766029,21.524344404169064,EPSG:32634
EMSR712_4_32UNC_x544545_y5701295_S1RTC,2022-11-05,2022-11-21,2022-12-27,2023-01-20,51.44950792923826,9.659384241684476,EPSG:32632
EMSR385_5_17RQK_x731505_y2937975_S1RTC,2018-07-14,2018-08-19,2018-08-31,2018-09-27,26.531798310107014,-78.66377756273819,EPSG:32617
EMSR640_2_30VWJ_x550425_y6332675_S1RTC,2021-10-08,2021-10-30,2021-11-13,2021-11-18,57.122987451529845,-2.1461097376148617,EPSG:32630
EMSR274_8_39KTU_x250495_y7805715_S1RTC,2017-01-24,2017-02-17,2017-03-13,2017-04-06,-19.84036954799036,48.62988729307327,EPSG:32739
EMSR481_1_16PCB_x398465_y1697085_S1RTC,2019-09-20,2019-10-20,2019-11-05,2019-12-07,15.33694208552693,-87.93402925955485,EPSG:32616
EMSR326_2_30SUG_x376495_y4098315_S1RTC,2017-08-31,2017-09-24,2017-10-18,2017-10-19,37.01158659030169,-4.3739121074169,EPSG:32629
EMSR229_5_15RUP_x401705_y3323455_S1RTC,NaN,NaN,NaN,2016-10-04,30.02678796693557,-94.00617827493407,EPSG:32615
EMSR771_5_32TPQ_x673695_y4932555_S1RTC,2023-08-27,2023-09-24,2023-10-14,2023-11-19,44.51362679050412,11.201445596035555,EPSG:32632
EMSR793_1_37LFD_x649235_y8327885_S1RTC,2024-01-13,2024-02-18,2024-03-13,2024-03-25,-15.131853574862049,40.40073651125218,EPSG:32737
EMSR261_1_32UNC_x529065_y5791075_S1RTC,2016-10-11,2016-10-23,2016-12-10,2016-12-22,52.257753605916264,9.4445070169786,EPSG:32632
EMSR407_2_30UXD_x677835_y5879135_S1RTC,2018-09-13,2018-10-24,2018-11-07,2018-11-29,53.020263028790005,-0.32959609902084835,EPSG:32631
EMSR354_11_37LFG_x624965_y8649825_S1RTC,2018-03-14,2018-04-07,2018-05-01,2018-05-01,-12.22269756997054,40.160552998778115,EPSG:32737
EMSR472_4_48PZC_x213695_y1755035_S1RTC,2019-08-20,2019-09-17,2019-10-11,2019-10-19,15.846458376186545,108.3388017450263,EPSG:32648
EMSR422_1_31TDG_x486685_y4630415_S1RTC,2018-11-17,2019-01-03,2019-01-27,2019-02-20,41.81404189958541,2.8550416066574504,EPSG:32631
EMSR424_3_38KPG_x658135_y8184395_S1RTC,2018-12-07,NaN,2019-02-05,2019-03-01,-16.42811950681597,46.49300839920388,EPSG:32738
EMSR470_1_31PBM_x252095_y1186035_S1RTC,2019-08-21,2019-09-14,2019-10-20,2019-10-20,10.709489075855034,0.7451153603383529,EPSG:32631
EMSR264_17_38KMD_x488165_y7838815_S1RTC,NaN,2016-12-17,2017-01-10,2017-02-03,-19.55697065653087,44.89932771070579,EPSG:32738
EMSR203_3_15SVB_x450345_y4123515_S1RTC,NaN,2016-04-14,2016-05-08,2016-05-08,37.245441952675094,-93.54549787788459,EPSG:32615
EMSR475_3_48QXE_x671535_y1936895_S1RTC,2019-08-25,2019-09-22,2019-10-24,2019-11-05,17.50011596512197,106.62769308513602,EPSG:32648
EMSR756_1_33UWS_x601995_y5646085_S1RTC,2023-07-23,2023-09-02,2023-09-14,2023-10-11,50.94565123271617,16.470036374373063,EPSG:32633
EMSR777_1_16QCE_x352375_y1939695_S1RTC,2023-09-29,2023-11-04,2023-11-16,2023-11-28,17.527304734793947,-88.37871546934893,EPSG:32616
EMSR264_5_38KPG_x685995_y8169185_S1RTC,2016-11-23,2016-12-17,2017-01-10,2017-02-03,-16.563535134639352,46.75509766556886,EPSG:32738
EMSR427_7_33VVC_x443255_y6254305_S1RTC,2018-12-24,2019-01-17,2019-03-01,2019-03-18,56.41857445293825,14.100842443930478,EPSG:32633
EMSR264_3_38LQJ_x806065_y8343765_S1RTC,2016-11-18,2016-12-12,2017-01-05,2017-01-29,-14.974707740691967,47.857408687514194,EPSG:32739
EMSR424_4_38KPG_x693395_y8135975_S1RTC,2018-12-07,NaN,2019-02-05,2019-03-01,-16.862998046237784,46.82728004706213,EPSG:32738
EMSR517_10_31UGS_x300875_y5664535_S1RTC,2020-05-24,2020-06-09,2020-07-11,2020-07-23,51.086672502586985,6.174896008084522,EPSG:32632
EMSR251_3_32VML_x496165_y6523585_S1RTC,2016-09-10,2016-10-04,2016-10-16,2016-10-21,58.840655636171796,8.95564605361852,EPSG:32632
EMSR779_3_33PVP_x496835_y1327065_S1RTC,2023-09-30,2023-11-05,2023-11-17,2023-12-11,11.993093606228115,14.982638547928536,EPSG:32633
EMSR472_3_48PYC_x804275_y1796635_S1RTC,2019-08-24,2019-09-17,2019-10-11,2019-11-12,16.2196325109012,107.85796896096586,EPSG:32649
EMSR352_1_39RTQ_x854005_y3425635_S1RTC,2018-02-17,2018-02-22,2018-04-06,2018-04-06,30.89926236860183,48.71638904812894,EPSG:32639
EMSR280_1_33VVH_x433495_y6733405_S1RTC,2017-03-11,2017-04-04,2017-04-16,2017-05-22,60.71942563213765,13.804439167622398,EPSG:32632
EMSR258_6_34TCK_x360785_y4480615_S1RTC,2016-10-23,2016-11-16,2016-11-28,2016-12-16,40.45328386764898,19.373242216848464,EPSG:32634
EMSR277_2_35TMF_x438205_y4581155_S1RTC,2017-01-24,2017-03-01,2017-03-25,2017-04-18,41.36815806241946,26.276354492418793,EPSG:32635
EMSR557_3_32VNR_x562405_y7018285_S1RTC,2020-11-12,2020-12-18,2021-01-06,2021-02-02,63.27635025655808,10.269266761284069,EPSG:32632
EMSR445_2_34TFR_x686535_y5031245_S1RTC,2019-05-02,2019-06-07,2019-06-24,2019-07-25,45.3980387503709,23.399594160335713,EPSG:32634
EMSR482_5_16PFC_x637025_y1756285_S1RTC,2019-09-25,2019-11-02,2019-11-14,2019-12-08,15.870253593308759,-85.70829882952823,EPSG:32616
EMSR680_3_33TWM_x516515_y5127265_S1RTC,2022-06-22,2022-07-05,2022-07-29,2022-09-03,46.287253074967666,15.230947096790011,EPSG:32633
EMSR629_2_42RVR_x469635_y3078035_S1RTC,2021-07-06,2021-08-03,2021-08-23,2021-09-20,27.81514231428325,68.70464021434123,EPSG:32642
EMSR279_1_30TWN_x547095_y4723855_S1RTC,2017-02-21,2017-03-29,2017-04-10,2017-04-22,42.6541617685365,-2.409863679389888,EPSG:32630
EMSR264_17_38KMD_x449765_y7800415_S1RTC,NaN,2016-12-17,2017-01-10,2017-02-03,-19.90340319003197,44.53224324737743,EPSG:32738
EMSR203_2_15SVA_x416365_y4063205_S1RTC,NaN,2016-04-14,2016-05-08,2016-06-13,36.69946556059005,-93.92201460307038,EPSG:32615
EMSR279_3_30TWM_x565845_y4691935_S1RTC,2017-02-09,2017-03-24,2017-04-10,2017-04-17,42.36531707468986,-2.1848681098588543,EPSG:32630
EMSR421_2_31TCH_x394945_y4763305_S1RTC,2018-11-21,2018-12-27,2019-01-20,2019-02-13,43.00385969371449,1.7266840254376075,EPSG:32631
EMSR348_2_36KZE_x223625_y7940945_S1RTC,2018-01-30,2018-02-23,2018-03-19,2018-04-12,-18.615922724777374,36.392866957470176,EPSG:32737
EMSR326_3_30STF_x265925_y4039705_S1RTC,2017-09-17,2017-09-18,2017-10-18,2017-11-05,36.46289278417974,-5.598009227872002,EPSG:32630
EMSR424_1_38LPJ_x704625_y8319505_S1RTC,2018-12-07,NaN,2019-02-05,2019-02-05,-15.203792507682998,46.91673298531448,EPSG:32738
EMSR280_4_33VWH_x532835_y6764835_S1RTC,2017-03-11,2017-04-04,2017-04-16,2017-05-10,61.00546232723972,15.630779267781623,EPSG:32633
EMSR184_4_55HCD_x325145_y6316815_S1RTC,2015-08-14,2015-09-02,2015-10-01,2015-11-25,-33.28524597841925,145.13596692651333,EPSG:32755
EMSR472_1_48QXF_x629305_y1996465_S1RTC,2019-08-25,2019-09-22,2019-10-12,2019-11-17,18.041297654933818,106.2336953669248,EPSG:32648
EMSR771_8_32TNQ_x591255_y4989965_S1RTC,2023-08-15,2023-09-24,2023-10-18,2023-11-11,45.04562301015695,10.174943489356988,EPSG:32632
EMSR229_5_15RUN_x388885_y3298815_S1RTC,NaN,NaN,NaN,NaN,29.803378913147874,-94.13658378803142,EPSG:32615
EMSR352_1_39RTQ_x825845_y3458915_S1RTC,2018-02-17,2018-02-22,2018-04-06,2018-04-06,31.20713817536555,48.43304492328161,EPSG:32639
EMSR264_16_38KMD_x496435_y7828645_S1RTC,2016-11-23,2016-12-17,2017-01-10,2017-02-03,-19.648904596149084,44.97815619071744,EPSG:32738
EMSR280_3_33VWH_x546725_y6715715_S1RTC,2017-03-11,2017-04-04,2017-05-10,2017-05-29,60.563060235504054,15.875496177229683,EPSG:32633
EMSR348_1_37KBA_x282615_y8024905_S1RTC,2018-01-30,2018-02-18,2018-03-14,2018-04-07,-17.86445716472517,36.96048553376792,EPSG:32737
EMSR427_2_33VVD_x418975_y6370805_S1RTC,2018-12-24,2019-01-17,2019-02-17,2019-03-18,57.461411601056966,13.670651830913144,EPSG:32632
EMSR664_2_32TQQ_x736445_y4936535_S1RTC,2022-03-16,2022-04-09,2022-05-15,2022-06-20,44.531474439883816,11.991859300231052,EPSG:32632
EMSR267_1_34UEG_x539765_y6128035_S1RTC,2016-12-09,2016-12-31,2017-01-26,2017-01-31,55.285566897483854,21.646167570288963,EPSG:32634
EMSR261_1_32UND_x546805_y5844255_S1RTC,2016-10-09,2016-10-23,2016-12-10,2016-12-10,52.73455137990858,9.712077088695322,EPSG:32632
EMSR758_3_35TNL_x561695_y5052385_S1RTC,2023-07-22,2023-08-15,2023-09-08,2023-10-14,45.610680116005504,27.80758172886816,EPSG:32635
EMSR779_1_33PWM_x536085_y1117175_S1RTC,2023-09-18,2023-10-24,2023-11-17,2023-12-23,10.094678542942656,15.340987153164834,EPSG:32633
EMSR427_4_33VUE_x686895_y6458525_S1RTC,2018-12-29,2019-01-17,2019-02-22,2019-03-18,58.21616234863941,12.203495950820896,EPSG:32632
EMSR229_5_15RVP_x439555_y3306655_S1RTC,NaN,NaN,NaN,NaN,29.877598374012695,-93.61273672212047,EPSG:32615
EMSR555_1_30TYL_x705785_y4586635_S1RTC,2020-10-22,2020-11-15,2020-12-09,2021-01-14,41.3931314923793,-0.5232991711714583,EPSG:32631
EMSR427_4_33VUD_x691275_y6388295_S1RTC,2018-12-29,2019-01-17,2019-02-17,2019-02-22,57.58446681825584,12.2210317943674,EPSG:32632
EMSR779_3_33PVN_x463445_y1222745_S1RTC,2023-09-30,2023-10-24,2023-11-17,2023-12-11,11.049484266396648,14.677000336598434,EPSG:32633
EMSR756_17_33UXS_x634005_y5598395_S1RTC,2023-08-07,2023-09-02,2023-09-17,2023-10-11,50.51039647279048,16.907958772820134,EPSG:32634
EMSR261_1_32UND_x544245_y5818655_S1RTC,2016-10-11,2016-10-23,2016-12-10,2016-12-10,52.504644553271724,9.670639472659765,EPSG:32632
EMSR184_3_55HDC_x501895_y6286955_S1RTC,2015-07-28,2015-09-02,2015-10-20,2015-10-20,-33.56855129384978,147.03415503063277,EPSG:32755
EMSR472_4_48PZC_x244415_y1703835_S1RTC,2019-08-20,2019-09-17,2019-10-11,2019-10-19,15.387303858473679,108.63075475543336,EPSG:32648
EMSR483_3_33SXD_x670105_y4342285_S1RTC,2019-10-07,2019-10-25,2019-11-18,2019-12-06,39.201462360594874,16.98473245221992,EPSG:32633
EMSR774_1_15QTA_x208005_y2014375_S1RTC,2023-09-20,2023-10-14,2023-11-04,2023-11-19,18.18743251404714,-95.74826508155775,EPSG:32615
EMSR174_8_34TEM_x545355_y4652015_S1RTC,2015-06-26,2015-07-15,2015-08-07,2015-08-31,42.00729922470093,21.563107819608046,EPSG:32634
EMSR482_5_16PFC_x642145_y1758845_S1RTC,2019-09-25,2019-11-02,2019-11-14,2019-12-08,15.893100325026747,-85.66033506511921,EPSG:32616
EMSR419_6_40RFR_x686195_y3060915_S1RTC,2018-11-15,2018-12-14,2019-01-07,2019-01-23,27.647877910147614,58.90034228631122,EPSG:32640
EMSR444_3_34UFU_x681275_y5327815_S1RTC,2019-04-20,2019-05-18,2019-06-23,2019-07-05,48.06599376835781,23.45040414744787,EPSG:32634
EMSR261_3_32UPD_x610555_y5808825_S1RTC,2016-09-29,2016-10-30,2016-12-13,2017-01-01,52.40674050628932,10.643972867201898,EPSG:32632
EMSR261_1_32UND_x554485_y5841695_S1RTC,2016-10-09,2016-10-23,2016-12-10,2016-12-10,52.71080236204601,9.825373296656979,EPSG:32632
EMSR200_3_55KFS_x698685_y7660645_S1RTC,NaN,NaN,NaN,NaN,-21.156037430545233,148.92574808769996,EPSG:32756
EMSR706_1_31UDS_x456725_y5626875_S1RTC,2022-09-01,2022-10-12,2022-11-17,2022-11-29,50.780632304826725,2.4042528401278993,EPSG:32631
EMSR264_4_38LQJ_x798985_y8308875_S1RTC,2016-11-18,2016-12-12,2017-01-05,2017-01-29,-15.290590492135042,47.79577292307131,EPSG:32739
EMSR314_1_31PHK_x813395_y962605_S1RTC,2017-07-28,2017-09-02,2017-09-14,2017-10-08,8.686054185570127,5.859310423248134,EPSG:32631
EMSR267_1_34UEG_x524405_y6125475_S1RTC,2016-12-09,2016-12-31,2017-01-26,2017-01-31,55.26360336886728,21.404102167688045,EPSG:32634
EMSR472_4_48PZC_x203455_y1706395_S1RTC,2019-08-20,2019-09-17,2019-10-11,2019-10-19,15.406033657457238,108.24914606785573,EPSG:32648
EMSR279_3_30TXM_x603625_y4666575_S1RTC,2017-02-09,2017-03-18,2017-04-11,2017-04-17,42.13279484689945,-1.7307294968353808,EPSG:32630
EMSR203_4_15SVA_x400775_y4001575_S1RTC,2016-03-02,2016-04-14,2016-05-01,2016-05-08,36.142473948701,-94.08873384249493,EPSG:32615
EMSR411_1_31TGJ_x305665_y4815865_S1RTC,2018-09-20,2018-10-25,2018-11-18,2018-12-24,43.45932120055472,6.6135934449166704,EPSG:32632
EMSR347_6_36LXH_x663295_y8283875_S1RTC,2018-01-23,2018-02-28,2018-03-12,2018-03-24,-15.528754157849159,34.534455159298524,EPSG:32736
EMSR683_6_32VMN_x477925_y6743805_S1RTC,2022-06-16,2022-07-10,2022-08-03,2022-09-01,60.81758486293813,8.61761544682133,EPSG:32632
EMSR265_20_31UFP_x623145_y5360025_S1RTC,2016-12-04,2017-01-09,2017-01-21,2017-02-18,48.36964815675851,4.679993161792169,EPSG:32631
EMSR347_6_36LXH_x696575_y8273635_S1RTC,2018-01-23,2018-02-28,2018-03-12,2018-03-24,-15.618908517883924,34.84547851157928,EPSG:32736
EMSR357_8_45QUB_x372225_y2190515_S1RTC,2018-03-27,2018-04-08,2018-05-02,2018-05-14,19.794929472374296,85.79231712898805,EPSG:32645
EMSR229_5_15RUP_x376105_y3318335_S1RTC,NaN,NaN,NaN,2016-10-04,29.97829560518193,-94.27103370738979,EPSG:32615
EMSR243_1_19QGV_x746065_y1989275_S1RTC,2016-07-28,2016-08-21,2016-09-14,2016-10-13,17.966185790496283,-66.66454788251006,EPSG:32619
EMSR280_4_33VWH_x558435_y6739235_S1RTC,2017-03-11,2017-04-04,2017-04-16,2017-05-10,60.7726230555216,16.09619430161684,EPSG:32633
EMSR184_3_55HED_x505185_y6339475_S1RTC,2015-08-21,2015-09-02,2015-10-08,2015-10-20,-33.09481179948761,147.069227289604,EPSG:32755
EMSR342_7_54KWE_x508385_y7979295_S1RTC,2017-12-21,2018-01-02,2018-02-19,2018-03-03,-18.287352523205115,141.0913994893882,EPSG:32754
EMSR203_4_15SVV_x413375_y3978905_S1RTC,2016-03-02,2016-04-14,2016-05-01,2016-05-08,35.939303144128225,-93.94625239191954,EPSG:32615
EMSR504_6_56HKH_x281125_y6249685_S1RTC,2020-01-17,2020-03-08,2020-03-20,2020-04-13,-33.88223375292233,150.64718581701604,EPSG:32756
EMSR200_2_55KFT_x687455_y7755865_S1RTC,NaN,NaN,NaN,NaN,-20.29726449808111,148.80740022923976,EPSG:32755
EMSR427_4_33VUE_x717615_y6404765_S1RTC,2018-12-29,2019-01-17,2019-02-22,2019-03-18,57.720119209513605,12.675602179601114,EPSG:32632
EMSR184_1_55HEC_x591765_y6273635_S1RTC,NaN,2015-09-09,2015-10-03,2015-10-15,-33.68461812911382,148.00378082518526,EPSG:32755
EMSR427_4_33VUE_x709935_y6461085_S1RTC,2018-12-29,2019-01-17,2019-02-22,2019-03-18,58.2286808875461,12.597224848638524,EPSG:32632
EMSR184_3_55HED_x505185_y6331795_S1RTC,2015-08-21,2015-09-02,2015-10-08,2015-10-20,-33.16408681406649,147.06928167943167,EPSG:32755
EMSR486_2_32TNK_x536155_y4483885_S1RTC,2019-10-03,2019-11-02,2019-11-26,2019-12-03,40.49334757017804,9.441691738991919,EPSG:32632
EMSR424_4_38KPG_x695955_y8135975_S1RTC,2018-12-07,NaN,2019-02-05,2019-03-01,-16.8627825854297,46.851300565371815,EPSG:32738
EMSR479_1_15QVA_x467105_y2015775_S1RTC,2019-09-12,2019-10-06,2019-11-08,2019-11-23,18.2195339245181,-93.29906014540383,EPSG:32615
EMSR167_1_31UFS_x616345_y5657075_S1RTC,2015-04-26,2015-05-03,2015-06-01,2015-07-02,51.04168740700175,4.677778325980366,EPSG:32631
EMSR311_3_17SQT_x721285_y3770175_S1RTC,2017-07-26,2017-08-19,2017-09-12,2017-10-06,34.03717847484363,-78.58919820077313,EPSG:32617
EMSR788_1_30UWU_x593285_y5311175_S1RTC,2023-11-25,2024-01-12,2024-01-24,2024-02-21,47.935436752978944,-1.7339317371848482,EPSG:32630
EMSR279_5_30TXM_x661815_y4626245_S1RTC,2017-02-17,2017-03-12,2017-04-11,2017-04-17,41.759821090260964,-1.0381373512093923,EPSG:32631
EMSR165_5_31UDQ_x402925_y5438935_S1RTC,2015-04-24,2015-04-28,2015-06-03,2015-06-10,49.08433587611916,1.687995702071579,EPSG:32631
EMSR779_1_33PVM_x500915_y1193975_S1RTC,2023-09-18,2023-10-24,2023-11-17,2023-12-23,10.789458564067159,15.020032813954769,EPSG:32633
EMSR779_3_33PVN_x476245_y1248345_S1RTC,2023-09-30,2023-10-24,2023-11-17,2023-12-11,11.281109173882056,14.794024591107751,EPSG:32633
EMSR258_13_34TDK_x434885_y4462795_S1RTC,2016-09-29,2016-11-16,2016-11-28,2016-12-23,40.30174914442743,20.24879257360552,EPSG:32634
EMSR342_7_54KVF_x490985_y8000995_S1RTC,2017-12-21,2018-01-02,2018-02-19,2018-03-03,-18.091225870716976,140.92684868398985,EPSG:32754
EMSR166_4_33UUP_x353195_y5346825_S1RTC,2015-05-04,2015-05-04,2015-06-09,2015-06-09,48.246447106830175,13.039680802590121,EPSG:32633
EMSR186_4_17RNL_x525245_y3027795_S1RTC,NaN,2015-09-21,2015-10-15,NaN,27.361642218859615,-80.73183962689316,EPSG:32617
EMSR777_5_16QCE_x319175_y1925595_S1RTC,2023-09-29,2023-11-04,2023-11-16,2023-11-28,17.397487805109737,-88.69021571785159,EPSG:32616
EMSR777_5_16QCE_x321735_y1917915_S1RTC,2023-09-29,2023-11-04,2023-11-16,2023-11-28,17.328298691914622,-88.66549719683468,EPSG:32616
EMSR166_4_33UUP_x358315_y5359625_S1RTC,2015-04-22,2015-05-04,2015-06-09,2015-06-09,48.36269685735343,13.104349736119158,EPSG:32633
EMSR756_16_33UXR_x665785_y5593895_S1RTC,2023-08-07,2023-08-12,2023-09-17,2023-09-29,50.46175616173375,17.35380147464588,EPSG:32634
EMSR352_1_39RTQ_x825845_y3433315_S1RTC,2018-02-18,2018-02-22,2018-04-07,2018-04-07,30.976561920209686,48.42475443271581,EPSG:32639
EMSR706_1_31UDS_x451605_y5603835_S1RTC,2022-09-01,2022-10-12,2022-11-17,2022-11-29,50.57305410685074,2.3345694828619963,EPSG:32631
EMSR184_4_55HCD_x345625_y6306575_S1RTC,2015-08-14,2015-09-02,2015-10-01,2015-11-25,-33.38067490744541,145.35407674260065,EPSG:32755
EMSR405_3_49PBQ_x296755_y1441165_S1RTC,2018-09-18,2018-10-16,2018-11-05,2018-11-09,13.018218302685902,109.13767952075222,EPSG:32649
EMSR470_1_31PBN_x270085_y1200935_S1RTC,2019-08-09,2019-09-20,2019-10-20,2019-10-20,10.845302755243546,0.9085851616614364,EPSG:32631
EMSR251_3_32VML_x485925_y6561985_S1RTC,2016-09-10,2016-10-04,2016-10-16,2016-10-21,59.185326370688024,8.776001386215007,EPSG:32632
EMSR427_4_33VUE_x720175_y6427805_S1RTC,2018-12-29,2019-01-17,2019-02-22,2019-03-18,57.92537959078748,12.739838858105928,EPSG:32632
EMSR444_3_34UFU_x673595_y5348295_S1RTC,2019-04-20,2019-05-18,2019-06-23,2019-07-05,48.252247202392965,23.355824486378275,EPSG:32634
EMSR352_1_39RTQ_x838645_y3469155_S1RTC,2018-02-17,2018-02-22,2018-04-06,2018-04-06,31.295699437676916,48.57063408813651,EPSG:32639
EMSR265_20_31UFP_x612905_y5347225_S1RTC,2016-12-04,2017-01-09,2017-01-21,2017-02-18,48.25646789035035,4.538315886633482,EPSG:32631
EMSR779_1_33PVM_x462515_y1183735_S1RTC,2023-09-18,2023-10-24,2023-11-17,2023-12-23,10.696671396750077,14.6688753349174,EPSG:32633
EMSR279_3_30TWM_x576085_y4694495_S1RTC,2017-02-09,2017-03-24,2017-04-10,2017-04-17,42.387418019463155,-2.0601809537336995,EPSG:32630
EMSR437_8_30TXP_x688015_y4838575_S1RTC,2019-04-07,2019-04-07,2019-05-13,2019-05-13,43.66459801901104,-0.6522305577479214,EPSG:32630
EMSR514_1_21NUH_x329015_y780955_S1RTC,2020-04-12,2020-05-18,2020-06-11,2020-06-11,7.051125446393068,-58.53650608647726,EPSG:32621
EMSR481_1_16PCB_x398465_y1679165_S1RTC,2019-09-20,2019-10-20,2019-11-05,2019-12-07,15.174948569335333,-87.93331369964959,EPSG:32616
EMSR706_1_31UDS_x428565_y5608955_S1RTC,2022-09-01,2022-10-12,2022-11-17,2022-11-29,50.61677894008152,2.008274090116916,EPSG:32631
EMSR421_4_31TDH_x478185_y4737365_S1RTC,2018-11-28,2019-01-04,2019-01-16,2019-02-13,42.777071357562484,2.748907192150717,EPSG:32631
EMSR779_1_33PWM_x515605_y1153015_S1RTC,2023-09-18,2023-10-24,2023-11-17,2023-12-23,10.418970107601504,15.154222392133493,EPSG:32633
EMSR342_7_54KVE_x467955_y7963945_S1RTC,2017-12-09,2018-01-02,2018-02-19,2018-03-03,-18.425888840438784,140.70863383852083,EPSG:32754
EMSR706_1_31UDS_x446485_y5642235_S1RTC,2022-09-01,2022-10-12,2022-11-17,2022-11-29,50.917916908070005,2.2568242946364006,EPSG:32631
EMSR469_4_48QYD_x787885_y1826525_S1RTC,2019-08-05,2019-09-10,2019-10-04,2019-10-28,16.491546649398497,107.70851352173156,EPSG:32648
EMSR774_1_15QTA_x208005_y2001575_S1RTC,2023-09-20,2023-10-14,2023-11-04,2023-11-19,18.071873186059737,-95.74646035605666,EPSG:32615
EMSR312_6_51QUV_x376595_y1914165_S1RTC,2017-08-04,2017-08-16,2017-09-09,2017-10-03,17.298036451942455,121.85085986824127,EPSG:32651
EMSR264_3_38LQJ_x783025_y8364245_S1RTC,2016-11-23,2016-12-17,2017-01-10,2017-02-03,-14.7923225990806,47.64111560978593,EPSG:32739
EMSR774_1_15QTV_x247145_y1953455_S1RTC,2023-08-24,2023-10-02,2023-10-26,2023-11-07,17.64220863443829,-95.37118274474362,EPSG:32614
EMSR416_1_30TXP_x656535_y4829635_S1RTC,2018-10-09,2018-11-27,2018-12-08,2019-01-13,43.59149998624369,-1.0450413667493963,EPSG:32630
EMSR184_3_55HDC_x501895_y6294635_S1RTC,2015-07-28,2015-09-02,2015-10-20,2015-10-20,-33.499280758705304,147.03412780236968,EPSG:32755
EMSR277_3_35TMF_x430525_y4542555_S1RTC,2017-01-24,2017-03-07,2017-03-31,2017-04-24,41.01987281165636,26.18883552807397,EPSG:32635
EMSR184_4_55HCD_x389145_y6314255_S1RTC,2015-08-21,2015-09-02,NaN,2015-11-25,-33.31673955694487,145.8227741377222,EPSG:32755
EMSR444_3_34UFU_x671035_y5345735_S1RTC,2019-04-20,2019-05-18,2019-06-23,2019-07-05,48.22993547296879,23.320324581419634,EPSG:32634
EMSR322_17_16RFU_x666255_y3391735_S1RTC,NaN,2017-09-20,2017-10-14,2017-10-14,30.635049982667724,-85.25188930263954,EPSG:32616
EMSR793_2_37LEC_x604125_y8299165_S1RTC,2024-01-13,2024-02-18,2024-03-13,2024-03-25,-15.39368607222351,39.982175526677985,EPSG:32737
EMSR422_1_31TDG_x463645_y4640655_S1RTC,2018-11-21,2019-01-03,2019-01-27,2019-02-20,41.905584971350876,2.57704372036241,EPSG:32631
EMSR229_3_14RNR_x604305_y3076425_S1RTC,NaN,NaN,NaN,NaN,27.7967662836932,-97.92822676561059,EPSG:32614
EMSR472_1_48QXE_x624185_y1973295_S1RTC,2019-08-29,2019-09-10,2019-10-12,2019-10-16,17.832218557788153,106.18393726656274,EPSG:32648
EMSR417_1_29TNE_x515385_y4459285_S1RTC,2018-10-17,2018-11-28,2018-12-17,2019-01-03,40.27239924826283,-8.804045127911003,EPSG:32629
EMSR777_5_16QCE_x331975_y1963995_S1RTC,2023-09-29,2023-11-04,2023-11-16,2023-11-28,17.745439551112053,-88.57275130953035,EPSG:32616
EMSR657_1_35UMB_x471625_y6189345_S1RTC,2022-01-24,2022-03-10,2022-04-01,2022-04-18,55.83742190056,26.567294196919523,EPSG:32635
EMSR419_6_40RFR_x675955_y3071155_S1RTC,2018-11-15,2018-12-14,2019-01-07,2019-01-23,27.74165959402415,58.79809828593062,EPSG:32640
EMSR265_14_31UEQ_x522555_y5405155_S1RTC,2016-12-04,2017-01-06,2017-01-21,2017-02-14,48.78746082220741,3.324424331853802,EPSG:32631
EMSR472_4_48PZC_x211135_y1724315_S1RTC,2019-08-20,2019-09-17,2019-10-11,2019-10-19,15.568740959795882,108.31855278295879,EPSG:32648
EMSR350_4_53KMU_x413965_y7836085_S1RTC,2018-02-10,2018-02-22,2018-03-18,2018-04-11,-19.579859660673833,134.1918588687203,EPSG:32753
EMSR771_8_32TPQ_x628655_y4977555_S1RTC,2023-08-15,2023-10-02,2023-10-14,2023-11-07,44.92808316888344,10.646478545555421,EPSG:32632
EMSR424_3_38KPG_x650455_y8176715_S1RTC,2018-12-07,NaN,2019-02-05,2019-03-01,-16.498024640153556,46.42160095727492,EPSG:32738
EMSR486_2_32TNK_x531035_y4486445_S1RTC,2019-10-03,2019-11-02,2019-11-26,2019-12-03,40.516625244260034,9.381405297684799,EPSG:32632
EMSR229_5_15RUP_x370985_y3343935_S1RTC,NaN,NaN,NaN,2016-10-04,30.208737479911413,-94.32717597805483,EPSG:32615
EMSR586_1_56HKH_x275025_y6243795_S1RTC,2021-05-02,2021-06-07,2021-07-01,2021-07-25,-33.93403174693494,150.5797795441422,EPSG:32756
EMSR479_1_15QVA_x438945_y2018335_S1RTC,2019-09-12,2019-10-06,2019-11-08,2019-11-23,18.242070850733697,-93.56546327236984,EPSG:32615
EMSR550_13_55HED_x587605_y6307695_S1RTC,2020-09-18,2020-10-12,2020-11-17,2020-11-29,-33.377809760901634,147.95552035906206,EPSG:32755
EMSR200_12_56JNN_x518805_y6789095_S1RTC,2016-01-26,2016-02-26,2016-04-02,2016-04-26,-29.037699945264684,153.206234948298,EPSG:32756
EMSR264_18_38KND_x548945_y7833775_S1RTC,2016-11-23,2016-12-17,2017-01-10,2017-02-03,-19.60190945873852,45.478894003238885,EPSG:32738
EMSR279_6_30TYM_x708505_y4593495_S1RTC,2017-02-17,2017-03-18,2017-04-11,2017-05-05,41.454159368430915,-0.4884151844348512,EPSG:32631
EMSR326_2_30SUG_x343215_y4129035_S1RTC,2017-08-25,2017-09-24,2017-10-18,2017-10-19,37.283454486238305,-4.754233273942885,EPSG:32629
EMSR184_4_55HCD_x314905_y6293775_S1RTC,2015-08-21,2015-09-02,NaN,2015-11-25,-33.49124112076995,145.0213559795607,EPSG:32755
EMSR427_2_33VUE_x391245_y6413125_S1RTC,2018-12-29,2019-01-17,2019-02-17,2019-03-18,57.83564776647172,13.189826303716782,EPSG:32633
EMSR167_4_31UFS_x645875_y5644545_S1RTC,2015-04-26,2015-05-03,2015-06-01,2015-07-02,50.92228281577386,5.093661729533257,EPSG:32631
EMSR279_2_30TXN_x629135_y4745185_S1RTC,2017-02-09,2017-03-18,2017-04-10,2017-04-17,42.83664820331002,-1.4042778950870185,EPSG:32630
EMSR779_1_33PWM_x513045_y1147895_S1RTC,2023-09-18,2023-10-24,2023-11-17,2023-12-23,10.372673543947148,15.13081398816041,EPSG:32633
EMSR264_6_39KUA_x305145_y8057215_S1RTC,2016-11-13,2016-12-07,2016-12-31,2017-01-24,-17.57466699522187,49.17598078730136,EPSG:32739
EMSR437_6_30TYP_x707225_y4879805_S1RTC,2019-04-07,2019-04-07,2019-05-13,2019-05-13,44.03030204335831,-0.39811687194495793,EPSG:32630
EMSR264_17_38KMD_x490725_y7815775_S1RTC,NaN,2016-12-17,2017-01-10,2017-02-03,-19.76519562773358,44.923634596811596,EPSG:32738
EMSR445_2_34TFR_x676295_y5005645_S1RTC,2019-05-02,2019-06-07,2019-06-24,2019-07-25,45.17045420000282,23.259701758475494,EPSG:32634
EMSR793_1_37LFD_x618515_y8353485_S1RTC,2024-01-13,2024-02-18,2024-03-13,2024-03-25,-14.90203410815094,40.11368145238768,EPSG:32737
EMSR779_3_33PVN_x489045_y1235545_S1RTC,2023-09-30,2023-10-24,2023-11-17,2023-12-11,11.165405980052004,14.911341122222742,EPSG:32633
EMSR279_1_30TWN_x506135_y4759695_S1RTC,2017-02-21,2017-03-29,2017-04-10,2017-04-22,42.97839852663265,-2.9091209025360873,EPSG:32630
EMSR184_1_55HFD_x636905_y6303415_S1RTC,NaN,2015-09-09,2015-10-03,2015-10-15,-33.41119109377526,148.4860581425989,EPSG:32755
EMSR472_4_48PZC_x200895_y1744795_S1RTC,2019-08-20,2019-09-17,2019-10-11,2019-10-19,15.752492473575037,108.22065558642768,EPSG:32648
EMSR422_1_31TDG_x496925_y4645775_S1RTC,2018-11-17,2019-01-03,2019-01-27,2019-02-20,41.9524765446301,2.9782816474006535,EPSG:32631
EMSR397_1_31TCF_x301095_y4594485_S1RTC,2018-09-04,2018-10-10,2018-10-16,2018-11-09,41.466152446562255,0.6334338284268721,EPSG:32630
EMSR429_7_29UNV_x580865_y5905455_S1RTC,2018-12-31,2019-01-29,2019-02-19,2019-02-22,53.280477637876515,-7.768020694756554,EPSG:32629
EMSR429_3_29UNV_x505235_y5989355_S1RTC,2018-12-31,2019-01-26,2019-02-19,2019-02-19,54.040928737410916,-8.900588250871184,EPSG:32629
EMSR200_12_56JNP_x541945_y6826405_S1RTC,2016-02-02,2016-02-26,2016-04-02,2016-04-26,-28.700369444700765,153.4424651016204,EPSG:32756
EMSR352_1_38RQU_x804255_y3394275_S1RTC,2018-02-10,2018-02-22,2018-04-07,2018-04-07,30.630626709241383,48.18738543577925,EPSG:32638
EMSR348_3_36KXD_x689635_y7811465_S1RTC,2018-01-30,2018-02-23,2018-03-19,2018-04-24,-19.79486677371952,34.82246423881141,EPSG:32736
EMSR352_8_39RTQ_x275085_y3473895_S1RTC,2018-02-17,2018-02-22,2018-04-06,2018-05-12,31.366590788067672,48.64864771708818,EPSG:32639
EMSR203_3_15SVA_x457885_y4099745_S1RTC,NaN,2016-04-14,2016-05-08,2016-05-08,37.031542015022545,-93.45918821565502,EPSG:32615
EMSR199_10_17MNQ_x528155_y9410895_S1RTC,2016-01-31,2016-02-24,NaN,2016-04-12,-5.341140510953857,-80.73437531640629,EPSG:32717
EMSR251_3_32VNL_x512835_y6531315_S1RTC,2016-08-29,2016-09-27,2016-10-16,2016-10-21,58.909853020013024,9.244955383261345,EPSG:32632
EMSR165_1_31UDP_x487045_y5356585_S1RTC,2015-04-23,2015-05-01,2015-05-29,2015-07-04,48.350859464106186,2.8423502502951967,EPSG:32631
EMSR444_1_34UGV_x329955_y5421075_S1RTC,2019-04-19,2019-06-02,2019-06-23,2019-07-05,48.90812695816407,24.696736592789637,EPSG:32634
EMSR756_8_33UWT_x590015_y5730505_S1RTC,2023-07-14,2023-09-02,2023-09-17,2023-10-20,51.70657853195172,16.32118495727696,EPSG:32633
EMSR348_14_36KXD_x648045_y7891825_S1RTC,2018-01-23,2018-02-16,2018-03-19,2018-04-12,-19.072465384085017,34.41921940368941,EPSG:32736
EMSR350_2_50KPC_x654895_y7724045_S1RTC,2018-02-08,2018-02-15,2018-03-23,2018-04-04,-20.587640513405038,118.49845648180789,EPSG:32750
EMSR203_3_15SVB_x481065_y4118395_S1RTC,NaN,2016-04-14,2016-05-08,2016-05-08,37.20037914973614,-93.19900365752515,EPSG:32615
EMSR517_8_31UGS_x339675_y5599645_S1RTC,2020-06-09,2020-06-09,2020-07-11,2020-07-15,50.515654994778096,6.756514952967945,EPSG:32632
EMSR229_4_14RNS_x578765_y3183555_S1RTC,2016-07-10,NaN,NaN,NaN,28.76549021990619,-98.18009245629743,EPSG:32614
EMSR200_12_56JMP_x501105_y6826405_S1RTC,2016-02-02,2016-02-26,2016-03-26,2016-04-14,-28.701090650739125,153.0243655674568,EPSG:32756
EMSR265_26_31UCQ_x386005_y5438065_S1RTC,2016-12-06,2017-01-07,2017-01-26,2017-02-19,49.07364675450352,1.4565961884811836,EPSG:32631
EMSR243_1_19QGA_x728015_y1998495_S1RTC,NaN,NaN,NaN,2016-10-13,18.051438185260213,-66.83387051780167,EPSG:32619
EMSR229_3_14RNR_x540305_y3043145_S1RTC,NaN,NaN,NaN,NaN,27.499843383754715,-98.57903589071273,EPSG:32614
EMSR728_6_32UPU_x611295_y5321245_S1RTC,2023-04-21,2023-04-29,2023-06-04,2023-06-16,48.0230963965634,10.509764379340568,EPSG:32632
EMSR280_2_33VVH_x489945_y6708085_S1RTC,2017-03-11,2017-04-04,2017-04-16,2017-05-22,60.497325950170136,14.840184544374056,EPSG:32633
EMSR312_5_51QUV_x374045_y1944155_S1RTC,2017-08-04,2017-08-16,2017-09-09,2017-10-03,17.568924760514065,121.82513665608315,EPSG:32651
EMSR264_5_38KPG_x706475_y8181985_S1RTC,2016-11-23,2016-12-17,2017-01-10,2017-02-03,-16.44618576935,46.94580296217192,EPSG:32738
EMSR280_4_33VWH_x553315_y6764835_S1RTC,2017-03-11,2017-04-04,2017-04-16,2017-05-10,61.00316045548129,16.009449521398135,EPSG:32633
EMSR352_9_39RTP_x236745_y3371365_S1RTC,2018-02-10,2018-02-22,2018-04-07,2018-05-01,30.43446815283893,48.27225166426859,EPSG:32638
EMSR504_2_56JML_x481625_y6520795_S1RTC,2020-01-24,2020-02-17,2020-03-24,2020-04-17,-31.45894140245468,152.8200111159062,EPSG:32756
EMSR265_14_31UEQ_x519995_y5425635_S1RTC,2016-12-04,2017-01-06,2017-01-21,2017-02-14,48.97178537487115,3.2906381435695073,EPSG:32631
EMSR311_3_17SQT_x711045_y3782975_S1RTC,2017-07-26,2017-08-19,2017-09-12,2017-10-06,34.15464993109933,-78.69691507091935,EPSG:32617
EMSR664_6_32TPQ_x696665_y4924955_S1RTC,2022-03-04,2022-04-09,2022-05-15,2022-06-13,44.43933669759837,11.487287670687326,EPSG:32633
EMSR326_3_30STF_x286405_y4078105_S1RTC,2017-09-13,2017-09-18,2017-10-18,2017-11-05,36.81352525250863,-5.380264417301724,EPSG:32630
EMSR712_6_32UND_x528175_y5826575_S1RTC,2022-11-09,2022-11-21,2022-12-18,2023-01-11,52.57694917501577,9.434594477755217,EPSG:32632
EMSR416_2_30TXP_x674245_y4855805_S1RTC,2018-10-09,2018-12-08,2018-12-08,2019-01-13,43.823002432282394,-0.8172656242865373,EPSG:32630
EMSR779_3_33PWN_x500235_y1266265_S1RTC,2023-09-30,2023-11-05,2023-11-17,2023-12-11,11.443245010348651,15.013843383488075,EPSG:32633
EMSR427_4_33VUE_x694575_y6422685_S1RTC,2018-12-29,2019-01-17,2019-02-22,2019-03-18,57.891445084238974,12.304163883041273,EPSG:32632
EMSR352_8_39RTQ_x280205_y3468775_S1RTC,2018-02-17,2018-02-22,2018-04-06,2018-05-12,31.32140687007619,48.703564423724785,EPSG:32639
EMSR479_2_15QWV_x508895_y1990205_S1RTC,2019-09-12,2019-10-18,2019-11-03,2019-11-11,17.988627802642508,-92.90393828917004,EPSG:32615
EMSR684_5_33VXH_x628765_y6706265_S1RTC,2022-06-20,2022-07-14,2022-08-12,2022-08-31,60.460114461330306,17.36465057470597,EPSG:32633
EMSR264_16_38KND_x508265_y7826045_S1RTC,2016-11-23,2016-12-17,2017-01-10,2017-02-03,-19.672379153945105,45.091013188301424,EPSG:32738
EMSR779_3_33PWP_x505335_y1296305_S1RTC,2023-09-30,2023-11-05,2023-11-17,2023-12-23,11.71491026684586,15.060657692803955,EPSG:32633
EMSR481_3_16PFC_x644705_y1756285_S1RTC,2019-09-25,2019-10-07,2019-10-31,2019-11-02,15.869813712014121,-85.63658303127451,EPSG:32616
EMSR427_4_33VUE_x679215_y6445725_S1RTC,2018-12-29,2019-01-17,2019-02-22,2019-03-18,58.104569933730424,12.063077599166569,EPSG:32632
EMSR229_5_15RVP_x419075_y3345055_S1RTC,NaN,NaN,NaN,NaN,30.22294966067453,-93.82767838879292,EPSG:32615
EMSR779_1_33PVM_x493235_y1165815_S1RTC,2023-09-18,2023-10-24,2023-11-17,2023-12-23,10.534770456624715,14.949822497311747,EPSG:32633
EMSR756_8_33UWT_x561855_y5738185_S1RTC,2023-07-16,2023-09-02,2023-09-17,2023-10-20,51.779498878449964,15.915104666210345,EPSG:32633
EMSR283_10_32VNP_x527535_y6850665_S1RTC,2017-03-26,2017-04-07,2017-05-08,2017-06-01,61.776379731406735,9.546054160814409,EPSG:32632
EMSR260_2_32TPQ_x626715_y4975955_S1RTC,2016-10-18,2016-11-11,2016-12-06,2016-12-13,44.91403739120384,10.621499580266368,EPSG:32632
EMSR203_4_15SVV_x431295_y3971225_S1RTC,NaN,2016-04-14,2016-05-08,2016-05-08,35.87146720337066,-93.74694442082864,EPSG:32615
EMSR777_5_16QCE_x326855_y1956315_S1RTC,2023-09-29,2023-11-04,2023-11-16,2023-11-28,17.67565558970057,-88.62040496713244,EPSG:32616
EMSR277_3_35TMF_x435645_y4532315_S1RTC,2017-01-24,2017-03-07,2017-03-31,2017-04-24,40.92804840588708,26.25077144509293,EPSG:32635
EMSR486_2_32TNK_x559195_y4499245_S1RTC,2019-10-04,2019-11-02,2019-11-26,2019-12-03,40.63035509856788,9.715029274906973,EPSG:32632
EMSR326_3_30STF_x283845_y4072985_S1RTC,2017-09-13,2017-09-18,2017-10-18,2017-11-05,36.76683284262495,-5.407496930495926,EPSG:32630
EMSR629_3_42RVS_x428145_y3134935_S1RTC,2021-06-24,2021-07-22,2021-08-23,2021-08-27,28.327206352395304,68.2799822074167,EPSG:32642
EMSR586_1_56HKH_x295505_y6238675_S1RTC,2021-05-02,2021-06-07,2021-07-01,2021-07-25,-33.98433018311397,150.8000152882753,EPSG:32756
EMSR629_2_42RVR_x451715_y3078035_S1RTC,2021-07-06,2021-08-03,2021-08-23,2021-09-20,27.814633332951168,68.52269706301611,EPSG:32642
EMSR649_1_33SVA_x493475_y4065595_S1RTC,2021-12-18,2022-01-23,2022-02-04,2022-02-16,36.724566883521916,14.941206756593383,EPSG:32633
EMSR756_1_33UWS_x566155_y5674245_S1RTC,2023-07-24,2023-09-02,2023-09-14,2023-10-11,51.20414802471039,15.965208988985742,EPSG:32633
EMSR264_5_38LPH_x683535_y8205585_S1RTC,2016-11-23,2016-12-17,2017-01-10,2017-02-03,-16.2348203237555,46.72914354822268,EPSG:32738
EMSR326_2_30SUG_x356015_y4113675_S1RTC,2017-08-25,2017-09-24,2017-10-18,2017-10-19,37.14710422289298,-4.606957985928291,EPSG:32629
EMSR419_6_40RFR_x678515_y3060915_S1RTC,2018-11-15,2018-12-14,2019-01-07,2019-01-23,27.64892299174301,58.82252451405427,EPSG:32640
EMSR280_1_33VVH_x433495_y6730845_S1RTC,2017-03-11,2017-04-04,2017-04-16,2017-05-22,60.69644618686536,13.805292346604514,EPSG:32632
EMSR167_3_31UFS_x681695_y5678195_S1RTC,2015-04-26,2015-05-03,2015-06-05,2015-07-02,51.21431775787952,5.619822157238945,EPSG:32631
EMSR779_3_33PVN_x476245_y1235545_S1RTC,2023-09-30,2023-10-24,2023-11-17,2023-12-11,11.165348359959783,14.794106619271261,EPSG:32633
EMSR684_8_33VWH_x543075_y6730025_S1RTC,2022-06-20,2022-07-19,2022-08-12,2022-09-05,60.69194790999406,15.81215407958992,EPSG:32633
EMSR441_5_34WFV_x633035_y7409685_S1RTC,2019-04-05,2019-05-18,2019-05-30,2019-06-11,66.76445073258022,24.051835472172236,EPSG:32634
EMSR629_1_42RVR_x421475_y3050615_S1RTC,2021-07-06,2021-07-22,2021-08-23,2021-08-27,27.5657145474124,68.2174493385876,EPSG:32642
EMSR264_1_39LTF_x282945_y8555545_S1RTC,2016-11-18,2016-12-12,2017-01-05,2017-01-29,-13.070050172384958,49.0099708392168,EPSG:32739
EMSR311_3_17SQT_x736645_y3780415_S1RTC,2017-07-26,2017-08-19,2017-09-12,2017-10-06,34.12606335171184,-78.42016154373043,EPSG:32617
EMSR352_1_39RTQ_x856565_y3469155_S1RTC,2018-02-17,2018-02-22,2018-04-06,2018-04-06,31.290331542114792,48.75853655614701,EPSG:32639
EMSR265_6_31UDP_x442855_y5376125_S1RTC,2016-11-19,2017-01-11,2017-01-23,2017-02-19,48.524272290362546,2.2433262720409357,EPSG:32631
EMSR642_3_32TQQ_x278165_y4936065_S1RTC,2021-10-11,2021-10-24,2021-11-17,2021-12-23,44.53269952788127,12.224049069719971,EPSG:32633
EMSR777_1_16QCE_x326775_y1929455_S1RTC,2023-09-29,2023-11-04,2023-11-16,2023-11-28,17.432958075516034,-88.61900080412266,EPSG:32616
EMSR326_2_30SUG_x363695_y4129035_S1RTC,2017-08-31,2017-09-24,2017-10-18,2017-10-19,37.28665262692503,-4.52328848164005,EPSG:32629
EMSR200_12_56JNN_x541845_y6791655_S1RTC,2016-02-02,2016-02-26,2016-04-02,2016-04-26,-29.014022484634953,153.44276819932273,EPSG:32756
EMSR203_3_15SVB_x488745_y4128635_S1RTC,NaN,2016-04-14,2016-05-08,2016-05-08,37.29279664820697,-93.11259819123264,EPSG:32615
EMSR265_15_31UEQ_x588265_y5438775_S1RTC,2016-12-01,2017-01-06,2017-01-21,2017-02-14,49.083839450305696,4.226257940035126,EPSG:32631
EMSR203_3_15SVB_x445225_y4120955_S1RTC,NaN,2016-04-14,2016-05-08,2016-05-08,37.22208720152266,-93.60304069596647,EPSG:32615
EMSR445_2_34TFR_x678855_y5036365_S1RTC,2019-05-02,2019-06-07,2019-06-24,2019-07-25,45.446106680519705,23.30342319233297,EPSG:32634
EMSR779_1_33PVM_x498355_y1129975_S1RTC,2023-09-18,2023-10-24,2023-11-17,2023-12-23,10.210624248589287,14.996621751008878,EPSG:32633
EMSR265_23_31UDP_x452655_y5305585_S1RTC,2016-11-19,2017-01-02,2017-01-26,2017-02-19,47.89046681444064,2.3837046982360355,EPSG:32631
EMSR502_2_29UNT_x518455_y5773565_S1RTC,2019-12-28,2020-02-02,2020-02-26,2020-03-21,52.10081162568645,-8.7119546410597,EPSG:32629
EMSR279_4_30TXM_x611635_y4658705_S1RTC,2017-02-21,2017-03-12,2017-04-11,2017-04-17,42.06082079674733,-1.635355995925144,EPSG:32631
EMSR264_5_38KPG_x693675_y8171745_S1RTC,2016-11-23,2016-12-17,2017-01-10,2017-02-03,-16.53978612220254,46.8268308472871,EPSG:32738
EMSR203_4_15SVA_x434055_y4014375_S1RTC,NaN,2016-04-14,2016-05-08,2016-05-08,36.26065644441166,-93.71990884718048,EPSG:32615
EMSR311_3_17SPT_x698825_y3756455_S1RTC,2017-08-07,2017-08-19,2017-09-12,2017-10-06,33.91805637134398,-78.83546447600804,EPSG:32617
EMSR184_4_55HCD_x348185_y6329615_S1RTC,2015-08-14,2015-09-02,2015-10-01,2015-11-25,-33.17329949279516,145.38541831037924,EPSG:32755
EMSR759_1_34UCU_x357235_y5295075_S1RTC,2023-07-26,2023-08-11,2023-09-16,2023-10-10,47.78201416691256,19.111147332238765,EPSG:32633
EMSR417_1_29TNE_x530745_y4449045_S1RTC,2018-10-17,2018-11-28,2018-12-17,2019-01-03,40.1796975020738,-8.623894238667743,EPSG:32629
EMSR265_15_31UEQ_x562665_y5425975_S1RTC,2016-12-01,2017-01-06,2017-01-21,2017-02-14,48.97190154894407,3.8736969356660325,EPSG:32631
EMSR199_13_17MQM_x716485_y9108655_S1RTC,2016-02-07,2016-03-05,2016-03-26,2016-04-19,-8.070508279477135,-79.02397973379742,EPSG:32717
EMSR184_4_55HCD_x373785_y6311695_S1RTC,2015-08-14,2015-09-02,2015-10-01,2015-11-25,-33.33815120530855,145.65744348665064,EPSG:32755
EMSR280_2_33VVH_x472025_y6720885_S1RTC,2017-03-11,2017-04-04,2017-04-16,2017-05-22,60.61145751695605,14.512282975477747,EPSG:32633
EMSR793_2_37LFC_x641555_y8280005_S1RTC,2024-01-25,2024-02-18,2024-03-13,2024-03-25,-15.565048586857259,40.332017993828195,EPSG:32737
EMSR203_3_15SVB_x491305_y4108155_S1RTC,NaN,2016-04-14,2016-05-08,2016-05-08,37.10821153449997,-93.08351169791402,EPSG:32615
EMSR200_6_55KEU_x584285_y7818725_S1RTC,NaN,NaN,NaN,NaN,-19.73669223818816,147.81656168350625,EPSG:32755
EMSR469_4_48QYD_x787885_y1829085_S1RTC,2019-08-05,2019-09-10,2019-10-04,2019-10-28,16.514663004059134,107.70883554824702,EPSG:32648
EMSR264_16_38KND_x538985_y7820925_S1RTC,2016-11-23,2016-12-17,2017-01-10,2017-02-03,-19.718260062625134,45.38419444798809,EPSG:32738
EMSR314_2_32NKP_x246335_y879015_S1RTC,2017-07-23,2017-08-28,2017-09-21,2017-10-15,7.934381918054059,6.710647525896908,EPSG:32632
EMSR265_14_31UEQ_x555835_y5430755_S1RTC,2016-12-04,2017-01-06,2017-01-21,2017-02-14,49.01556566288818,3.7810510994154782,EPSG:32631
EMSR407_2_30UXE_x684885_y5897765_S1RTC,2018-09-13,2018-10-12,2018-11-07,2018-11-29,53.18513082693703,-0.21382218403245612,EPSG:32631
EMSR203_3_15SVA_x452765_y4081825_S1RTC,NaN,2016-04-14,2016-05-08,2016-05-08,36.86977193068244,-93.51566333573459,EPSG:32615
EMSR311_3_17SQT_x726405_y3752255_S1RTC,2017-07-26,2017-08-19,2017-09-12,2017-10-06,33.87460845869299,-78.53843925149762,EPSG:32617
EMSR187_1_35TNL_x569305_y5045895_S1RTC,2015-09-02,2015-09-26,2015-10-08,2015-11-09,45.55153929034167,27.904229182561274,EPSG:32635
EMSR284_3_34WFU_x631945_y7332425_S1RTC,2017-03-15,2017-05-02,2017-05-14,2017-05-19,66.0727599165529,23.944488388070788,EPSG:32634
EMSR347_6_36LYH_x711415_y8286365_S1RTC,2018-01-23,2018-02-16,2018-03-12,2018-03-24,-15.502681936556801,34.98274128716594,EPSG:32736
EMSR279_3_30TXM_x611305_y4694735_S1RTC,2017-02-09,2017-03-18,2017-04-11,2017-04-17,42.38527357021232,-1.6323586661721465,EPSG:32630
EMSR184_4_55HCC_x349775_y6271445_S1RTC,2015-07-28,2015-09-02,2015-10-01,2015-10-20,-33.69799219591174,145.392823691009,EPSG:32755
EMSR429_5_29UNV_x585845_y5986145_S1RTC,2019-01-02,2019-01-29,2019-02-19,2019-02-22,54.004769361544966,-7.67074023520761,EPSG:32629
EMSR441_5_34WFV_x625355_y7407125_S1RTC,2019-04-05,2019-05-18,2019-05-30,2019-06-11,66.74478897030987,23.874926543512316,EPSG:32634
EMSR264_1_39LTF_x267585_y8524825_S1RTC,2016-11-18,2016-12-12,2017-01-05,2017-01-29,-13.346514878196905,48.86596928512179,EPSG:32739
EMSR187_1_35TNL_x574425_y5043335_S1RTC,2015-08-29,2015-09-22,2015-10-08,2015-11-09,45.52796183227731,27.969418407662552,EPSG:32635
EMSR187_1_35TNL_x543705_y5033095_S1RTC,2015-08-29,2015-09-22,2015-10-08,2015-11-02,45.43845576855494,27.575104647316643,EPSG:32635
EMSR186_4_17RNL_x535485_y2997075_S1RTC,NaN,2015-09-21,2015-10-15,NaN,27.08406115825928,-80.62921763556498,EPSG:32617
EMSR629_2_42RVR_x469635_y3095955_S1RTC,2021-07-06,2021-08-03,2021-08-23,2021-09-20,27.97691176942113,68.70420073041274,EPSG:32642
EMSR429_5_29UNA_x585785_y6003505_S1RTC,2018-12-31,2019-01-29,2019-02-19,2019-03-10,54.160765441135425,-7.6666640555198535,EPSG:32629
EMSR200_3_55KFS_x688445_y7678565_S1RTC,NaN,NaN,NaN,NaN,-20.99529616755334,148.82519205921778,EPSG:32756
EMSR778_12_16PEB_x575665_y1611915_S1RTC,2023-09-28,2023-11-03,2023-11-15,2023-11-27,14.567761303723039,-86.28575960125562,EPSG:32616
EMSR251_2_32VMK_x470785_y6471575_S1RTC,2016-09-03,2016-10-04,2016-10-16,2016-10-28,58.37266054262159,8.52234047781896,EPSG:32632
EMSR481_3_16PEC_x599365_y1733055_S1RTC,2019-09-03,2019-10-07,2019-10-31,2019-12-01,15.66208191611566,-86.06096334688748,EPSG:32616
EMSR472_4_48PZC_x234175_y1729435_S1RTC,2019-08-20,2019-09-17,2019-10-11,2019-10-19,15.617497500892805,108.53267244074273,EPSG:32648
EMSR417_1_29TNE_x538425_y4433685_S1RTC,2018-10-17,2018-11-28,2018-12-17,2019-01-03,40.04098596854931,-8.534631867642519,EPSG:32629
EMSR203_4_15SVA_x434055_y4024615_S1RTC,NaN,2016-04-14,2016-05-08,2016-05-08,36.35296765610377,-93.7207579007771,EPSG:32615
EMSR347_6_36LXJ_x658295_y8305945_S1RTC,2018-01-23,2018-02-28,2018-03-12,2018-03-24,-15.329608604060178,34.48642616900103,EPSG:32736
EMSR783_1_30VVJ_x438725_y6335005_S1RTC,2023-11-15,2023-12-09,2023-12-26,2024-01-19,57.14290731797086,-3.9915127548455787,EPSG:32630
EMSR264_6_39KUA_x328185_y8072575_S1RTC,2016-11-13,2016-12-07,2016-12-31,2017-01-24,-17.437764020321254,49.394230160036074,EPSG:32739
EMSR554_1_56JLP_x315195_y6849215_S1RTC,2020-10-07,2020-11-05,2020-11-24,2020-11-29,-28.4822693540678,151.12515767022876,EPSG:32756
EMSR283_9_32VPM_x619415_y6643765_S1RTC,2017-04-07,2017-04-26,2017-05-08,2017-05-13,59.90223637250032,11.157659952599387,EPSG:32633
EMSR349_6_36KVC_x463015_y7785675_S1RTC,2018-01-23,2018-02-16,2018-03-24,2018-03-24,-20.036889800805977,32.65854320941647,EPSG:32736
EMSR482_3_16PDC_x428795_y1728725_S1RTC,2019-09-18,2019-11-07,2019-11-19,2019-12-01,15.623979207046734,-87.65238462757824,EPSG:32616
EMSR429_3_29UMA_x491515_y6001265_S1RTC,2018-12-19,2019-01-26,2019-02-19,2019-03-13,54.14796363147591,-9.110384976715856,EPSG:32629
EMSR788_1_30TWT_x583255_y5279445_S1RTC,2023-12-04,2024-01-12,2024-01-24,2024-02-21,47.65140300195887,-1.8743772090261832,EPSG:32630
EMSR728_1_32UMV_x504015_y5419085_S1RTC,2023-04-22,2023-05-08,2023-06-01,2023-07-03,48.91320699651482,9.072199182938931,EPSG:32632
EMSR165_1_31UDP_x471685_y5343785_S1RTC,2015-04-23,2015-05-01,2015-05-29,2015-07-04,48.23523277055123,2.6358528897072513,EPSG:32631
EMSR229_3_14RNR_x553105_y3038025_S1RTC,NaN,NaN,NaN,NaN,27.453169895106385,-98.44968016215199,EPSG:32614
EMSR788_1_30UWU_x595845_y5313735_S1RTC,2023-11-25,2024-01-12,2024-01-24,2024-02-21,47.958080896114126,-1.6990869901018146,EPSG:32630
EMSR184_4_55HDC_x415955_y6294045_S1RTC,2015-07-28,2015-09-02,NaN,2015-10-20,-33.50140253657418,146.10890147494004,EPSG:32755
EMSR280_4_33VWH_x530275_y6752035_S1RTC,2017-03-11,2017-04-04,2017-04-16,2017-05-10,60.89076317724168,15.581342009897169,EPSG:32633
EMSR483_2_33SXD_x675515_y4332925_S1RTC,2019-10-07,2019-10-25,2019-11-18,2019-12-06,39.11608831866534,17.044905730220275,EPSG:32633
EMSR261_3_32UNC_x581215_y5773925_S1RTC,2016-10-14,2016-10-23,2016-12-13,2017-01-18,52.098249733372334,10.204252582228007,EPSG:32633
EMSR265_16_31UEP_x528145_y5366705_S1RTC,2016-12-04,2017-01-09,2017-01-21,2017-02-14,48.44132518131656,3.397798747330822,EPSG:32631
EMSR184_4_55HCD_x353305_y6342415_S1RTC,2015-08-14,2015-09-02,2015-10-01,2015-11-25,-33.05858358662173,145.44235262187235,EPSG:32755
EMSR280_3_33VWH_x528805_y6708035_S1RTC,2017-03-11,2017-04-04,2017-05-10,2017-05-29,60.495849649418375,15.54750168575145,EPSG:32633
EMSR586_3_56HLJ_x316175_y6306485_S1RTC,2021-04-29,2021-06-04,2021-07-01,2021-07-25,-33.37688515992048,151.03760075687077,EPSG:32756
EMSR407_2_30UXE_x672085_y5905445_S1RTC,2018-09-13,2018-10-14,2018-11-07,2018-12-01,53.25842017346627,-0.40099661329420755,EPSG:32631
EMSR279_11_31TBF_x282905_y4520865_S1RTC,2017-02-17,2017-03-25,2017-04-12,2017-05-06,40.79896429526127,0.4416996780170495,EPSG:32631
EMSR200_12_56JMP_x501105_y6834085_S1RTC,2016-02-07,2016-03-02,2016-03-26,2016-04-19,-28.63176778667502,153.02434953842982,EPSG:32756
EMSR283_9_32VPM_x609175_y6651445_S1RTC,2017-04-07,2017-04-26,2017-05-08,2017-05-13,59.97402488944521,10.978828122894207,EPSG:32633
EMSR629_2_42RVR_x451715_y3085715_S1RTC,2021-07-10,2021-08-03,2021-08-27,2021-09-20,27.883962078880824,68.52239341901806,EPSG:32642
EMSR472_3_48QZD_x821115_y1808505_S1RTC,2019-08-20,2019-09-10,2019-10-11,2019-10-23,16.324611580355583,108.01696661209397,EPSG:32649
EMSR311_3_17SPT_x693705_y3748775_S1RTC,2017-08-07,2017-08-19,2017-09-12,2017-10-06,33.8497975912286,-78.89251901374196,EPSG:32617
EMSR314_2_32NKP_x248895_y866215_S1RTC,2017-07-23,2017-08-28,2017-09-21,2017-10-15,7.818816297838467,6.734485160276609,EPSG:32632
EMSR664_6_32TQQ_x710225_y4917715_S1RTC,2022-03-21,2022-03-28,2022-05-15,2022-06-13,44.37038997272563,11.654556343168784,EPSG:32632
EMSR507_5_51LXK_x634735_y8972925_S1RTC,2020-02-06,2020-03-13,2020-04-03,2020-04-18,-9.300839429745793,124.23837028892767,EPSG:32751
EMSR265_16_31UEP_x507665_y5376945_S1RTC,2016-12-04,2017-01-09,2017-01-21,2017-02-14,48.53407235904871,3.1211015800239323,EPSG:32631
EMSR348_5_36KXD_x661095_y7822145_S1RTC,2018-01-30,2018-02-23,2018-03-19,2018-03-31,-19.700958118873462,34.54916530327597,EPSG:32736
EMSR756_1_33UWS_x586635_y5656325_S1RTC,2023-07-23,2023-09-02,2023-09-14,2023-10-11,51.04025971011899,16.253928065260236,EPSG:32633
EMSR422_1_31TDG_x448285_y4625295_S1RTC,2018-11-21,2019-01-03,2019-01-27,2019-02-20,41.766414961078794,2.393166402811672,EPSG:32631
EMSR265_14_31UEQ_x509755_y5420515_S1RTC,2016-12-04,2017-01-06,2017-01-21,2017-02-14,48.92599521561289,3.1505785275018954,EPSG:32631
EMSR472_4_48PZC_x193215_y1724315_S1RTC,2019-08-20,2019-09-17,2019-10-11,2019-10-19,15.566643554954625,108.15161333261828,EPSG:32648
EMSR332_8_32TQS_x311025_y5099415_S1RTC,2017-09-22,2017-10-04,2017-10-28,2017-11-02,46.01110943101231,12.575437540239152,EPSG:32633
EMSR200_12_56JNP_x552185_y6800805_S1RTC,2016-02-02,2016-02-26,2016-04-02,2016-04-26,-28.931046590944632,153.5485028957004,EPSG:32756
EMSR481_3_16PFC_x629345_y1753725_S1RTC,2019-09-25,2019-10-07,2019-10-31,2019-11-02,15.847531245119528,-85.78015592476247,EPSG:32616
EMSR498_1_31TCK_x398785_y4976175_S1RTC,2019-12-10,2020-01-04,2020-01-27,2020-02-20,44.9205098214117,1.7337221494126969,EPSG:32631
EMSR417_1_29TNE_x540985_y4451605_S1RTC,2018-10-17,2018-11-28,2018-12-17,2019-01-03,40.202307770427986,-8.503451152050856,EPSG:32629
EMSR774_1_15QTA_x218245_y2045095_S1RTC,2023-09-20,2023-10-14,2023-11-04,2023-11-19,18.46615154611705,-95.65577343512354,EPSG:32615
EMSR280_5_33VVH_x444515_y6785635_S1RTC,2017-03-11,2017-04-04,2017-04-21,2017-05-22,61.18992185317582,13.991650622957549,EPSG:32633
EMSR322_17_16RFU_x679055_y3396855_S1RTC,NaN,2017-09-20,2017-10-09,2017-10-09,30.679362377405194,-85.1174898515759,EPSG:32616
EMSR706_1_31UDR_x436085_y5599845_S1RTC,2022-09-01,2022-10-12,2022-11-17,2022-11-29,50.535717300763984,2.116091019115363,EPSG:32631
EMSR570_1_56JNN_x525345_y6783595_S1RTC,2021-02-11,2021-03-19,2021-03-31,2021-04-12,-29.0872218181845,153.27353554234747,EPSG:32756
EMSR680_3_33TWM_x516515_y5129825_S1RTC,2022-06-22,2022-07-05,2022-07-29,2022-09-03,46.310292559719315,15.231043981891808,EPSG:32633
EMSR229_3_14RNR_x555665_y3071305_S1RTC,NaN,NaN,NaN,NaN,27.753495570107216,-98.42220059529413,EPSG:32614
EMSR264_8_39KTU_x278055_y7846015_S1RTC,2016-11-13,2016-12-07,2016-12-31,2017-01-24,-19.47972632952744,48.89764100816543,EPSG:32739
EMSR437_4_30TXP_x695865_y4853715_S1RTC,2019-04-07,2019-04-07,2019-05-13,2019-05-13,43.79875250139386,-0.5494022069779663,EPSG:32630
EMSR637_17_55JGH_x784385_y6742715_S1RTC,2021-08-08,2021-09-11,2021-10-17,2021-10-29,-29.423905951839863,149.94427695639777,EPSG:32755
EMSR184_4_55HDC_x415955_y6278685_S1RTC,2015-07-28,2015-09-02,NaN,2015-10-20,-33.639925971450076,146.1074770886516,EPSG:32755
EMSR264_6_39KUA_x335865_y8052095_S1RTC,2016-11-13,2016-12-07,2016-12-31,2017-01-24,-17.623387322567275,49.4649679259619,EPSG:32739
EMSR279_6_30TYM_x723865_y4598615_S1RTC,2017-02-17,2017-03-19,2017-04-12,2017-05-06,41.496066263329666,-0.3027964300932021,EPSG:32631
EMSR203_4_15SVV_x428735_y3986585_S1RTC,NaN,2016-04-14,2016-05-08,2016-05-08,36.00976108377962,-93.77665378751048,EPSG:32615
EMSR342_4_54KWC_x587085_y7723115_S1RTC,2017-12-16,2017-12-28,2018-02-02,2018-03-10,-20.600455072014075,141.84793786238177,EPSG:32754
EMSR280_2_33VVH_x448985_y6702965_S1RTC,2017-03-11,2017-04-04,2017-04-16,2017-05-22,60.44838607298296,14.095965243254115,EPSG:32633
EMSR261_2_32UNC_x578315_y5762085_S1RTC,2016-10-14,2016-10-21,2016-12-10,2017-01-15,51.99224425896363,10.159168595545728,EPSG:32633
EMSR229_4_14RNS_x558285_y3191235_S1RTC,2016-07-10,NaN,NaN,NaN,28.835917900976124,-98.3894685305136,EPSG:32614
EMSR444_1_34UGV_x329955_y5415955_S1RTC,2019-04-19,2019-06-02,2019-06-23,2019-07-05,48.86210570228314,24.69885022686981,EPSG:32634
EMSR229_5_15RVN_x418955_y3294865_S1RTC,NaN,NaN,NaN,NaN,29.770043695759362,-93.82517008464488,EPSG:32615
EMSR321_1_16PDV_x450165_y1491495_S1RTC,2017-08-07,2017-09-12,2017-10-05,2017-11-05,13.479616376086557,-87.44867271173092,EPSG:32616
EMSR311_8_17SPV_x701475_y3898515_S1RTC,2017-07-26,2017-08-19,2017-09-12,2017-10-18,35.19770435342726,-78.77294187584191,EPSG:32617
EMSR774_1_15QTV_x254825_y1999535_S1RTC,2023-08-24,2023-10-02,2023-10-26,2023-11-07,18.0592348727529,-95.3041948078446,EPSG:32614
EMSR279_1_30TWN_x559895_y4757135_S1RTC,2017-02-21,2017-03-29,2017-04-10,2017-04-22,42.952925061094575,-2.250098556040742,EPSG:32630
EMSR326_3_30SUF_x316515_y4059565_S1RTC,2017-08-31,2017-09-25,2017-10-18,2017-10-19,36.65277358096335,-5.038496999275873,EPSG:32630
EMSR312_6_51QUU_x379085_y1891615_S1RTC,2017-07-11,2017-08-16,2017-09-09,2017-10-03,17.09437093897278,121.87551644077026,EPSG:32651
EMSR322_17_16RFU_x686735_y3384055_S1RTC,NaN,2017-09-20,2017-10-09,2017-10-09,30.562739972168703,-85.03968357277888,EPSG:32616
EMSR779_3_33PVP_x481475_y1306585_S1RTC,2023-09-30,2023-11-05,2023-11-17,2023-12-11,11.807840162213056,14.841649728795229,EPSG:32633
EMSR203_3_15SVB_x445225_y4128635_S1RTC,NaN,2016-04-14,2016-05-08,2016-05-08,37.29131116871681,-93.60359277692648,EPSG:32615
EMSR481_1_16PDC_x441595_y1741525_S1RTC,2019-09-18,2019-10-19,2019-11-05,2019-12-01,15.740017221550122,-87.53327657666915,EPSG:32616
EMSR280_4_33VWH_x525155_y6731555_S1RTC,2017-03-11,2017-04-04,2017-04-16,2017-05-10,60.70727115107841,15.48422112241239,EPSG:32633
EMSR422_2_31TDG_x486055_y4656705_S1RTC,2018-11-17,2019-01-03,2019-01-16,2019-02-20,42.05081932503483,2.846891369950137,EPSG:32631
EMSR472_1_48QXE_x657465_y1937455_S1RTC,2019-08-29,2019-09-10,2019-10-12,2019-10-16,17.50621827187635,106.49524394003387,EPSG:32648
EMSR470_1_31PBM_x244415_y1170675_S1RTC,2019-08-21,2019-09-14,2019-10-20,2019-10-20,10.570169199413998,0.6759899550475558,EPSG:32631
EMSR756_8_33UWT_x579775_y5730505_S1RTC,2023-07-16,2023-09-02,2023-09-17,2023-10-20,51.70815129694104,16.17302322461411,EPSG:32633
EMSR774_1_15QTV_x254825_y1996975_S1RTC,2023-08-24,2023-10-02,2023-10-26,2023-11-07,18.03611487822375,-95.30389353482734,EPSG:32614
EMSR479_2_15QVV_x499175_y1997885_S1RTC,2019-09-12,2019-10-18,2019-11-03,2019-11-11,18.058068139790958,-92.9957478138932,EPSG:32615
EMSR481_3_16PFC_x649825_y1756285_S1RTC,2019-09-20,2019-10-02,2019-10-31,2019-11-02,15.869507265941007,-85.58877377410423,EPSG:32616
EMSR570_1_56JNN_x530465_y6796395_S1RTC,2021-02-11,2021-03-19,2021-03-31,2021-04-12,-28.97157423185217,153.32578288382953,EPSG:32756
EMSR279_6_30TYM_x752025_y4598615_S1RTC,2017-02-17,2017-03-19,2017-04-12,2017-05-06,41.4876648015348,0.03413448060683887,EPSG:32631
EMSR165_1_31UDP_x474245_y5343785_S1RTC,2015-04-23,2015-05-01,2015-05-29,2015-07-04,48.23533678476163,2.6703277321533765,EPSG:32631
EMSR342_4_54KWC_x589645_y7710315_S1RTC,2017-12-16,2017-12-28,2018-02-02,2018-03-10,-20.715980301617172,141.87316292714596,EPSG:32754
EMSR471_4_33UYQ_x734525_y5442715_S1RTC,2019-09-06,2019-09-13,2019-10-12,2019-11-05,49.08060477373604,18.22929812127062,EPSG:32634
EMSR229_5_15RUP_x370985_y3336255_S1RTC,NaN,NaN,NaN,2016-10-04,30.139448955504935,-94.32624766724959,EPSG:32615
EMSR416_1_30TXP_x643735_y4834755_S1RTC,2018-10-09,2018-11-27,2018-12-08,2019-01-13,43.64017953122219,-1.2021555177329957,EPSG:32630
EMSR429_5_29UPV_x633315_y5991555_S1RTC,2019-01-02,2019-01-31,2019-02-19,2019-02-24,54.043175516431276,-6.944479839795012,EPSG:32629
EMSR314_2_32NKP_x271935_y876455_S1RTC,2017-07-23,2017-08-28,2017-09-21,2017-10-15,7.9124525266049,6.942864122920738,EPSG:32632
EMSR203_3_15SVA_x488605_y4092065_S1RTC,NaN,2016-04-14,2016-05-08,2016-05-08,36.963145223922055,-93.11368358506827,EPSG:32615
EMSR507_3_51LYK_x763805_y8979035_S1RTC,2020-02-10,2020-03-05,2020-03-29,2020-04-10,-9.2396147594085,125.41263197139718,EPSG:32751
EMSR586_3_56HLH_x313645_y6292305_S1RTC,2021-04-29,2021-06-04,2021-07-01,2021-07-25,-33.504274706227214,151.00749677213634,EPSG:32756
EMSR348_3_36KXD_x692195_y7819145_S1RTC,2018-01-30,2018-02-23,2018-03-19,2018-04-24,-19.725248538092192,34.8460944920697,EPSG:32736
EMSR184_4_55HCC_x395855_y6256085_S1RTC,2015-07-28,2015-09-02,NaN,2015-10-20,-33.84196952269317,145.88814088841607,EPSG:32755
EMSR750_5_37QCB_x304065_y2178295_S1RTC,2023-07-06,2023-08-11,2023-08-23,NaN,19.678976618506923,37.143087676107704,EPSG:32637
EMSR706_1_31UDS_x415765_y5644795_S1RTC,2022-09-01,2022-10-12,2022-11-17,2022-11-29,50.937334201524486,1.8192942223656139,EPSG:32631
EMSR258_6_34TCK_x368465_y4480615_S1RTC,2016-10-23,2016-11-16,2016-11-28,2016-12-16,40.45452285200499,19.46378240344314,EPSG:32634
EMSR264_5_38KPG_x660395_y8184545_S1RTC,2016-11-23,2016-12-17,2017-01-10,2017-02-03,-16.42661236385471,46.51415938370181,EPSG:32738
EMSR397_1_31TCG_x335995_y4632185_S1RTC,2018-09-04,2018-09-28,2018-10-22,2018-11-21,41.81336522750308,1.0408376377930493,EPSG:32630
EMSR572_1_33TXJ_x693255_y4792995_S1RTC,2021-02-11,2021-03-19,2021-03-31,2021-04-05,43.2531881566336,17.39644625418156,EPSG:32633
EMSR698_3_30VUH_x406105_y6231235_S1RTC,2022-08-31,2022-09-02,2022-10-01,2022-10-08,56.20554906611247,-4.493058983695011,EPSG:32630
EMSR789_5_17MNU_x584015_y9877775_S1RTC,2023-12-30,2024-01-23,2024-02-28,2024-03-13,-1.1172411609441084,-80.23339854485967,EPSG:32717
EMSR265_26_31UCQ_x393685_y5438065_S1RTC,2016-12-06,2017-01-07,2017-01-26,2017-02-19,49.075004805598326,1.5617175879029659,EPSG:32631
EMSR586_1_56HKH_x295505_y6230995_S1RTC,2021-05-02,2021-06-07,2021-07-01,2021-07-25,-34.053544020039986,150.79822808901335,EPSG:32756
EMSR479_1_15QVA_x469665_y2020895_S1RTC,2019-09-12,2019-10-06,2019-11-08,2019-11-23,18.265846291990812,-93.27492076325188,EPSG:32615
EMSR243_1_19QGV_x746065_y1984155_S1RTC,2016-07-28,2016-08-21,2016-09-14,2016-10-13,17.919946325882062,-66.6651547778721,EPSG:32619
EMSR779_3_33PVP_x486595_y1321945_S1RTC,2023-09-30,2023-11-05,2023-11-17,2023-12-11,11.946769828319411,14.888593422727652,EPSG:32633
EMSR265_26_31UCQ_x388565_y5438065_S1RTC,2016-12-06,2017-01-07,2017-01-26,2017-02-19,49.074110072417085,1.4916357747107447,EPSG:32631
EMSR778_12_16PEB_x567985_y1609355_S1RTC,2023-09-28,2023-11-03,2023-11-15,2023-11-27,14.544823191598345,-86.35711731906694,EPSG:32616
EMSR265_6_31UDQ_x494195_y5421475_S1RTC,2016-12-04,2017-01-06,2017-01-21,2017-02-19,48.93471281929127,2.9381469261324704,EPSG:32631
EMSR424_1_38LQJ_x724155_y8309015_S1RTC,2018-12-07,NaN,2019-02-05,2019-02-05,-15.296946771962876,47.09939618180119,EPSG:32738
EMSR460_1_29UMV_x449425_y5923525_S1RTC,2019-07-04,2019-08-02,2019-08-30,2019-09-19,53.446963887174405,-9.742305272308657,EPSG:32629
EMSR243_2_19QGV_x783155_y1986995_S1RTC,2016-07-28,2016-08-21,NaN,2016-10-27,17.94107146533286,-66.31490869826999,EPSG:32619
EMSR332_8_32TQS_x308465_y5109655_S1RTC,2017-09-22,2017-10-04,2017-10-28,2017-11-02,46.1024809450247,12.538309484411606,EPSG:32633
EMSR498_1_31TCK_x393665_y4978735_S1RTC,2019-12-10,2020-01-04,2020-01-27,2020-02-20,44.9428111661761,1.668334504704951,EPSG:32631
EMSR481_1_16PDC_x423675_y1749205_S1RTC,2019-09-18,2019-10-24,2019-11-05,2019-12-01,15.808970632256013,-87.70078018188727,EPSG:32616
EMSR358_4_33TXK_x704335_y4999385_S1RTC,2018-03-23,2018-04-15,2018-05-10,2018-06-07,45.10654817119048,17.613608228076675,EPSG:32633
EMSR187_1_35TNL_x579545_y5068935_S1RTC,2015-08-29,2015-09-22,2015-10-08,2015-11-09,45.75777211828648,28.039226217924927,EPSG:32635
EMSR203_4_15SVA_x408455_y3993895_S1RTC,2016-03-02,2016-04-14,2016-05-01,2016-05-08,36.073988941757094,-94.00250119687192,EPSG:32615
EMSR264_16_38KMD_x504115_y7828645_S1RTC,2016-11-23,2016-12-17,2017-01-10,2017-02-03,-19.648898573897792,45.05141402513164,EPSG:32738
EMSR483_3_33SXD_x670105_y4352525_S1RTC,2019-10-07,2019-10-25,2019-11-18,2019-12-06,39.29367916667114,16.987334409881576,EPSG:32633
EMSR779_3_33PVP_x473795_y1324505_S1RTC,2023-09-30,2023-11-05,2023-11-17,2023-12-11,11.969849607631959,14.771014326295655,EPSG:32633
EMSR264_4_38LQJ_x763145_y8306315_S1RTC,2016-11-23,2016-12-17,2017-01-10,2017-02-03,-15.317634017026785,47.46256682417332,EPSG:32739
EMSR264_5_38KPG_x678315_y8187105_S1RTC,2016-11-23,2016-12-17,2017-01-10,2017-02-03,-16.4022023234565,46.681744885761326,EPSG:32738
EMSR249_3_29UMV_x492515_y5902365_S1RTC,2016-09-02,2016-09-14,2016-10-13,2016-11-01,53.25902862358515,-9.093092244453455,EPSG:32629
EMSR572_1_33TXJ_x703495_y4808355_S1RTC,2021-02-11,2021-03-19,2021-03-31,2021-04-05,43.38865273304679,17.528203867610124,EPSG:32633
EMSR777_5_16QCE_x344775_y1956315_S1RTC,2023-09-29,2023-11-04,2023-11-16,2023-11-28,17.67697389776055,-88.45149566934131,EPSG:32616
EMSR421_2_31TCH_x397505_y4760745_S1RTC,2018-11-21,2018-12-27,2019-01-20,2019-02-13,42.98115714719135,1.7585503724930476,EPSG:32631
EMSR501_1_34TCM_x369235_y4646335_S1RTC,2019-11-07,2019-12-13,2020-02-05,2020-02-17,41.94689272829567,19.437763155074897,EPSG:32633
EMSR352_1_39RTQ_x846325_y3461475_S1RTC,2018-02-17,2018-02-22,2018-04-06,2018-04-06,31.22427794075741,48.64850521525914,EPSG:32639
EMSR475_3_48QXE_x671535_y1934335_S1RTC,2019-08-25,2019-09-22,2019-10-24,2019-11-05,17.476985230377196,106.6274872612367,EPSG:32648
EMSR347_6_36LXH_x660735_y8276195_S1RTC,2018-01-23,2018-02-28,2018-03-12,2018-03-24,-15.59832766189665,34.51109837176122,EPSG:32736
EMSR352_9_39RTP_x239305_y3363685_S1RTC,2018-02-10,2018-02-22,2018-04-07,2018-05-01,30.365794806924423,48.30078748664103,EPSG:32638
EMSR429_7_29UNV_x578305_y5936175_S1RTC,2018-12-31,2019-01-29,2019-02-19,2019-02-22,53.556943462710095,-7.798650509260583,EPSG:32629
EMSR264_1_39LTF_x288065_y8550425_S1RTC,2016-11-18,2016-12-12,2017-01-05,2017-01-29,-13.116681041807588,49.05680783730907,EPSG:32739
EMSR264_5_38KPG_x691115_y8192225_S1RTC,2016-11-23,2016-12-17,2017-01-10,2017-02-03,-16.354947002387835,46.801142229336655,EPSG:32738
EMSR200_12_56JMP_x501105_y6823845_S1RTC,2016-02-02,2016-02-26,2016-03-26,2016-04-14,-28.724198114224123,153.02437092304652,EPSG:32756
EMSR779_3_33PVN_x448085_y1222745_S1RTC,2023-09-30,2023-10-24,2023-11-17,2023-12-11,11.049301506219791,14.536377348478664,EPSG:32633
EMSR229_5_15RUP_x378665_y3318335_S1RTC,NaN,NaN,NaN,2016-10-04,29.978549001336805,-94.24450297797718,EPSG:32615
EMSR629_1_42RVR_x429155_y3063415_S1RTC,2021-07-06,2021-07-22,2021-08-23,2021-08-27,27.681677898950046,68.294503219382,EPSG:32642
EMSR637_1_55HEC_x583805_y6298925_S1RTC,2021-09-01,2021-09-13,2021-10-31,2021-12-06,-33.45721078041972,147.91550208788496,EPSG:32755
EMSR280_2_33VVG_x461735_y6691555_S1RTC,2017-03-11,2017-04-04,2017-04-16,2017-05-22,60.34731582521554,14.329786401822531,EPSG:32633
EMSR184_1_55HED_x591845_y6313745_S1RTC,NaN,2015-09-09,2015-10-03,2015-10-15,-33.32288866030411,148.00047297001467,EPSG:32755
EMSR165_4_31UDQ_x435495_y5425485_S1RTC,2015-04-28,2015-04-28,2015-05-29,2015-06-10,48.96756723712611,2.136079728667406,EPSG:32631
EMSR777_5_16QCE_x326855_y1940955_S1RTC,2023-09-29,2023-11-04,2023-11-16,2023-11-28,17.536872289192114,-88.61916713272171,EPSG:32616
EMSR348_3_36KXD_x684515_y7831945_S1RTC,2018-01-18,2018-02-23,2018-03-19,2018-04-24,-19.610369916829868,34.771567468593695,EPSG:32736
EMSR251_3_32VML_x480805_y6533825_S1RTC,2016-09-10,2016-10-04,2016-10-16,2016-10-21,58.93225219993838,8.688699698139866,EPSG:32632
EMSR280_4_33VWH_x548195_y6749475_S1RTC,2017-03-11,2017-04-04,2017-04-16,2017-05-10,60.86595106681115,15.91084165920857,EPSG:32633
EMSR311_3_17SPT_x683465_y3733415_S1RTC,2017-08-07,2017-08-19,2017-09-12,2017-10-06,33.71318856495707,-79.00635150831394,EPSG:32617
EMSR229_4_14RPS_x603325_y3183765_S1RTC,2016-07-10,NaN,NaN,NaN,28.765624733620648,-97.92851925749294,EPSG:32614
EMSR279_2_30TWN_x575865_y4747335_S1RTC,2017-02-09,2017-03-24,2017-04-10,2017-04-29,42.86323587055551,-2.0556888696355435,EPSG:32630
EMSR472_5_49PBS_x267475_y1676415_S1RTC,2019-08-20,2019-09-13,2019-10-11,2019-10-19,15.141758722856883,108.84800206430592,EPSG:32649
EMSR517_8_31UGS_x342235_y5617565_S1RTC,2020-06-09,2020-06-09,2020-07-11,2020-07-15,50.67738166955044,6.785047928163609,EPSG:32632
EMSR200_6_55KEU_x545885_y7821285_S1RTC,2016-02-03,2016-03-10,2016-04-03,2016-04-27,-19.714853694007175,147.45002948636798,EPSG:32755
EMSR416_1_30TXP_x666775_y4816835_S1RTC,2018-10-09,2018-11-27,2018-12-08,2019-01-13,43.47408261214685,-0.9222272114777912,EPSG:32630
EMSR280_5_33VVH_x467555_y6785635_S1RTC,2017-03-11,2017-04-04,2017-04-21,2017-05-22,61.1924337283686,14.42017763282747,EPSG:32633
EMSR184_4_55HCC_x349775_y6258645_S1RTC,2015-07-28,2015-09-02,2015-10-01,2015-10-20,-33.81339333747148,145.3906683057767,EPSG:32755
EMSR492_1_30TXP_x651435_y4843905_S1RTC,2019-11-21,2019-12-03,2020-01-02,2020-01-14,43.72098023392497,-1.1041485450308401,EPSG:32630
EMSR261_2_32UNC_x583435_y5764645_S1RTC,2016-10-14,2016-10-21,2016-12-10,2017-01-15,52.01449840360967,10.234352342947139,EPSG:32633
EMSR629_1_42RVR_x436835_y3063415_S1RTC,2021-07-06,2021-07-22,2021-08-23,2021-08-27,27.682052602849343,68.37238067362766,EPSG:32642
EMSR504_1_56JML_x481075_y6560175_S1RTC,2020-01-24,2020-03-12,2020-03-24,2020-04-17,-31.103615928381195,152.81491726631148,EPSG:32756
EMSR471_1_34UDV_x475545_y5425965_S1RTC,2019-09-04,2019-09-08,2019-10-10,2019-11-03,48.97468519593853,20.683244773810117,EPSG:32634
EMSR184_1_55HFD_x626665_y6293175_S1RTC,NaN,2015-09-09,2015-10-03,2015-10-15,-33.50479633328247,148.37742033021786,EPSG:32755
EMSR184_4_55HCC_x390735_y6268885_S1RTC,2015-07-28,2015-09-02,NaN,2015-10-20,-33.726035852924824,145.8343767162094,EPSG:32755
EMSR777_5_16QCE_x342215_y1946075_S1RTC,2023-09-29,2023-11-04,2023-11-16,2023-11-28,17.58426612232707,-88.4748737473805,EPSG:32616
EMSR342_7_54KVE_x498675_y7976745_S1RTC,2017-12-09,2018-01-02,2018-02-19,2018-03-03,-18.310422190600338,140.99952685497877,EPSG:32754
EMSR421_5_31TDH_x501475_y4729345_S1RTC,2018-12-11,2018-12-22,2019-01-16,2019-02-20,42.70511759838031,3.033578744672995,EPSG:32631
EMSR470_1_31PBM_x244415_y1168115_S1RTC,2019-08-21,2019-09-14,2019-10-20,2019-10-20,10.547035047438882,0.6761638213197374,EPSG:32631
EMSR265_6_31UDP_x478695_y5386365_S1RTC,2016-11-19,2017-01-14,2017-01-26,2017-02-19,48.61856034895115,2.7282202691794573,EPSG:32631
EMSR342_4_54KWC_x594765_y7707755_S1RTC,2017-12-16,2017-12-28,2018-02-02,2018-03-10,-20.738852876573695,141.92246897899554,EPSG:32754
EMSR470_1_31PBM_x264895_y1186035_S1RTC,2019-08-21,2019-09-14,2019-10-20,2019-10-20,10.710313582823032,0.8620849093500352,EPSG:32631
EMSR342_4_54KWC_x581965_y7715435_S1RTC,2017-12-16,2017-12-28,2018-02-02,2018-03-10,-20.670078940117783,141.79917028200416,EPSG:32754
EMSR264_17_38KMD_x447205_y7808095_S1RTC,2016-12-10,2016-12-10,2017-01-10,2017-02-03,-19.833936994875604,44.50800017027987,EPSG:32738
EMSR778_12_16PEB_x585905_y1614475_S1RTC,2023-09-28,2023-11-03,2023-11-15,2023-11-27,14.59059576536646,-86.19062269286499,EPSG:32616
EMSR184_4_55HCC_x398415_y6284245_S1RTC,2015-07-28,2015-09-02,NaN,2015-10-20,-33.58827686510806,145.91899332446684,EPSG:32755
EMSR203_3_15SVB_x483625_y4131195_S1RTC,NaN,2016-04-14,2016-05-08,2016-05-08,37.3158032500293,-93.1704158666755,EPSG:32615
EMSR264_9_39KTU_x259915_y7801115_S1RTC,2016-11-13,2016-12-31,2017-01-05,2017-01-24,-19.883078076812012,48.71918165913065,EPSG:32739
EMSR342_7_54KVE_x465395_y7969065_S1RTC,2017-12-09,2018-01-02,2018-02-19,2018-03-03,-18.379574912660832,140.68447732643338,EPSG:32754
EMSR481_1_16PDC_x410875_y1721045_S1RTC,2019-09-18,2019-10-24,2019-11-05,2019-12-01,15.553992916840746,-87.8192759220268,EPSG:32616
EMSR348_1_37KBA_x274935_y8017225_S1RTC,2018-01-30,2018-02-18,2018-03-14,2018-04-07,-17.933055907668287,36.88722050817673,EPSG:32737
EMSR472_3_48PZC_x826295_y1794465_S1RTC,2019-08-17,2019-09-10,2019-10-11,2019-10-23,16.19717151872899,108.06342507889192,EPSG:32648
EMSR504_6_56HKH_x301605_y6252245_S1RTC,2020-01-17,2020-03-08,2020-03-20,2020-04-13,-33.8631897655101,150.86905971242783,EPSG:32756
EMSR347_6_36LXH_x663295_y8296675_S1RTC,2018-01-23,2018-02-28,2018-03-12,2018-03-24,-15.413072993226493,34.53360303953475,EPSG:32736
EMSR203_3_15SWB_x529055_y4123385_S1RTC,NaN,2016-04-14,2016-05-08,2016-05-08,37.24503279559965,-92.65802186512093,EPSG:32615
EMSR470_1_30PZR_x212555_y1070645_S1RTC,2019-08-09,2019-09-14,2019-10-20,2019-10-20,9.66411501428723,0.39234275730652635,EPSG:32631
EMSR771_6_32TPQ_x630205_y4972155_S1RTC,2023-08-15,2023-09-24,2023-10-14,2023-11-07,44.87920768952776,10.664708670289922,EPSG:32632
EMSR348_1_37KBA_x264695_y8014665_S1RTC,2018-01-30,2018-02-18,2018-03-14,2018-04-07,-17.95510302794364,36.79031010112503,EPSG:32737
EMSR277_2_35TMF_x463805_y4576035_S1RTC,2017-01-25,2017-03-02,2017-03-26,2017-04-19,41.32355761585752,26.582740898172318,EPSG:32635
EMSR203_3_15SWA_x513775_y4074135_S1RTC,NaN,2016-04-14,2016-05-08,2016-05-08,36.80144805443817,-92.83129111720893,EPSG:32615
EMSR165_1_31UDP_x479365_y5356585_S1RTC,2015-04-23,2015-05-01,2015-05-29,2015-07-04,48.350670703295116,2.7386910395105586,EPSG:32631
EMSR407_2_30UXE_x674645_y5895205_S1RTC,2018-09-13,2018-10-12,2018-11-07,2018-11-29,53.16562672216417,-0.36830587241926066,EPSG:32631
EMSR312_6_51QUU_x363725_y1894175_S1RTC,2017-07-11,2017-08-16,2017-09-09,2017-10-03,17.116653909842118,121.73101701403905,EPSG:32651
EMSR264_5_38LPH_x678415_y8220945_S1RTC,2016-11-23,2016-12-17,2017-01-10,2017-02-03,-16.096406890751513,46.68008098009369,EPSG:32738
EMSR429_7_29UNU_x563305_y5887005_S1RTC,2019-01-12,2019-01-29,2019-02-19,2019-02-22,53.11708159493228,-8.03507965287329,EPSG:32629
EMSR470_1_30PZR_x209995_y1088565_S1RTC,2019-08-09,2019-09-14,2019-10-20,2019-10-20,9.825846581971408,0.36776249450773396,EPSG:32631
EMSR763_1_33UVU_x461335_y5832125_S1RTC,2023-08-12,2023-08-29,2023-09-22,2023-10-11,52.62635362049695,14.447612729711171,EPSG:32633
EMSR267_1_34UEG_x519285_y6135715_S1RTC,2016-12-14,2016-12-31,2017-01-31,2017-01-31,55.35585822497778,21.324285017585122,EPSG:32634
EMSR243_1_19QGA_x751055_y1998495_S1RTC,2016-07-28,NaN,2016-09-14,2016-10-13,18.048876883688294,-66.61634095393079,EPSG:32619
EMSR706_1_31UDS_x451605_y5647355_S1RTC,2022-09-01,2022-10-12,2022-11-17,2022-11-29,50.96439666974304,2.328994360530642,EPSG:32631
EMSR779_3_33PVP_x481475_y1311705_S1RTC,2023-09-30,2023-11-05,2023-11-17,2023-12-11,11.854142679020113,14.841623092322022,EPSG:32633
EMSR265_15_31UEQ_x565225_y5425975_S1RTC,2016-12-01,2017-01-06,2017-01-21,2017-02-14,48.971631343195256,3.9086730906995713,EPSG:32631
EMSR471_3_34UCU_x354285_y5379115_S1RTC,2019-09-09,2019-09-13,2019-10-15,2019-10-15,48.53702705104924,19.043250166233236,EPSG:32634
EMSR637_1_55HEC_x591485_y6298925_S1RTC,2021-09-01,2021-09-13,2021-10-31,2021-12-06,-33.45657305191949,147.99813213902254,EPSG:32755
EMSR200_6_55KEU_x581725_y7826405_S1RTC,NaN,NaN,NaN,NaN,-19.667404492372537,147.79179002213638,EPSG:32755
EMSR203_2_15SVB_x416585_y4103385_S1RTC,NaN,2016-04-14,2016-05-08,2016-06-13,37.06164469571391,-93.92390493140424,EPSG:32615
EMSR264_4_38LQJ_x742665_y8301195_S1RTC,2016-11-23,2016-12-17,2017-01-10,2017-02-03,-15.365907590940505,47.27244721922722,EPSG:32739
EMSR229_3_14RNR_x596625_y3063625_S1RTC,NaN,NaN,NaN,NaN,27.681812725945132,-98.00722667467315,EPSG:32614
EMSR756_10_33UWT_x516255_y5736475_S1RTC,2023-07-16,2023-09-02,2023-09-14,2023-10-13,51.76741061787325,15.25403694976571,EPSG:32633
EMSR184_6_55HED_x505025_y6345445_S1RTC,2015-08-21,2015-09-02,2015-09-26,2015-09-26,-33.040961705586625,147.0674715757038,EPSG:32755
EMSR554_3_55JGG_x718865_y6656145_S1RTC,2020-09-28,2020-11-15,2020-11-27,2020-12-23,-30.217782967223993,149.28719014867409,EPSG:32755
EMSR264_1_39LUF_x313955_y8548055_S1RTC,2016-11-18,2016-12-12,2017-01-05,2017-01-29,-13.139793529239505,49.29539763853843,EPSG:32739
EMSR251_3_32VNL_x510275_y6546675_S1RTC,2016-08-29,2016-09-27,2016-10-16,2016-10-21,59.04787187884636,9.201316009721596,EPSG:32632
EMSR229_5_15RVP_x408835_y3345055_S1RTC,NaN,NaN,NaN,NaN,30.222234557301952,-93.9340755831467,EPSG:32615
EMSR424_4_38KPG_x683155_y8118055_S1RTC,2018-12-07,NaN,2019-02-05,2019-03-01,-17.025746956326092,46.73267704198467,EPSG:32738
EMSR165_1_31UDP_x474245_y5341225_S1RTC,2015-04-23,2015-05-01,2015-05-29,2015-07-04,48.212305268322325,2.6704755981446664,EPSG:32631
EMSR203_3_15SVA_x437405_y4079265_S1RTC,NaN,2016-04-14,2016-05-08,2016-05-08,36.845823481537,-93.68778322635112,EPSG:32615
EMSR773_6_31TBE_x786255_y4483825_S1RTC,2023-09-20,2023-10-02,2023-11-01,2023-12-07,40.44390524900979,0.39019144538827333,EPSG:32631
EMSR322_17_16RFU_x707215_y3361015_S1RTC,NaN,2017-09-20,2017-10-09,2017-10-09,30.351587992525207,-84.8308775507927,EPSG:32616
EMSR186_4_17RNL_x545725_y3002195_S1RTC,NaN,2015-09-21,2015-10-15,NaN,27.129974940442434,-80.5257389123159,EPSG:32617
EMSR771_5_32TPQ_x678815_y4940235_S1RTC,2023-08-27,2023-09-24,2023-10-14,2023-11-19,44.58145342543446,11.268498240617896,EPSG:32632
EMSR184_4_55HCC_x357455_y6256085_S1RTC,2015-07-28,2015-09-02,2015-10-01,2015-10-20,-33.837528888613264,145.47321018850218,EPSG:32755
EMSR200_2_55KFT_x692575_y7735385_S1RTC,NaN,NaN,NaN,NaN,-20.481716885989457,148.85863008189256,EPSG:32755
EMSR429_7_29UNV_x593665_y5902895_S1RTC,2018-12-31,2019-01-29,2019-02-19,2019-02-22,53.25533549284852,-7.5768642652695375,EPSG:32629
EMSR637_1_55HED_x591495_y6305605_S1RTC,2021-09-01,2021-09-13,2021-10-31,2021-12-06,-33.39632936225381,147.9975503639774,EPSG:32755
EMSR229_5_15RUP_x386345_y3338815_S1RTC,NaN,NaN,NaN,2016-10-04,30.16406073550333,-94.16707553695181,EPSG:32615
EMSR424_3_38KPG_x668375_y8163915_S1RTC,2018-12-07,NaN,2019-02-05,2019-03-01,-16.61248241384138,46.59040260759217,EPSG:32738
EMSR200_2_55KFT_x669535_y7748185_S1RTC,NaN,NaN,NaN,NaN,-20.368322886797507,148.6365719928855,EPSG:32755
EMSR311_3_17SPT_x683465_y3738535_S1RTC,2017-08-07,2017-08-19,2017-09-12,2017-10-06,33.7593393587151,-79.00528332368397,EPSG:32617
EMSR771_5_32TPQ_x671135_y4953035_S1RTC,2023-08-27,2023-09-24,2023-10-14,2023-11-19,44.69848237935,11.176130217909002,EPSG:32632
EMSR167_3_31UFS_x679135_y5665395_S1RTC,2015-04-26,2015-05-03,2015-06-05,2015-07-02,51.10014813923098,5.576790161921986,EPSG:32631
EMSR197_6_39LUC_x357005_y8296575_S1RTC,2016-01-06,2016-02-28,2016-03-18,2016-03-18,-15.415344373963695,49.67928308879646,EPSG:32739
EMSR261_3_32UPC_x623905_y5763895_S1RTC,2016-10-09,2016-10-30,2016-12-13,2017-01-03,52.00010631138131,10.823516368016978,EPSG:32632
EMSR507_2_51LZL_x835225_y9058625_S1RTC,2020-02-10,2020-03-05,2020-03-29,2020-04-10,-8.51579135725125,126.0561316705165,EPSG:32751
EMSR324_6_31TDH_x453915_y4787565_S1RTC,2017-08-29,2017-09-11,2017-10-16,2017-10-17,43.2280710985217,2.448195613561163,EPSG:32631
EMSR397_1_31TCG_x320635_y4611705_S1RTC,2018-09-04,2018-09-28,2018-10-22,2018-11-21,41.62572673247942,0.8621534447730298,EPSG:32630
EMSR481_1_16PDB_x400565_y1679105_S1RTC,2019-09-20,2019-10-14,2019-11-05,2019-12-01,15.174486280484626,-87.91376440673757,EPSG:32616
EMSR472_1_48QWF_x581635_y1996015_S1RTC,2019-08-25,2019-09-18,2019-10-12,2019-11-14,18.03957955472868,105.78333993256977,EPSG:32648
EMSR501_1_34TCM_x353875_y4648895_S1RTC,2019-11-07,2019-12-13,2020-02-05,2020-02-17,41.96726875037441,19.251900835551726,EPSG:32633
EMSR203_2_15SVA_x416365_y4096485_S1RTC,NaN,2016-04-14,2016-05-08,2016-06-13,36.99943429883547,-93.92562410694131,EPSG:32615
EMSR311_3_17SQT_x716165_y3772735_S1RTC,2017-07-26,2017-08-19,2017-09-12,2017-10-06,34.06132188461123,-78.6439788026038,EPSG:32617
EMSR229_3_14RNR_x537745_y3055945_S1RTC,NaN,NaN,NaN,NaN,27.61547342227599,-98.60453951444157,EPSG:32614
EMSR472_3_48PYC_x799155_y1796635_S1RTC,2019-08-24,2019-09-22,2019-10-16,2019-11-12,16.220271759693844,107.81012089452894,EPSG:32649
EMSR184_4_55HCC_x347215_y6250965_S1RTC,2015-07-28,2015-09-02,2015-10-01,2015-10-20,-33.882268028315806,145.36169712949146,EPSG:32755
EMSR706_1_31UDS_x443925_y5619195_S1RTC,2022-09-01,2022-10-12,2022-11-17,2022-11-29,50.71050472116268,2.2238501756903917,EPSG:32631
EMSR264_4_38LQJ_x786185_y8296075_S1RTC,2016-11-18,2016-12-12,2017-01-05,2017-01-29,-15.407644528474894,47.6781599057278,EPSG:32739
EMSR348_13_36KXE_x650845_y7914525_S1RTC,2018-01-23,2018-02-23,2018-03-19,2018-04-12,-18.867168115739183,34.444058321814076,EPSG:32736
EMSR728_6_32UPU_x642015_y5339165_S1RTC,2023-04-21,2023-04-29,2023-06-04,2023-06-16,48.17808064718199,10.927576095994588,EPSG:32632
EMSR322_17_16RGU_x710415_y3389525_S1RTC,NaN,2017-09-20,2017-10-09,2017-10-26,30.60811302603967,-84.79180762219626,EPSG:32616
EMSR280_2_33VVG_x474535_y6691555_S1RTC,2017-03-11,2017-04-04,2017-04-16,2017-05-22,60.34828199482504,14.56169671655195,EPSG:32633
EMSR203_3_15SVB_x460585_y4120955_S1RTC,NaN,2016-04-14,2016-05-08,2016-05-08,37.22284216663567,-93.42991136373405,EPSG:32615
EMSR328_2_13QDE_x412975_y2491055_S1RTC,2017-09-01,2017-09-23,2017-10-19,2017-11-12,22.51237172846608,-105.83375040865279,EPSG:32613
EMSR184_3_55HDC_x494215_y6297195_S1RTC,2015-07-28,2015-09-02,2015-10-20,2015-10-20,-33.47618559889938,146.95145882126852,EPSG:32755
EMSR229_5_15RUP_x373545_y3328575_S1RTC,NaN,NaN,NaN,2016-10-04,30.070424733191334,-94.29876794587288,EPSG:32615
EMSR416_2_30TXP_x666565_y4850685_S1RTC,2018-10-09,2018-12-08,2018-12-08,2019-01-13,43.778717288623106,-0.9143126677886707,EPSG:32630
EMSR472_1_48QXE_x636985_y1945135_S1RTC,2019-08-29,2019-09-10,2019-10-12,2019-10-16,17.576979650937982,106.30286848505473,EPSG:32648
EMSR706_1_31UDS_x456725_y5657595_S1RTC,2022-09-01,2022-10-12,2022-11-17,2022-11-29,51.05687074080192,2.400715001892932,EPSG:32631
EMSR422_1_31TDG_x458525_y4604815_S1RTC,2018-11-21,2019-01-03,2019-01-27,2019-02-20,41.582539117397246,2.517735969366032,EPSG:32631
EMSR166_4_33UUP_x381355_y5351945_S1RTC,2015-04-22,2015-05-04,2015-05-31,2015-06-09,48.29833346452232,13.41741209799247,EPSG:32633
EMSR342_7_54KWF_x508395_y8013795_S1RTC,2017-12-21,2018-01-02,2018-02-19,2018-03-03,-17.975524050032465,141.09133217733094,EPSG:32754
EMSR712_6_32UNC_x558635_y5775995_S1RTC,2022-11-09,2022-11-21,2022-12-27,2023-01-20,52.119764562199855,9.875025979101997,EPSG:32633
EMSR793_1_37LFD_x646675_y8320205_S1RTC,2024-01-13,2024-02-18,2024-03-13,2024-03-25,-15.201415456645746,40.377366113446975,EPSG:32737
EMSR203_4_15SVV_x408255_y3986585_S1RTC,NaN,2016-04-14,2016-05-01,2016-05-08,36.00807439779048,-94.00388514999673,EPSG:32615
EMSR421_3_31TDH_x405335_y4762795_S1RTC,2018-11-21,2019-01-08,2019-01-20,2019-02-13,43.000615142224646,1.8542218758117042,EPSG:32631
EMSR332_8_32TQR_x315555_y5093135_S1RTC,2017-09-22,2017-10-04,2017-10-28,2017-11-09,45.95586133302131,12.636307407256279,EPSG:32632
EMSR264_5_38KPG_x706475_y8197345_S1RTC,2016-11-23,2016-12-17,2017-01-10,2017-02-03,-16.30741041673834,46.944426440209924,EPSG:32738
EMSR629_2_42RVR_x467075_y3075475_S1RTC,2021-07-06,2021-08-03,2021-08-23,2021-09-20,27.791974101855402,68.67871604491589,EPSG:32642
EMSR728_6_32UPU_x621535_y5316125_S1RTC,2023-04-21,2023-04-29,2023-06-04,2023-06-16,47.975163262669,10.64557937674475,EPSG:32632
EMSR481_1_16PDC_x410875_y1723605_S1RTC,2019-09-18,2019-10-24,2019-11-05,2019-12-01,15.57713491495314,-87.81936753765807,EPSG:32616
EMSR429_1_29UMU_x495985_y5856375_S1RTC,2018-12-21,2019-01-26,2019-02-19,2019-02-22,52.845637752731896,-9.040683316651103,EPSG:32629
EMSR779_3_33PVN_x473685_y1253465_S1RTC,2023-09-30,2023-10-24,2023-11-17,2023-12-11,11.327395966047355,14.770531612321712,EPSG:32633
EMSR634_1_32TQP_x315905_y4822385_S1RTC,2021-07-14,2021-09-06,2021-09-18,2021-09-30,43.520554468381384,12.737880613827295,EPSG:32633
EMSR712_6_32UNC_x586795_y5722235_S1RTC,2022-11-04,2022-11-21,2022-12-27,2023-01-20,51.63275218862775,10.272511477207605,EPSG:32633
EMSR771_8_32TNQ_x593815_y4982285_S1RTC,2023-08-15,2023-09-24,2023-10-18,2023-11-11,44.97616467525742,10.205991561802387,EPSG:32632
EMSR482_3_16PDC_x421115_y1726165_S1RTC,2019-09-18,2019-11-07,2019-11-19,2019-12-01,15.60061217961616,-87.72394706875383,EPSG:32616
EMSR712_9_32UND_x596995_y5801255_S1RTC,2022-11-09,2022-11-19,2022-12-18,2022-12-30,52.34130828773912,10.44248686554328,EPSG:32632
EMSR264_9_39KTU_x257355_y7813915_S1RTC,2016-11-13,2016-12-31,2017-01-05,2017-01-24,-19.767185429007476,48.6964132427702,EPSG:32739
EMSR314_2_32NKP_x277055_y879015_S1RTC,2017-07-23,2017-08-28,2017-09-21,2017-10-15,7.935821156585515,6.989173793366572,EPSG:32632
EMSR771_6_32TPQ_x625085_y4949115_S1RTC,2023-08-15,2023-09-24,2023-10-14,2023-11-07,44.67280226078808,10.594192262319059,EPSG:32632
EMSR264_5_38KPG_x688555_y8181985_S1RTC,2016-11-23,2016-12-17,2017-01-10,2017-02-03,-16.447675992855746,46.77802408656569,EPSG:32738
EMSR774_1_15QTA_x223365_y2024615_S1RTC,2023-09-20,2023-10-14,2023-11-04,2023-11-19,18.28191287122682,-95.60455255828685,EPSG:32615
EMSR264_3_38LQJ_x803505_y8343765_S1RTC,2016-11-18,2016-12-12,2017-01-05,2017-01-29,-14.975004644757364,47.833628697659,EPSG:32739
EMSR311_3_17SQT_x736645_y3757375_S1RTC,2017-07-26,2017-08-19,2017-09-12,2017-10-06,33.91847894407425,-78.42643891267333,EPSG:32617
EMSR354_2_37LEG_x603945_y8690025_S1RTC,2018-03-14,2018-03-26,2018-05-01,2018-05-25,-11.859953859765017,39.966032615190336,EPSG:32737
EMSR280_2_33VVG_x464295_y6699235_S1RTC,2017-03-11,2017-04-04,2017-04-16,2017-05-22,60.4164940321616,14.374847261822822,EPSG:32633
EMSR464_4_48QYD_x780795_y1826505_S1RTC,2019-07-15,2019-08-17,2019-09-10,2019-10-16,16.492215322937803,107.64215200151753,EPSG:32649
EMSR261_3_32UNC_x591455_y5758565_S1RTC,2016-10-14,2016-10-23,2016-12-13,2017-01-18,51.958566243449454,10.34953836887379,EPSG:32633
EMSR668_2_32VNM_x549185_y6641115_S1RTC,2022-04-12,2022-04-17,2022-05-18,2022-05-30,59.89301371654674,9.901771450886198,EPSG:32632
EMSR712_7_32UNC_x569645_y5774645_S1RTC,2022-11-07,2022-11-21,2022-12-18,2023-02-01,52.10632620556822,10.035526995664668,EPSG:32633
EMSR779_3_33PVN_x435285_y1235545_S1RTC,2023-09-30,2023-10-24,2023-11-17,2023-12-11,11.16485577149479,14.41896478020401,EPSG:32633
EMSR427_7_33VVC_x438135_y6228705_S1RTC,2018-12-24,2019-01-17,2019-03-01,2019-03-18,56.18797570605358,14.023743639751478,EPSG:32633
EMSR229_5_15RUP_x394025_y3331135_S1RTC,NaN,NaN,NaN,2016-10-04,30.095450711795323,-94.08657134657963,EPSG:32615
EMSR328_1_13QCF_x396195_y2515125_S1RTC,2017-09-04,2017-10-10,2017-10-17,2017-10-29,22.728856859006218,-105.99845412141529,EPSG:32613
EMSR150_7_30UXE_x608915_y5976075_S1RTC,NaN,2014-11-24,NaN,NaN,53.909892726374125,-1.322528603214867,EPSG:32631
EMSR788_6_30TWT_x564925_y5277915_S1RTC,2023-12-11,2024-01-09,2024-01-24,2024-02-26,47.63977308440898,-2.118661774833779,EPSG:32630
EMSR429_3_29UMV_x473445_y5984245_S1RTC,2018-12-21,2019-01-29,2019-02-19,2019-02-22,53.99442317104415,-9.385611846547045,EPSG:32629
EMSR504_2_56JML_x473945_y6518235_S1RTC,2020-01-24,2020-02-17,2020-03-24,2020-04-17,-31.481899813854678,152.7391105520775,EPSG:32756
EMSR481_3_16PFC_x611425_y1738365_S1RTC,2019-09-20,2019-10-02,2019-10-31,2019-11-02,15.70956848704041,-85.94820270941291,EPSG:32616
EMSR346_3_36KXD_x694755_y7806345_S1RTC,2018-01-30,2018-02-23,2018-03-07,2018-03-31,-19.840605761356567,34.871862881860224,EPSG:32736
EMSR427_4_33VUE_x712495_y6412445_S1RTC,2018-12-29,2019-01-17,2019-02-22,2019-03-18,57.7914319957322,12.596663351430053,EPSG:32632
EMSR279_5_30TXM_x687415_y4610885_S1RTC,2017-02-17,2017-03-12,2017-04-11,2017-04-17,41.61591041581983,-0.7352591565436342,EPSG:32631
EMSR165_1_31UDP_x494725_y5343785_S1RTC,2015-04-23,2015-05-01,2015-05-29,2015-07-04,48.23579677893756,2.9461315317386045,EPSG:32631
EMSR184_3_55HDC_x425095_y6292075_S1RTC,2015-07-28,2015-09-02,2015-10-20,2015-10-20,-33.51983811712261,146.20713159461508,EPSG:32755
EMSR200_12_56JNP_x524025_y6816165_S1RTC,2016-01-26,2016-02-26,2016-04-02,2016-04-26,-28.79327339847692,153.25923916823874,EPSG:32756
EMSR348_1_37KBA_x292855_y8022345_S1RTC,2018-01-25,2018-02-18,2018-03-14,2018-04-07,-17.888569590021735,37.056831143457636,EPSG:32737
EMSR279_2_30TXN_x629135_y4750305_S1RTC,2017-02-09,2017-03-18,2017-04-10,2017-04-17,42.882737473136814,-1.4030903160349197,EPSG:32630
EMSR424_1_38LQJ_x711355_y8324375_S1RTC,2018-12-07,NaN,2019-02-05,2019-02-05,-15.159246419361109,46.97894648353591,EPSG:32738
EMSR264_8_39KTU_x260135_y7869055_S1RTC,2016-11-13,2016-12-07,2016-12-31,2017-01-24,-19.269609584574297,48.72989525629896,EPSG:32739
EMSR779_3_33PVP_x494275_y1314265_S1RTC,2023-09-30,2023-11-05,2023-11-17,2023-12-11,11.877335306674555,14.959139850986872,EPSG:32633
EMSR200_6_55KEU_x556125_y7818725_S1RTC,2016-02-03,2016-03-10,2016-04-03,2016-04-27,-19.73771545663255,147.54782161450515,EPSG:32755
EMSR332_1_32TPR_x650025_y5024145_S1RTC,2017-09-14,2017-09-26,2017-10-25,2017-11-13,45.343012099545064,10.931239614869527,EPSG:32633
EMSR570_1_56JNN_x525345_y6796395_S1RTC,2021-02-04,2021-03-19,2021-03-31,2021-04-12,-28.971691244061045,153.27323117625517,EPSG:32756
EMSR280_5_33VVH_x457315_y6777955_S1RTC,2017-03-11,2017-04-04,2017-04-21,2017-05-22,61.1225421812683,14.23139019229791,EPSG:32633
EMSR258_13_34TDK_x419525_y4455115_S1RTC,2016-09-29,2016-11-16,2016-11-28,2016-12-23,40.23125156401135,20.069020410798917,EPSG:32634
EMSR243_1_19QGA_x740815_y1995935_S1RTC,NaN,NaN,NaN,2016-10-13,18.026925120850887,-66.7133151517645,EPSG:32619
EMSR712_5_32UPD_x616545_y5813095_S1RTC,2022-11-07,2022-12-06,2022-12-30,2023-01-11,52.44385463977954,10.733492008672236,EPSG:32632
EMSR265_18_31UEP_x580975_y5379195_S1RTC,2016-12-01,2017-01-06,2017-01-18,2017-02-14,48.54898346850894,4.1144974235276806,EPSG:32631
EMSR264_9_39KTT_x247365_y7796925_S1RTC,2016-11-13,2016-12-31,2016-12-31,2017-01-05,-19.919333532975248,48.598825410088885,EPSG:32739
EMSR165_1_31UDP_x474245_y5348905_S1RTC,2015-04-23,2015-05-01,2015-05-29,2015-07-04,48.28139953846722,2.670031442113384,EPSG:32631
EMSR793_2_37LED_x601625_y8303565_S1RTC,2024-01-13,2024-02-18,2024-03-13,2024-03-25,-15.354013212263288,39.95869962739557,EPSG:32737
EMSR417_1_29TNE_x523065_y4451605_S1RTC,2018-10-17,2018-11-28,2018-12-22,2019-01-03,40.20301944720263,-8.714005148559895,EPSG:32629
EMSR342_7_54KVE_x473075_y7969065_S1RTC,2017-12-09,2018-01-02,2018-02-19,2018-03-03,-18.37968155589972,140.75718046787256,EPSG:32754
EMSR712_9_32UNC_x603535_y5793795_S1RTC,2022-11-04,2022-11-19,2022-12-18,2023-02-01,52.27305267573405,10.536127198745094,EPSG:32633
EMSR564_1_38KND_x511475_y7825295_S1RTC,2020-12-08,2021-01-25,2021-02-06,2021-02-06,-19.6791387788176,45.12164219241244,EPSG:32738
EMSR265_14_31UEQ_x553275_y5423075_S1RTC,2016-12-04,2017-01-06,2017-01-21,2017-02-14,48.9467166190749,3.745012641477888,EPSG:32631
EMSR728_5_32UPU_x706245_y5371005_S1RTC,2023-04-17,2023-05-15,2023-05-27,2023-06-16,48.44646925549054,11.806369319471042,EPSG:32632
EMSR504_7_56JML_x474835_y6502125_S1RTC,2020-01-24,2020-02-17,2020-03-24,2020-04-17,-31.62726875725748,152.74809035517828,EPSG:32756
EMSR424_3_38KPG_x665815_y8199755_S1RTC,2018-12-07,NaN,2019-02-05,2019-03-01,-16.288791593932082,46.56381325098091,EPSG:32738
EMSR280_4_33VWH_x537955_y6764835_S1RTC,2017-03-11,2017-04-04,2017-04-16,2017-05-10,61.004986491331955,15.725452532395817,EPSG:32633
EMSR777_1_16QCE_x319095_y1934575_S1RTC,2023-09-29,2023-11-04,2023-11-16,2023-11-28,17.47861748766486,-88.69171652703356,EPSG:32616
EMSR481_3_16PEC_x604485_y1733055_S1RTC,2019-09-03,2019-10-07,2019-10-31,2019-12-01,15.661871915119466,-86.01319538896455,EPSG:32616
EMSR728_9_32UQV_x328145_y5424305_S1RTC,2023-04-16,2023-05-03,2023-06-08,2023-07-02,48.93666336329427,12.670705650070225,EPSG:32633
EMSR328_1_13QDF_x428245_y2520175_S1RTC,2017-09-01,2017-10-05,2017-10-17,2017-10-29,22.776118648380336,-105.68659499320455,EPSG:32613
EMSR261_2_32UNC_x583435_y5751845_S1RTC,2016-10-14,2016-10-21,2016-12-10,2017-01-15,51.89943995180703,10.23119621443317,EPSG:32633
EMSR280_4_33VWH_x540515_y6739235_S1RTC,2017-03-11,2017-04-04,2017-04-16,2017-05-10,60.774906225074275,15.767249575874319,EPSG:32633
EMSR706_2_31UDS_x413885_y5615475_S1RTC,2022-09-01,2022-10-12,2022-11-05,2022-11-29,50.6734499782436,1.7993203843744658,EPSG:32631
EMSR645_6_38LRH_x802785_y8198185_S1RTC,2021-11-16,2022-01-03,2022-01-27,2022-01-27,-16.289613776593008,47.845049530087024,EPSG:32739
EMSR470_1_31PBM_x231615_y1155315_S1RTC,2019-08-21,2019-09-14,2019-10-20,2019-10-20,10.430492832884267,0.5601782907228939,EPSG:32631
EMSR328_1_13QCF_x396195_y2522805_S1RTC,2017-09-01,2017-10-07,2017-10-17,2017-10-29,22.798225204778564,-105.99895865286877,EPSG:32613
EMSR342_7_54KWF_x513515_y8011235_S1RTC,2017-12-21,2018-01-02,2018-02-19,2018-03-03,-17.998634136576825,141.13970818120487,EPSG:32754
EMSR352_1_39RTQ_x813045_y3492195_S1RTC,2018-02-18,2018-02-22,2018-04-07,2018-04-07,31.510427004904574,48.309400997844406,EPSG:32639
EMSR427_2_33VVE_x399965_y6413685_S1RTC,2018-12-24,2019-01-17,2019-02-17,2019-03-18,57.84268529657741,13.336382416682467,EPSG:32633
EMSR229_5_15RUP_x401705_y3336255_S1RTC,NaN,NaN,NaN,2016-10-04,30.142283600890234,-94.00734817187404,EPSG:32615
EMSR649_1_33SWA_x510245_y4068165_S1RTC,2021-12-18,2022-01-23,2022-02-04,2022-02-16,36.747679547529145,15.1290478291586,EPSG:32633
EMSR481_1_16PDC_x418555_y1731285_S1RTC,2019-09-18,2019-10-24,2019-11-05,2019-12-01,15.646816786216613,-87.74799326058987,EPSG:32616
EMSR321_1_16PDV_x445045_y1488935_S1RTC,2017-08-07,2017-09-12,2017-10-05,2017-11-05,13.45637977751833,-87.49593034921915,EPSG:32616
EMSR427_4_33VUD_x696395_y6385735_S1RTC,2018-12-29,2019-01-17,2019-02-17,2019-02-22,57.559299079289815,12.304436968854331,EPSG:32632
EMSR472_4_48PZC_x229055_y1711515_S1RTC,2019-08-20,2019-09-17,2019-10-11,2019-10-19,15.455101622432675,108.48691684541797,EPSG:32648
EMSR779_3_33PVN_x494165_y1271385_S1RTC,2023-09-30,2023-10-24,2023-11-17,2023-12-11,11.48954620563759,14.958188009385973,EPSG:32633
EMSR445_1_35UNP_x503405_y5326565_S1RTC,2019-05-08,2019-06-09,2019-06-21,2019-06-25,48.080864942022295,27.06283662888588,EPSG:32635
EMSR479_1_15QUA_x393695_y2013255_S1RTC,2019-09-21,2019-10-15,2019-11-08,2019-12-02,18.194420977966125,-93.99318871603595,EPSG:32615
EMSR706_1_31UCR_x401995_y5598905_S1RTC,2022-09-06,2022-10-12,2022-11-17,2022-11-29,50.52262177883612,1.6354127551071505,EPSG:32631
EMSR199_13_17MQM_x706245_y9121455_S1RTC,2016-02-07,2016-03-10,2016-03-26,2016-04-19,-7.955226049553093,-79.11739743527849,EPSG:32717
EMSR352_1_39RTQ_x815605_y3481955_S1RTC,2018-02-18,2018-02-22,2018-04-07,2018-04-07,31.417493119843826,48.33304327847992,EPSG:32639
EMSR203_2_15SVA_x403565_y4076005_S1RTC,2016-03-02,2016-04-14,2016-05-01,2016-06-06,36.81363912862167,-94.06688539358323,EPSG:32615
EMSR280_4_33VWH_x545635_y6746915_S1RTC,2017-03-11,2017-04-04,2017-04-16,2017-05-10,60.84328062070352,15.863093305975982,EPSG:32633
EMSR203_2_15SVB_x419145_y4118745_S1RTC,NaN,2016-04-14,2016-05-08,2016-06-13,37.2003070577588,-93.89674569947182,EPSG:32615
EMSR264_16_38KND_x551785_y7795325_S1RTC,2016-11-23,2016-12-17,2017-01-10,2017-02-03,-19.949291220943408,45.50707313239054,EPSG:32738
EMSR184_3_55HED_x502625_y6357395_S1RTC,2015-08-21,2015-09-02,2015-10-08,2015-10-20,-32.9331792425124,147.04171739186208,EPSG:32755
EMSR200_3_55KFS_x693565_y7647845_S1RTC,NaN,NaN,NaN,NaN,-21.272182325174438,148.8779213488904,EPSG:32756
EMSR279_3_30TWM_x573525_y4697055_S1RTC,2017-02-09,2017-03-24,2017-04-10,2017-04-17,42.410721289090645,-2.090944905313517,EPSG:32630
EMSR783_1_30VVJ_x482245_y6363165_S1RTC,2023-11-15,2023-12-09,2023-12-26,2024-01-19,57.399490598292374,-3.274230790942391,EPSG:32630
EMSR267_1_34UEG_x532085_y6138275_S1RTC,2016-12-09,2016-12-31,2017-01-26,2017-01-31,55.37815883094946,21.526472095093933,EPSG:32634
EMSR712_5_32UND_x527415_y5840285_S1RTC,2022-11-09,2022-12-06,2022-12-30,2023-01-11,52.70023906194742,9.424571073198885,EPSG:32632
EMSR337_1_34SEG_x548625_y4164795_S1RTC,2017-11-07,2017-12-18,2018-01-11,2018-02-10,37.61743217554413,21.565427348752472,EPSG:32634
EMSR629_3_42RVS_x446065_y3129815_S1RTC,2021-06-24,2021-07-22,2021-08-23,2021-08-27,28.281832813207604,68.46301646116417,EPSG:32642
EMSR629_2_42RVR_x454275_y3080595_S1RTC,2021-07-06,2021-08-03,2021-08-23,2021-09-20,27.83783046425539,68.54859304414282,EPSG:32642
EMSR442_7_35WNT_x540045_y7790605_S1RTC,2019-04-26,2019-05-20,2019-06-08,2019-06-14,70.20701353849478,28.093392854785613,EPSG:32636
EMSR264_17_38KMD_x485605_y7813215_S1RTC,NaN,2016-12-17,2017-01-10,2017-02-03,-19.7883025465622,44.874742733001135,EPSG:32738
EMSR427_9_33VVD_x496275_y6369385_S1RTC,2018-12-24,2019-01-17,2019-03-01,2019-03-30,57.455655911926954,14.959169047589496,EPSG:32633
EMSR264_3_38LQJ_x798385_y8389845_S1RTC,2016-11-18,2016-12-12,2017-01-05,2017-01-29,-14.559457217659256,47.78076729279149,EPSG:32739
EMSR184_4_55HCD_x373785_y6327055_S1RTC,2015-08-14,2015-09-02,2015-10-01,2015-11-25,-33.19964228245243,145.65956162499813,EPSG:32755
EMSR481_1_16PDB_x408245_y1699585_S1RTC,2019-09-20,2019-10-14,2019-11-05,2019-12-01,15.359904644144217,-87.84301624491569,EPSG:32616
EMSR187_1_35TNL_x559065_y5045895_S1RTC,2015-09-02,2015-09-26,2015-10-08,2015-11-09,45.55250236699845,27.773053414988368,EPSG:32635
EMSR264_17_38KMD_x452325_y7813215_S1RTC,2016-12-10,2016-12-10,2017-01-10,2017-02-03,-19.7877976644733,44.557021529778076,EPSG:32738
EMSR203_4_15SVV_x426175_y3981465_S1RTC,NaN,2016-04-14,2016-05-08,2016-05-08,35.96341661533246,-93.80458991574228,EPSG:32615
EMSR337_1_34SEG_x548625_y4162235_S1RTC,2017-11-07,2017-12-18,2018-01-11,2018-02-10,37.59435872984506,21.565252717376946,EPSG:32634
EMSR483_3_33SXD_x672665_y4355085_S1RTC,2019-10-07,2019-10-25,2019-11-18,2019-12-06,39.31622230970114,17.01766534464394,EPSG:32633
EMSR279_11_31TBE_x286655_y4488795_S1RTC,2017-02-17,2017-03-19,2017-04-12,2017-04-18,40.511306963112474,0.49692789482839256,EPSG:32630
EMSR756_8_33UWT_x587455_y5725385_S1RTC,2023-07-16,2023-09-02,2023-09-17,2023-10-20,51.66096460083528,16.28284422212839,EPSG:32633
EMSR475_9_49PBS_x260175_y1673825_S1RTC,2019-09-13,2019-09-25,2019-10-23,2019-11-16,15.117702321185604,108.78034836987364,EPSG:32649
EMSR470_1_31PBM_x223935_y1101555_S1RTC,2019-08-21,2019-09-14,2019-10-20,2019-10-20,9.944187737118547,0.4938726775366226,EPSG:32631
EMSR779_3_33PVP_x476355_y1311705_S1RTC,2023-09-30,2023-11-05,2023-11-17,2023-12-11,11.85411248552115,14.79461517679985,EPSG:32633
EMSR339_3_36KXD_x693185_y7814925_S1RTC,2017-11-19,2017-12-25,2018-01-30,2018-02-23,-19.763266826179557,34.855978034091784,EPSG:32736
EMSR280_3_33VWH_x523685_y6718275_S1RTC,2017-03-11,2017-04-04,2017-05-10,2017-05-29,60.58813660798182,15.455604161339803,EPSG:32633
EMSR279_3_30TWM_x601685_y4676575_S1RTC,2017-02-09,2017-03-24,2017-04-10,2017-04-17,42.223094601545135,-1.7524288359903222,EPSG:32630
EMSR311_8_17SPV_x688675_y3908755_S1RTC,2017-07-26,2017-08-19,2017-09-12,2017-10-18,35.292481537288815,-78.91108828475988,EPSG:32617
EMSR706_1_31UDS_x443925_y5639675_S1RTC,2022-09-01,2022-10-12,2022-11-17,2022-11-29,50.89466040684574,2.220793175350719,EPSG:32631
EMSR265_26_31UCQ_x388565_y5461105_S1RTC,2016-12-06,2017-01-07,2017-01-26,2017-02-19,49.28129046108698,1.4853254622925693,EPSG:32631
EMSR319_4_32SPF_x633845_y4039705_S1RTC,2017-08-08,2017-08-21,2017-09-25,2017-09-26,36.48164759355476,10.508381605909667,EPSG:32632
EMSR280_4_33VWH_x537955_y6759715_S1RTC,2017-03-11,2017-04-04,2017-04-16,2017-05-10,60.95902316577147,15.72440577549609,EPSG:32633
EMSR416_2_30TXP_x656325_y4845565_S1RTC,2018-10-09,2018-12-08,2018-12-08,2019-01-13,43.734895214711166,-1.0429884846669735,EPSG:32630
EMSR264_5_38LPH_x706575_y8203025_S1RTC,2016-11-23,2016-12-17,2017-01-10,2017-02-03,-16.25608337132258,46.944856089672314,EPSG:32738
EMSR469_4_48QYD_x775085_y1818845_S1RTC,2019-08-05,2019-09-10,2019-10-04,2019-10-28,16.42370849047978,107.58778821765158,EPSG:32648
EMSR264_7_39KUA_x343195_y8044335_S1RTC,2016-11-13,2016-12-07,2016-12-31,2017-02-05,-17.694031797863882,49.533471786680785,EPSG:32739
EMSR352_1_39RTQ_x869365_y3438435_S1RTC,2018-02-17,2018-02-22,2018-04-06,2018-04-06,31.00978244526143,48.881420175302495,EPSG:32639
EMSR783_1_30VVJ_x459205_y6347805_S1RTC,2023-11-15,2023-12-09,2023-12-26,2024-01-19,57.26010273889768,-3.65514100426568,EPSG:32630
EMSR261_1_32UNC_x541865_y5785955_S1RTC,2016-10-11,2016-10-23,2016-12-10,2016-12-22,52.21086963523038,9.631374041530217,EPSG:32632
EMSR437_4_30TXP_x690745_y4866515_S1RTC,2019-04-07,2019-04-07,2019-05-13,2019-05-13,43.91524653149214,-0.6083917712082121,EPSG:32630
EMSR779_1_33PVM_x488115_y1193975_S1RTC,2023-09-18,2023-10-24,2023-11-17,2023-12-23,10.789443998050983,14.90294609373303,EPSG:32633
EMSR279_1_30TWN_x536855_y4757135_S1RTC,2017-02-21,2017-03-29,2017-04-10,2017-04-22,42.954426957250256,-2.5325408864889685,EPSG:32630
EMSR314_3_32NKN_x263015_y726865_S1RTC,2017-07-11,2017-08-16,2017-09-21,2017-10-03,6.559819779180732,6.868349777447339,EPSG:32632
EMSR280_5_33VVH_x475235_y6783075_S1RTC,2017-03-11,2017-04-04,2017-04-21,2017-05-22,61.16998764737968,14.56335277743153,EPSG:32633
EMSR422_7_31TCF_x302855_y4497035_S1RTC,2018-11-21,2019-01-02,2019-01-20,2019-02-01,40.589462712783806,0.685429408649784,EPSG:32631
EMSR778_12_16PFB_x611475_y1629955_S1RTC,2023-09-16,2023-11-03,2023-11-15,2023-11-27,14.72959132632858,-85.95259151486886,EPSG:32616
EMSR777_1_16QCE_x354935_y1911535_S1RTC,2023-09-29,2023-11-04,2023-11-16,2023-11-28,17.272998780683594,-88.35273053189053,EPSG:32616
EMSR637_17_55JGH_x774145_y6735035_S1RTC,2021-08-08,2021-09-11,2021-10-17,2021-10-29,-29.495425644587076,149.84077353769848,EPSG:32755
EMSR793_2_37LFC_x613395_y8282565_S1RTC,2024-01-25,2024-02-18,2024-03-13,2024-03-25,-15.543339840706182,40.06931812829481,EPSG:32737
EMSR192_11_32TMR_x478045_y5005045_S1RTC,2015-10-01,2015-10-24,2015-11-22,2015-12-23,45.18711005802922,8.736756184345857,EPSG:32632
EMSR472_4_48PZC_x218815_y1703835_S1RTC,2019-08-20,2019-09-17,2019-10-11,2019-10-19,15.384637686350773,108.39242488316005,EPSG:32648
EMSR277_2_35TMF_x479165_y4558115_S1RTC,2017-01-25,2017-03-02,2017-03-26,2017-04-19,41.16265716120149,26.76684994397552,EPSG:32635
EMSR328_2_13QDE_x412975_y2493615_S1RTC,2017-09-01,2017-09-23,2017-10-19,2017-11-12,22.535496270531624,-105.833889180313,EPSG:32613
EMSR186_4_17RNL_x555965_y2999635_S1RTC,NaN,2015-09-21,2015-10-15,NaN,27.106476332409574,-80.42253307668445,EPSG:32617
EMSR405_1_49PBS_x259225_y1674525_S1RTC,2018-09-06,2018-10-04,2018-11-09,2018-11-29,15.123939368105459,108.7714475377736,EPSG:32649
EMSR265_6_31UDP_x455655_y5399165_S1RTC,2016-11-19,2017-01-11,2017-01-23,2017-02-19,48.73254279388289,2.414278088121785,EPSG:32631
EMSR280_2_33VVH_x479705_y6713205_S1RTC,2017-03-11,2017-04-04,2017-04-16,2017-05-22,60.542941955415856,14.65330586802025,EPSG:32633
EMSR350_2_50KPC_x649775_y7749645_S1RTC,2018-02-08,2018-02-15,2018-03-23,2018-04-04,-20.356806469653392,118.44717201942252,EPSG:32750
EMSR265_14_31UEQ_x548155_y5443555_S1RTC,2016-12-04,2017-01-06,2017-01-21,2017-02-14,49.13136315422901,3.677589848140042,EPSG:32631
EMSR184_4_55HCD_x348185_y6314255_S1RTC,2015-08-14,2015-09-02,2015-10-01,2015-11-25,-33.31179182719674,145.38286963530626,EPSG:32755
EMSR277_3_35TMF_x433085_y4532315_S1RTC,2017-01-24,2017-03-07,2017-03-31,2017-04-24,40.927846847132194,26.220367847053513,EPSG:32635
EMSR279_11_31TCF_x311355_y4503815_S1RTC,2017-02-23,2017-03-25,2017-04-12,2017-05-06,40.652465412802485,0.7837826222753793,EPSG:32631
EMSR742_1_34VFJ_x627875_y6305945_S1RTC,2023-06-19,2023-07-06,2023-07-30,2023-09-04,56.86779840947793,23.11868809645601,EPSG:32635
EMSR472_3_48PZC_x818615_y1786785_S1RTC,2019-08-17,2019-09-10,2019-10-11,2019-10-23,16.128860264896257,107.99062993723928,EPSG:32648
EMSR472_4_48PZC_x244415_y1706395_S1RTC,2019-08-20,2019-09-17,2019-10-11,2019-10-19,15.41042868230745,108.6304928572392,EPSG:32648
EMSR445_2_34TFQ_x675565_y4986845_S1RTC,2019-05-18,2019-06-06,2019-06-23,2019-06-30,45.0015342631333,23.24378597386625,EPSG:32634
EMSR489_3_60KXG_x683295_y8158045_S1RTC,2019-10-20,2019-11-23,2019-12-17,2019-12-19,-16.66440488218415,178.73070333547773,EPSG:32760
EMSR229_3_14RPS_x621595_y3129335_S1RTC,2016-07-10,NaN,NaN,NaN,28.27281116507436,-97.74722322211107,EPSG:32614
EMSR322_17_16RFU_x691855_y3381495_S1RTC,NaN,2017-09-20,2017-10-09,2017-10-09,30.538838674452823,-84.98680311484446,EPSG:32616
EMSR280_4_33VWH_x543075_y6767395_S1RTC,2017-03-11,2017-04-04,2017-04-16,2017-05-10,61.02742526009756,15.820715441879639,EPSG:32633
EMSR312_6_51QUU_x368845_y1889055_S1RTC,2017-07-11,2017-08-16,2017-09-09,2017-10-03,17.070678359514247,121.7794376134992,EPSG:32651
EMSR342_7_54KVF_x475625_y8013795_S1RTC,2017-12-21,2018-01-02,2018-02-19,2018-03-03,-17.975422866453673,140.78182330222754,EPSG:32754
EMSR427_2_33VVD_x413855_y6388725_S1RTC,2018-12-24,2019-01-17,2019-02-17,2019-03-18,57.62140410150615,13.579086116872048,EPSG:32632
EMSR203_4_15SVA_x411015_y3999015_S1RTC,2016-03-02,2016-04-14,2016-05-01,2016-05-08,36.12037754149661,-93.97464449061782,EPSG:32615
EMSR445_2_34TFR_x678855_y5033805_S1RTC,2019-05-02,2019-06-07,2019-06-24,2019-07-25,45.42308214997903,23.302486194945722,EPSG:32634
EMSR312_5_51QUV_x376605_y1931355_S1RTC,2017-08-04,2017-08-16,2017-09-09,2017-10-03,17.453389608494305,121.84998445117131,EPSG:32651
EMSR771_8_32TNQ_x586135_y4992525_S1RTC,2023-08-15,2023-09-24,2023-10-18,2023-11-11,45.069313683136386,10.110388331325558,EPSG:32632
EMSR261_3_32UPD_x625915_y5811385_S1RTC,2016-09-29,2016-10-30,2016-12-13,2017-01-01,52.426389051001074,10.870625475514224,EPSG:32632
EMSR783_1_30VVJ_x464325_y6345245_S1RTC,2023-11-15,2023-12-09,2023-12-26,2024-01-19,57.23752076539523,-3.5699145626463564,EPSG:32630
EMSR184_4_55HCD_x343065_y6332175_S1RTC,2015-08-14,2015-09-02,2015-10-01,2015-11-25,-33.14949364672956,145.33096231033252,EPSG:32755
EMSR314_3_32NKN_x270695_y714065_S1RTC,2017-07-11,2017-08-16,2017-09-21,2017-10-03,6.444394962151699,6.9382446976264935,EPSG:32632
EMSR265_6_31UDP_x432615_y5396605_S1RTC,2016-11-19,2017-01-11,2017-01-23,2017-02-19,48.70749725306707,2.1013937254076582,EPSG:32631
EMSR712_6_32UND_x553775_y5808655_S1RTC,2022-11-09,2022-11-21,2022-12-18,2023-01-11,52.41387209438675,9.809379468680456,EPSG:32632
EMSR706_3_31UDS_x441105_y5619975_S1RTC,2022-09-01,2022-10-07,2022-11-05,2022-11-29,50.71724579074981,2.1837920330035496,EPSG:32631
EMSR471_1_34UEV_x508235_y5424475_S1RTC,2019-08-15,2019-09-16,2019-10-10,2019-11-15,48.96164333775201,21.129920402759858,EPSG:32634
EMSR186_4_17RNL_x563645_y3027795_S1RTC,NaN,2015-09-21,2015-10-15,NaN,27.360356638963204,-80.34356765584053,EPSG:32617
EMSR229_5_15RUN_x370965_y3291135_S1RTC,NaN,NaN,NaN,NaN,29.73236154344882,-94.32106542248574,EPSG:32615
EMSR429_2_29UNU_x530885_y5837405_S1RTC,2019-01-12,2019-01-26,2019-02-19,2019-02-19,52.674154024385174,-8.524361093187698,EPSG:32629
EMSR472_1_48QXE_x660025_y1932335_S1RTC,2019-08-29,2019-09-10,2019-10-12,2019-10-16,17.459771260972055,106.5189674950227,EPSG:32648
EMSR475_5_48QYD_x782375_y1821505_S1RTC,2019-08-29,2019-09-22,2019-10-28,2019-11-12,16.44687667551991,107.65632482925542,EPSG:32648
EMSR472_1_48QXD_x695865_y1881175_S1RTC,2019-08-25,2019-09-18,2019-10-12,2019-11-17,16.99469927993855,106.8517457421806,EPSG:32648
EMSR427_7_33VVC_x438135_y6267105_S1RTC,2018-12-24,2019-01-17,2019-03-01,2019-03-18,56.53292676690994,14.014887756947223,EPSG:32633
EMSR347_4_36LYJ_x735715_y8375965_S1RTC,2018-01-11,2018-02-28,2018-03-12,2018-04-05,-14.691050653295301,35.200801351478425,EPSG:32736
EMSR203_3_15SWA_x531695_y4089495_S1RTC,NaN,2016-04-14,2016-05-08,2016-05-08,36.939455249437344,-92.62974499985383,EPSG:32615
EMSR504_6_56HKH_x286245_y6252245_S1RTC,2020-01-17,2020-03-08,2020-03-20,2020-04-13,-33.86020789323342,150.70312504620236,EPSG:32756
EMSR184_4_55HCD_x373785_y6344975_S1RTC,2015-08-14,NaN,2015-10-01,2015-11-25,-33.03804448720135,145.66201453521805,EPSG:32755
EMSR471_5_33UXP_x635475_y5360885_S1RTC,2019-09-06,2019-09-26,2019-10-08,2019-10-17,48.374830141099,16.846674022761064,EPSG:32634
EMSR492_1_30TXP_x646315_y4838785_S1RTC,2019-11-21,2019-12-03,2020-01-02,2020-01-14,43.675939864700425,-1.1690823752219586,EPSG:32630
EMSR229_3_14RNR_x553105_y3061065_S1RTC,NaN,NaN,NaN,NaN,27.66116250964311,-98.44864214779291,EPSG:32614
EMSR203_3_15SVB_x437545_y4120955_S1RTC,NaN,2016-04-14,2016-05-08,2016-05-08,37.22161482767276,-93.68960267137696,EPSG:32615
EMSR184_4_55HCC_x357455_y6291925_S1RTC,2015-07-28,2015-09-02,2015-10-01,2015-10-20,-33.51438847484722,145.47891177289446,EPSG:32755
EMSR265_15_31UEQ_x575465_y5405495_S1RTC,2016-12-01,2017-01-06,2017-01-21,2017-02-14,48.78624114288648,4.04472860428879,EPSG:32631
EMSR311_3_17SPT_x696265_y3771815_S1RTC,2017-08-07,2017-08-19,2017-09-12,2017-10-06,34.05697396889804,-78.85967047178195,EPSG:32617
EMSR261_1_32UND_x554485_y5823775_S1RTC,2016-10-09,2016-10-23,2016-12-10,2016-12-10,52.54971834508213,9.82234776261078,EPSG:32632
EMSR251_3_32VNL_x523075_y6541555_S1RTC,2016-08-29,2016-09-27,2016-10-16,2016-10-21,59.00135410104998,9.423848240859778,EPSG:32632
EMSR332_8_32TQS_x300785_y5109655_S1RTC,2017-09-22,2017-10-04,2017-10-28,2017-11-02,46.100298569044824,12.439040017964746,EPSG:32633
EMSR629_2_42RVR_x469635_y3080595_S1RTC,2021-07-10,2021-08-03,2021-08-27,2021-09-20,27.838252469293185,68.70457765427373,EPSG:32642
EMSR712_6_32UND_x543535_y5800975_S1RTC,2022-11-09,2022-11-21,2022-12-18,2023-01-11,52.3457652635506,9.657809809088176,EPSG:32632
EMSR279_2_30TWN_x588665_y4770375_S1RTC,2017-02-09,2017-03-24,2017-04-10,2017-04-29,43.069276476367406,-1.8953176456881098,EPSG:32630
EMSR192_11_32TMR_x483165_y4997365_S1RTC,2015-10-01,2015-10-24,2015-11-22,2015-12-23,45.118109150485594,8.802169533522273,EPSG:32632
EMSR712_5_32UPD_x608865_y5818215_S1RTC,2022-11-07,2022-12-06,2022-12-30,2023-01-11,52.49146811537904,10.622237734743669,EPSG:32632
EMSR314_1_31PHK_x815955_y983085_S1RTC,2017-07-28,2017-09-02,2017-09-14,2017-10-08,8.870888672123543,5.883981764832138,EPSG:32631
EMSR706_1_31UDS_x418325_y5629435_S1RTC,2022-09-01,2022-10-12,2022-11-17,2022-11-29,50.79959641164028,1.859097230265879,EPSG:32631
EMSR385_5_17RQK_x713585_y2943095_S1RTC,2018-07-14,2018-08-19,2018-08-31,2018-09-27,26.58082782660956,-78.84265443106963,EPSG:32617
EMSR424_1_38LQJ_x708795_y8319255_S1RTC,2018-12-07,NaN,2019-02-05,2019-02-05,-15.205717406295083,46.95555650960732,EPSG:32738
EMSR311_3_17SQT_x728965_y3754815_S1RTC,2017-07-26,2017-08-19,2017-09-12,2017-10-06,33.897119639794106,-78.5101141281029,EPSG:32617
EMSR471_1_34UDV_x432025_y5436205_S1RTC,2019-09-04,2019-09-08,2019-10-10,2019-11-03,49.06362298333399,20.08691280600753,EPSG:32634
EMSR645_6_38LRH_x813025_y8226345_S1RTC,2021-11-16,2022-01-03,2022-01-27,2022-01-27,-16.034065917168537,47.937015006374914,EPSG:32739
EMSR550_1_56JKP_x226735_y6841435_S1RTC,2020-09-16,2020-10-12,2020-11-05,2020-12-11,-28.53696059098506,150.22038963446542,EPSG:32756
EMSR264_16_38KND_x523625_y7836285_S1RTC,2016-11-23,2016-12-17,2017-01-10,2017-02-03,-19.579706409624702,45.23741353336917,EPSG:32738
EMSR629_3_42RVS_x451185_y3117015_S1RTC,2021-06-24,2021-07-22,2021-08-23,2021-08-27,28.166486589027414,68.51574612575078,EPSG:32642
EMSR280_2_33VVH_x459225_y6728565_S1RTC,2017-03-11,2017-04-04,2017-04-16,2017-05-22,60.679349384730266,14.276946335638238,EPSG:32633
EMSR492_1_30TXP_x684715_y4861825_S1RTC,2019-11-21,2019-12-03,2020-01-08,2020-01-20,43.874600613039924,-0.6850697199932897,EPSG:32630
EMSR264_12_38KQV_x775235_y7483715_S1RTC,2016-11-13,2016-12-31,2017-01-05,2017-01-29,-22.742789925945875,47.69236963729235,EPSG:32739
EMSR261_2_32UNC_x578315_y5739045_S1RTC,2016-10-14,2016-10-21,2016-12-10,2017-01-15,51.785130874579444,10.153852007056354,EPSG:32633
EMSR166_4_33UUP_x376235_y5372425_S1RTC,2015-04-22,2015-05-04,2015-05-31,2015-06-09,48.48153587542629,13.342432365194282,EPSG:32633
EMSR763_1_33UVU_x440855_y5847485_S1RTC,2023-08-07,2023-08-29,2023-09-22,2023-10-11,52.76262615593795,14.142376767753122,EPSG:32633
EMSR763_1_33UVU_x458775_y5832125_S1RTC,2023-08-12,2023-08-29,2023-09-22,2023-10-11,52.62617125999788,14.409794265498059,EPSG:32633
EMSR352_9_39RTP_x244425_y3366245_S1RTC,2018-02-10,2018-02-22,2018-04-07,2018-05-01,30.389960864818097,48.35338975867749,EPSG:32638
EMSR712_6_32UNC_x558635_y5711995_S1RTC,2022-11-09,2022-11-21,2022-12-27,2023-01-20,51.54439301211099,9.86394501787645,EPSG:32633
EMSR399_1_48PWS_x583795_y1112985_S1RTC,2018-08-22,2018-10-09,2018-10-22,2018-11-14,10.056047963475594,105.77632889562388,EPSG:32648
EMSR264_1_39LTF_x275265_y8558105_S1RTC,2016-11-18,2016-12-12,2017-01-05,2017-01-29,-13.046360928147596,48.9393656830313,EPSG:32739
EMSR184_4_55HCC_x385615_y6253525_S1RTC,2015-07-28,2015-09-02,NaN,2015-10-20,-33.864005559001846,145.77715508858816,EPSG:32755
EMSR265_23_31TDN_x434645_y5289165_S1RTC,2016-12-06,2017-01-11,2017-01-23,2017-02-19,47.7411990017427,2.14523028367948,EPSG:32631
EMSR243_1_19QGA_x758735_y2008735_S1RTC,2016-07-28,NaN,2016-09-14,2016-10-13,18.140438035504946,-66.54255085696933,EPSG:32619
EMSR264_6_39KUA_x300025_y8075135_S1RTC,2016-11-13,2016-12-07,2016-12-31,2017-01-24,-17.412322424954283,49.12941288025604,EPSG:32739
EMSR264_9_39KTU_x265035_y7819035_S1RTC,2016-11-13,2016-12-31,2017-01-05,2017-01-24,-19.72187996976791,48.77030988090284,EPSG:32739
EMSR184_1_55HED_x584165_y6306065_S1RTC,NaN,2015-09-09,2015-10-03,2015-10-15,-33.39278933277063,147.91869685429506,EPSG:32755
EMSR437_4_30TXP_x690745_y4863955_S1RTC,2019-04-07,2019-04-07,2019-05-13,2019-05-13,43.892217262320194,-0.6093140823142631,EPSG:32630
EMSR475_5_48QYD_x774695_y1818945_S1RTC,2019-08-29,2019-09-22,2019-10-28,2019-11-12,16.424656546578376,107.5841509545747,EPSG:32648
EMSR203_3_15SWB_x534175_y4136185_S1RTC,NaN,2016-04-14,2016-05-08,2016-05-08,37.360227984786704,-92.59968272066395,EPSG:32615
EMSR779_3_33PVN_x445525_y1227865_S1RTC,2023-09-30,2023-10-24,2023-11-17,2023-12-11,11.095568101168656,14.512863904429159,EPSG:32633
EMSR471_2_34UDU_x440585_y5373025_S1RTC,2019-09-04,2019-09-16,2019-10-10,2019-10-31,48.49617996574626,20.21301751591141,EPSG:32634
EMSR203_3_15SVB_x481065_y4146555_S1RTC,NaN,2016-04-14,2016-05-08,2016-05-08,37.45420989667019,-93.1996742167529,EPSG:32615
EMSR184_4_55HCD_x386585_y6306575_S1RTC,2015-08-21,2015-09-02,NaN,2015-11-25,-33.38573315796477,145.7943226432611,EPSG:32755
EMSR203_3_15SWA_x518895_y4097175_S1RTC,NaN,2016-04-14,2016-05-08,2016-05-08,37.00904695115994,-92.77328312849431,EPSG:32615
EMSR637_1_55HEC_x591485_y6291245_S1RTC,2021-09-01,2021-09-13,2021-10-31,2021-12-06,-33.52583352419008,147.9989271540187,EPSG:32755
EMSR475_1_48QWF_x574045_y2071675_S1RTC,2019-08-25,2019-09-30,2019-10-24,2019-11-05,18.72363972774049,105.71444418336631,EPSG:32648
EMSR634_5_33TUJ_x349215_y4829815_S1RTC,2021-07-15,2021-09-05,2021-09-12,2021-10-11,43.59483162542724,13.147758128075038,EPSG:32633
EMSR429_7_29UNU_x568425_y5884445_S1RTC,2019-01-12,2019-01-29,2019-02-19,2019-02-22,53.09342834658969,-7.959148284715697,EPSG:32629
EMSR311_3_17SPT_x683465_y3779495_S1RTC,2017-08-07,2017-08-19,2017-09-12,2017-10-06,34.12853216374774,-78.99664974439855,EPSG:32617
EMSR397_1_31TCG_x320635_y4637305_S1RTC,2018-09-04,2018-09-28,2018-10-22,2018-11-21,41.85614646167289,0.8544936861261148,EPSG:32630
EMSR264_3_38LQJ_x800945_y8382165_S1RTC,2016-11-18,2016-12-12,2017-01-05,2017-01-29,-14.628529117707005,47.805382430260686,EPSG:32739
EMSR184_1_55HEC_x591765_y6281315_S1RTC,NaN,2015-09-09,2015-10-03,2015-10-15,-33.61535953900296,148.0029771367261,EPSG:32755
EMSR261_3_32UNC_x601695_y5763685_S1RTC,2016-10-14,2016-10-23,2016-12-13,2017-01-18,52.00278239164404,10.500049586942287,EPSG:32633
EMSR311_8_17SPV_x696355_y3906195_S1RTC,2017-07-26,2017-08-19,2017-09-12,2017-10-18,35.26792681500455,-78.8272996262197,EPSG:32617
EMSR773_6_31TBE_x778575_y4494065_S1RTC,2023-09-20,2023-10-02,2023-11-01,2023-12-07,40.53862320084673,0.30430253081825703,EPSG:32631
EMSR342_7_54KVF_x480745_y8000995_S1RTC,2017-12-21,2018-01-02,2018-02-19,2018-03-03,-18.091164902727666,140.8300699055761,EPSG:32754
EMSR346_3_36KXD_x692195_y7806345_S1RTC,2018-01-30,2018-02-23,2018-03-07,2018-03-31,-19.840860567508688,34.84742735714269,EPSG:32736
EMSR279_1_30TWN_x536855_y4726415_S1RTC,2017-02-21,2017-03-29,2017-04-10,2017-04-22,42.677790837525855,-2.5346199231730893,EPSG:32630
EMSR264_17_38KMD_x452325_y7802975_S1RTC,NaN,2016-12-17,2017-01-10,2017-02-03,-19.8803322971574,44.55676493047257,EPSG:32738
EMSR706_1_31UDR_x443765_y5587045_S1RTC,2022-09-01,2022-10-12,2022-11-17,2022-11-29,50.421385644163244,2.226333010185615,EPSG:32631
EMSR629_3_42RVS_x458865_y3132375_S1RTC,2021-06-24,2021-07-22,2021-08-23,2021-08-27,28.305391849270965,68.59344945464083,EPSG:32642
EMSR279_5_30TXM_x682295_y4603205_S1RTC,2017-02-17,2017-03-12,2017-04-11,2017-04-17,41.54797929921788,-0.7990170281181733,EPSG:32631
EMSR771_8_32TNQ_x593815_y4979725_S1RTC,2023-08-15,2023-09-24,2023-10-18,2023-11-11,44.95312470991368,10.205508856350523,EPSG:32632
EMSR265_6_31UDP_x473575_y5391485_S1RTC,2016-11-19,2017-01-14,2017-01-26,2017-02-19,48.664435080136194,2.6584391705737715,EPSG:32631
EMSR472_4_48PZC_x188095_y1760155_S1RTC,2019-08-20,2019-09-17,2019-10-11,2019-10-19,15.889620727444415,108.0993358056495,EPSG:32648
EMSR229_3_14RNR_x550545_y3091785_S1RTC,NaN,NaN,NaN,NaN,27.93857822020274,-98.4732615735569,EPSG:32614
EMSR251_2_32VMK_x463105_y6497175_S1RTC,2016-09-03,2016-10-04,2016-10-16,2016-10-28,58.602013495671876,8.387060248402326,EPSG:32632
EMSR472_1_48QWF_x591875_y1996015_S1RTC,2019-08-25,2019-09-18,2019-10-12,2019-11-14,18.039163514376327,105.88008030491352,EPSG:32648
EMSR199_10_17MNP_x551185_y9391925_S1RTC,2016-01-31,2016-02-24,2016-04-03,2016-04-03,-5.512621651115636,-80.52638464977743,EPSG:32717
EMSR277_3_35TMF_x461245_y4555355_S1RTC,2017-01-25,2017-03-02,2017-03-26,2017-04-19,41.13716543697703,26.55342171235819,EPSG:32635
EMSR280_2_33VVH_x461785_y6726005_S1RTC,2017-03-11,2017-04-04,2017-04-16,2017-05-22,60.65661109852978,14.324285360689865,EPSG:32633
EMSR778_12_16PEB_x603825_y1627275_S1RTC,2023-09-28,2023-11-03,2023-11-15,2023-11-27,14.705674348865088,-86.02375750727734,EPSG:32616
EMSR471_5_33UXP_x661075_y5350645_S1RTC,2019-09-06,2019-09-26,2019-10-08,2019-10-20,48.27670520740573,17.188191428661245,EPSG:32634
EMSR199_10_17MNQ_x546075_y9410895_S1RTC,2016-01-31,2016-02-24,2016-04-03,2016-04-12,-5.34104925357189,-80.57263825674269,EPSG:32717
EMSR564_1_38KND_x503795_y7817615_S1RTC,2020-12-08,2021-01-25,2021-02-06,2021-02-06,-19.74857742228524,45.048391569380236,EPSG:32738
EMSR664_7_32TQQ_x278375_y4919695_S1RTC,2022-03-16,2022-04-09,2022-05-15,2022-05-16,44.385560625713865,12.233653685977032,EPSG:32633
EMSR264_12_38KQA_x775505_y7496395_S1RTC,2016-11-13,2016-12-31,2017-01-05,2017-01-29,-22.628324184331152,47.69275873101065,EPSG:32739
EMSR352_7_39RTQ_x294975_y3486545_S1RTC,2018-02-17,2018-02-22,2018-04-06,2018-05-12,31.484309256313374,48.85504497884908,EPSG:32639
EMSR264_17_38KMD_x483045_y7843935_S1RTC,NaN,2016-12-17,2017-01-10,2017-02-03,-19.510666749920937,44.85055957491492,EPSG:32738
EMSR184_4_55HCD_x327705_y6342415_S1RTC,2015-08-14,2015-09-02,2015-10-01,2015-11-25,-33.05485848449054,145.1682539954501,EPSG:32755
EMSR279_4_30TXM_x621875_y4638225_S1RTC,2017-02-21,2017-03-12,2017-04-11,2017-04-17,41.87488727084321,-1.5159195939691965,EPSG:32631
EMSR779_3_33PWP_x505335_y1293745_S1RTC,2023-09-30,2023-11-05,2023-11-17,2023-12-23,11.691758725627109,15.060652648348452,EPSG:32633
EMSR348_5_36KXD_x658535_y7837505_S1RTC,2018-01-30,2018-02-23,2018-03-19,2018-03-31,-19.562407417252974,34.52343782583974,EPSG:32736
EMSR352_1_39STS_x776055_y3595505_S1RTC,2018-02-18,2018-03-14,2018-04-07,2018-05-01,32.45072541171797,47.950064680455704,EPSG:32639
EMSR279_2_30TWN_x573305_y4721735_S1RTC,2017-02-09,2017-03-24,2017-04-10,2017-04-29,42.632978755865004,-2.0904001007297217,EPSG:32630
EMSR279_2_30TWN_x598905_y4737095_S1RTC,2017-02-09,2017-03-24,2017-04-10,2017-04-29,42.76836859815416,-1.7755204659089805,EPSG:32630
EMSR480_2_35SLV_x355475_y3897675_S1RTC,2019-09-28,2019-10-18,2019-11-10,2019-11-22,35.200389673041634,25.426386241146332,EPSG:32635
EMSR352_1_39RTQ_x823285_y3464035_S1RTC,2018-02-18,2018-02-22,2018-04-07,2018-04-07,31.25396738243258,48.407875352439326,EPSG:32639
EMSR264_4_38LQJ_x786185_y8306315_S1RTC,2016-11-18,2016-12-12,2017-01-05,2017-01-29,-15.315166976177624,47.67697916171257,EPSG:32739
EMSR504_6_56HKH_x291365_y6265045_S1RTC,2020-01-17,2020-03-08,2020-03-20,2020-04-13,-33.74586928077134,150.7614410701673,EPSG:32756
EMSR264_7_39KUA_x327835_y8041775_S1RTC,2016-11-13,2016-12-07,2016-12-31,2017-02-05,-17.71602898636611,49.3884723842054,EPSG:32739
EMSR778_12_16PFB_x621715_y1624835_S1RTC,2023-09-11,2023-11-03,2023-11-15,2023-11-27,14.682858470503579,-85.85771911021264,EPSG:32616
EMSR637_17_55JGH_x794625_y6745275_S1RTC,2021-08-08,2021-09-11,2021-10-17,2021-10-29,-29.398459980793778,150.0490086006445,EPSG:32755
EMSR283_5_32VPN_x666075_y6725285_S1RTC,2017-03-21,2017-04-26,2017-05-08,2017-05-20,60.616898718319085,12.058156479093064,EPSG:32633
EMSR165_7_31UDP_x462575_y5389195_S1RTC,2015-04-23,2015-04-28,2015-06-03,2015-07-09,48.64329482858209,2.509253573534981,EPSG:32631
EMSR348_1_37KBA_x264695_y8035145_S1RTC,2018-01-30,2018-02-18,2018-03-14,2018-04-07,-17.77012734134615,36.79259514921793,EPSG:32737
EMSR407_2_30UXD_x670155_y5876575_S1RTC,2018-09-13,2018-10-24,2018-11-07,2018-11-29,52.99978761778267,-0.4453310338726029,EPSG:32631
EMSR184_3_55HDC_x422535_y6299755_S1RTC,2015-07-28,2015-09-02,2015-10-20,2015-10-20,-33.45039462955593,146.1802200378469,EPSG:32755
EMSR348_2_36KZE_x223625_y7946065_S1RTC,2018-01-30,2018-02-23,2018-03-19,2018-04-12,-18.569695903335194,36.39357069707399,EPSG:32737
EMSR472_5_49PBS_x264915_y1678975_S1RTC,2019-08-20,2019-09-13,2019-10-11,2019-10-19,15.164658894221718,108.82395459642129,EPSG:32649
EMSR167_3_31UFS_x668895_y5667955_S1RTC,2015-04-26,2015-05-03,2015-06-05,2015-07-02,51.126278334219286,5.431885456858002,EPSG:32631
EMSR779_3_33PVP_x476355_y1334745_S1RTC,2023-09-30,2023-11-05,2023-11-17,2023-12-11,12.062471386317071,14.794457940963367,EPSG:32633
EMSR550_1_56JKP_x239535_y6846555_S1RTC,2020-09-16,2020-10-12,2020-11-05,2020-12-11,-28.493407844361982,150.352236211035,EPSG:32756
EMSR203_4_15SVV_x408255_y3989145_S1RTC,2016-03-02,2016-04-14,2016-05-01,2016-05-08,36.031151585409404,-94.0041779125647,EPSG:32615
EMSR347_6_36LXH_x673535_y8265955_S1RTC,2018-01-23,2018-02-28,2018-03-12,2018-03-24,-15.690013861767131,34.63118616026961,EPSG:32736
EMSR479_1_15QVA_x428705_y2018335_S1RTC,2019-09-12,2019-10-06,2019-11-08,2019-11-23,18.241760438581828,-93.66231974809213,EPSG:32615
EMSR187_1_35TNL_x574425_y5040775_S1RTC,2015-08-29,2015-09-22,2015-10-08,2015-11-09,45.50492229372709,27.969022849574205,EPSG:32635
EMSR265_6_31UDP_x435175_y5378685_S1RTC,2016-11-19,2017-01-11,2017-01-23,2017-02-19,48.546569729800865,2.138933463939103,EPSG:32631
EMSR264_1_39LTF_x290625_y8563225_S1RTC,2016-11-18,2016-12-12,2017-01-05,2017-01-29,-13.001177164592512,49.08130605272437,EPSG:32739
EMSR261_3_32UNC_x578655_y5758565_S1RTC,2016-10-14,2016-10-23,2016-12-13,2017-01-18,51.960553660457855,10.163299449702407,EPSG:32633
EMSR502_2_29UNT_x528695_y5778685_S1RTC,2019-12-28,2020-02-02,2020-02-26,2020-03-21,52.14638301929845,-8.562010092649896,EPSG:32629
EMSR586_1_56HKH_x292945_y6236115_S1RTC,2021-05-02,2021-06-07,2021-07-01,2021-07-25,-34.00690259479299,150.77171739986076,EPSG:32756
EMSR482_3_16PDC_x410875_y1738965_S1RTC,2019-09-18,2019-11-07,2019-11-19,2019-12-01,15.715985870064575,-87.81992045503362,EPSG:32616
EMSR445_2_34TFR_x694215_y5010765_S1RTC,2019-05-02,2019-06-07,2019-06-24,2019-07-25,45.21176114541839,23.48954817334292,EPSG:32634
EMSR229_4_14RNS_x522445_y3175875_S1RTC,2016-07-10,NaN,NaN,NaN,28.698437852328667,-98.75716985039516,EPSG:32614
EMSR793_1_37LFD_x646675_y8345805_S1RTC,2024-01-13,2024-02-18,2024-03-13,2024-03-25,-14.97002894457713,40.375876614369076,EPSG:32737
EMSR642_3_32TQQ_x283285_y4936065_S1RTC,2021-10-07,2021-10-24,2021-11-17,2021-12-23,44.53424699161362,12.28841628518365,EPSG:32633
EMSR445_2_34TFR_x689095_y5008205_S1RTC,2019-05-02,2019-06-07,2019-06-24,2019-07-25,45.19013992931568,23.423426571238245,EPSG:32634
EMSR469_4_48QYD_x780205_y1826525_S1RTC,2019-08-05,2019-09-10,2019-10-04,2019-10-28,16.49246565613008,107.63663215621683,EPSG:32648
EMSR777_1_16QCE_x324215_y1932015_S1RTC,2023-09-29,2023-11-04,2023-11-16,2023-11-28,17.45589140829678,-88.64330462096615,EPSG:32616
EMSR229_4_14RPS_x605885_y3173525_S1RTC,2016-07-10,NaN,NaN,NaN,28.673001493926026,-97.90326433277664,EPSG:32614
EMSR261_3_32UPD_x633595_y5806265_S1RTC,2016-09-29,2016-10-30,2016-12-13,2017-01-01,52.37854588933482,10.981443688912595,EPSG:32632
EMSR261_1_32UND_x531445_y5839135_S1RTC,2016-10-11,2016-10-23,2016-12-10,2016-12-10,52.68967249925293,9.484092777966278,EPSG:32632
EMSR165_1_31UDP_x489605_y5343785_S1RTC,2015-04-23,2015-05-01,2015-05-29,2015-07-04,48.235743801592626,2.8771800106965055,EPSG:32631
EMSR264_16_38KMD_x501555_y7805605_S1RTC,2016-11-23,2016-12-17,2017-01-10,2017-02-03,-19.857114941205136,45.02702979117049,EPSG:32738
EMSR472_4_48PZC_x208575_y1708955_S1RTC,2019-08-20,2019-09-17,2019-10-11,2019-10-19,15.42973751908386,108.2965084307463,EPSG:32648
EMSR279_2_30TWN_x570745_y4737095_S1RTC,2017-02-09,2017-03-24,2017-04-10,2017-04-29,42.7715314720629,-2.119666980601678,EPSG:32630
EMSR328_2_13QDF_x420705_y2503705_S1RTC,2017-09-01,2017-10-07,2017-10-19,2017-10-29,22.62701245494684,-105.75922218054215,EPSG:32613
EMSR312_5_51QUV_x374045_y1923675_S1RTC,2017-08-04,2017-08-16,2017-09-09,2017-10-03,17.383842649162602,121.82632383134295,EPSG:32651
EMSR261_1_32UNC_x523945_y5788515_S1RTC,2016-10-11,2016-10-23,2016-12-10,2016-12-22,52.234996769301844,9.369305350033676,EPSG:32632
EMSR352_10_39RUP_x315095_y3378895_S1RTC,2018-02-10,2018-02-25,2018-04-06,2018-04-30,30.51688239091665,49.08624371054221,EPSG:32638
EMSR264_17_38KMD_x452325_y7818335_S1RTC,2016-12-10,2016-12-10,2017-01-10,2017-02-03,-19.741529987898218,44.557149287611466,EPSG:32738
EMSR637_17_55JGH_x766465_y6735035_S1RTC,2021-08-08,2021-09-11,2021-10-17,2021-10-29,-29.497093517113093,149.7616370114869,EPSG:32755
EMSR312_5_51QUV_x356125_y1936475_S1RTC,2017-08-04,2017-08-16,2017-09-09,2017-10-03,17.49844939030721,121.65681885664368,EPSG:32651
EMSR229_5_15RVP_x424195_y3327135_S1RTC,NaN,NaN,NaN,NaN,30.061572114404186,-93.77321652397126,EPSG:32615
EMSR779_1_33PVM_x488115_y1163255_S1RTC,2023-09-18,2023-10-24,2023-11-17,2023-12-23,10.511606252081314,14.90303398783652,EPSG:32633
EMSR777_1_16QCE_x334455_y1924335_S1RTC,2023-09-29,2023-11-04,2023-11-16,2023-11-28,17.387268915955744,-88.5463199170699,EPSG:32616
EMSR258_13_34TDK_x409285_y4467915_S1RTC,2016-09-29,2016-11-16,2016-11-28,2016-12-23,40.34552108484442,19.946881249174087,EPSG:32634
EMSR422_1_31TDG_x471325_y4648335_S1RTC,2018-11-17,2019-01-03,2019-01-27,2019-02-20,41.97505946408456,2.6692818429097653,EPSG:32631
EMSR283_2_32VPP_x355895_y6798535_S1RTC,2017-03-28,2017-04-09,2017-05-08,2017-05-20,61.2833242856602,12.334914748766524,EPSG:32632
EMSR261_1_32UND_x531445_y5836575_S1RTC,2016-10-11,2016-10-23,2016-12-10,2016-12-10,52.666659124456025,9.483838431290785,EPSG:32632
EMSR471_5_33UXP_x650835_y5332725_S1RTC,2019-09-06,2019-09-26,2019-10-08,2019-10-20,48.11812699081234,17.043847647798906,EPSG:32634
EMSR421_4_31TDH_x465385_y4732245_S1RTC,2018-11-28,2019-01-04,2019-01-16,2019-02-13,42.730514500942654,2.592737738465001,EPSG:32631
EMSR706_1_31UCS_x406055_y5632085_S1RTC,2022-09-06,2022-10-12,2022-11-17,2022-12-23,50.82158861946477,1.6843584153114892,EPSG:32631
EMSR470_1_31PBN_x275205_y1211175_S1RTC,2019-08-09,2019-09-20,2019-10-20,2019-10-20,10.938169098670938,0.9547660720789326,EPSG:32631
EMSR471_3_34UCU_x359405_y5371435_S1RTC,2019-09-09,2019-09-13,2019-10-15,2019-10-15,48.469129965013906,19.115134746219226,EPSG:32634
EMSR470_1_31PBM_x226495_y1165555_S1RTC,2019-08-21,2019-09-14,2019-10-20,2019-10-20,10.52265849080897,0.5127033930969301,EPSG:32631
EMSR264_12_38KQA_x765265_y7498955_S1RTC,NaN,2017-01-05,2017-01-05,2017-01-29,-22.606862555099365,47.59278153238866,EPSG:32739
EMSR229_5_15RVP_x429315_y3311775_S1RTC,NaN,NaN,NaN,NaN,29.923266529889638,-93.71910261020517,EPSG:32615
EMSR280_5_33VVH_x482915_y6770275_S1RTC,2017-03-11,2017-04-04,2017-04-21,2017-05-22,61.05545895724671,14.707175525854494,EPSG:32633
EMSR788_1_30UWU_x593285_y5313735_S1RTC,2023-11-25,2024-01-12,2024-01-24,2024-02-21,47.95846413310907,-1.7333691506799613,EPSG:32630
EMSR482_5_16PEC_x586565_y1725375_S1RTC,2019-09-20,2019-11-07,2019-11-19,2019-12-13,15.593135755904193,-86.18066229834253,EPSG:32616
EMSR265_26_31UCQ_x393685_y5432945_S1RTC,2016-12-06,2017-01-07,2017-01-26,2017-02-19,49.028962181189556,1.5630454412392971,EPSG:32631
EMSR472_3_48PZC_x803255_y1784225_S1RTC,2019-08-17,2019-09-10,2019-10-11,2019-10-23,16.107710247892946,107.84683141290034,EPSG:32648
EMSR203_2_15SVB_x421705_y4146905_S1RTC,NaN,2016-04-14,2016-05-08,2016-06-13,37.4543248859776,-93.87082583128407,EPSG:32615
EMSR203_3_15SVA_x475805_y4084385_S1RTC,NaN,2016-04-14,2016-05-08,2016-05-08,36.893689544201976,-93.25723942913184,EPSG:32615
EMSR229_4_14RPT_x615985_y3288565_S1RTC,2016-07-10,2016-07-22,2016-08-27,2016-09-08,29.71021155382182,-97.7877643856482,EPSG:32614
EMSR279_4_30TXM_x660275_y4627985_S1RTC,2017-02-17,2017-03-12,2017-04-11,2017-04-17,41.77579906248233,-1.0561792571225759,EPSG:32631
EMSR279_1_30TWN_x511255_y4762255_S1RTC,2017-02-21,2017-03-29,2017-04-10,2017-04-22,43.001384437863166,-2.8462699829060143,EPSG:32630
EMSR416_1_30TXP_x641175_y4824515_S1RTC,2018-10-09,2018-11-27,2018-12-08,2019-01-13,43.54851551583696,-1.2365735704259675,EPSG:32630
EMSR265_10_31UEP_x519665_y5343465_S1RTC,2016-12-04,2017-01-09,2017-01-21,2017-02-14,48.2325846405535,3.2819839033141736,EPSG:32631
EMSR779_3_33PVN_x486485_y1245785_S1RTC,2023-09-30,2023-10-24,2023-11-17,2023-12-11,11.258007271483434,14.887858482790962,EPSG:32633
EMSR712_6_32UND_x530735_y5818895_S1RTC,2022-11-09,2022-11-21,2022-12-18,2023-01-11,52.50776267644784,9.47163059597567,EPSG:32632
EMSR629_2_42RVR_x482435_y3078035_S1RTC,2021-07-10,2021-08-03,2021-08-27,2021-09-20,27.815359116504197,68.83460196696238,EPSG:32642
EMSR261_1_32UND_x554485_y5805855_S1RTC,2016-10-11,2016-10-23,2016-12-10,2016-12-10,52.388629797384034,9.819350764440856,EPSG:32632
EMSR229_4_14RPT_x618545_y3219445_S1RTC,2016-07-10,NaN,NaN,NaN,29.086274315871332,-97.7688409117682,EPSG:32614
EMSR486_2_32TNL_x543745_y4501515_S1RTC,2019-10-04,2019-11-09,2019-11-26,2019-12-03,40.651790780995235,9.532511570591506,EPSG:32632
EMSR184_4_55HCC_x303695_y6284245_S1RTC,NaN,2015-09-07,2015-10-01,2015-10-25,-33.57515500149976,144.89868189195013,EPSG:32755
EMSR486_2_32TNK_x554075_y4499245_S1RTC,2019-10-04,2019-11-02,2019-11-26,2019-12-03,40.63071405670216,9.654491615336147,EPSG:32632
EMSR279_2_30TXN_x624015_y4734945_S1RTC,2017-02-09,2017-03-18,2017-04-10,2017-04-17,42.745321581702534,-1.46917886153645,EPSG:32630
EMSR774_1_15QTA_x200325_y2006695_S1RTC,2023-09-20,2023-10-14,2023-11-04,2023-11-19,18.117048853589647,-95.81968962122725,EPSG:32615
EMSR777_1_16QCE_x319095_y1937135_S1RTC,2023-09-29,2023-11-04,2023-11-16,2023-11-28,17.501747463059523,-88.69193049280608,EPSG:32616
EMSR280_4_33VWH_x568675_y6759715_S1RTC,2017-03-11,2017-04-04,2017-04-16,2017-05-10,60.95478141858672,16.2915369102907,EPSG:32633
EMSR706_1_31UDS_x426005_y5621755_S1RTC,2022-09-01,2022-10-12,2022-11-17,2022-11-29,50.73155721782966,1.9695771735856444,EPSG:32631
EMSR280_5_33VVH_x441955_y6775395_S1RTC,2017-03-11,2017-04-04,2017-04-21,2017-05-22,61.09764287408346,13.94710718839914,EPSG:32633
EMSR229_5_15RVP_x429315_y3337375_S1RTC,NaN,NaN,NaN,NaN,30.154276897955253,-93.72077276726587,EPSG:32615
EMSR429_3_29UMV_x465765_y5958645_S1RTC,2018-12-17,2019-01-29,2019-02-19,2019-02-22,53.763903743696105,-9.500002764238484,EPSG:32629
EMSR788_2_30UWU_x594065_y5328725_S1RTC,2023-12-04,2024-01-12,2024-01-24,2024-02-21,48.09318204635068,-1.7195880841322346,EPSG:32630
EMSR312_6_51QUV_x358675_y1916725_S1RTC,2017-08-04,2017-08-16,2017-09-09,2017-10-03,17.320134083717022,121.6821134163112,EPSG:32651
EMSR407_2_30UXE_x674645_y5908005_S1RTC,2018-09-13,2018-10-14,2018-11-07,2018-12-01,53.28056530908657,-0.36124549032494857,EPSG:32631
EMSR166_4_33UUP_x381355_y5362185_S1RTC,2015-04-22,2015-05-04,2015-05-31,2015-06-09,48.39042386509684,13.41455788359535,EPSG:32633
EMSR184_4_55HCD_x394265_y6296335_S1RTC,2015-08-21,2015-09-02,NaN,2015-11-25,-33.478852202109024,145.87568987015084,EPSG:32755
EMSR165_7_31UDQ_x465165_y5401295_S1RTC,2015-04-23,2015-04-28,2015-06-03,2015-06-10,48.75228850031518,2.5434290298746296,EPSG:32631
EMSR233_10_19QDB_x413915_y2145555_S1RTC,2016-08-07,2016-08-31,2016-08-31,2016-09-24,19.390908422197437,-69.80768037291784,EPSG:32619
EMSR774_1_15QTA_x210565_y2022055_S1RTC,2023-09-20,2023-10-14,2023-11-04,2023-11-19,18.25711353420187,-95.7251645804635,EPSG:32615
EMSR264_6_39KUA_x335865_y8054655_S1RTC,2016-11-13,2016-12-07,2016-12-31,2017-01-24,-17.600255836844173,49.465163492723406,EPSG:32739
EMSR442_7_35WNU_x549845_y7803045_S1RTC,2019-04-22,2019-05-04,2019-06-08,2019-06-09,70.31676627647661,28.359987073032748,EPSG:32635
EMSR777_1_16QCE_x324215_y1906415_S1RTC,2023-09-29,2023-11-04,2023-11-16,2023-11-28,17.224582330571817,-88.64124654367477,EPSG:32616
EMSR264_12_38KQA_x788305_y7496395_S1RTC,NaN,2017-01-05,2017-01-05,2017-01-29,-22.626185858708087,47.81717521523155,EPSG:32739
EMSR264_4_38LQJ_x737545_y8296075_S1RTC,2016-11-23,2016-12-17,2017-01-10,2017-02-03,-15.412643249937524,47.22526901038258,EPSG:32739
EMSR187_1_35TNL_x566745_y5061255_S1RTC,2015-08-29,2015-09-22,2015-10-08,2015-11-09,45.69003262827803,27.873580212568132,EPSG:32635
EMSR337_1_34SEG_x546065_y4162235_S1RTC,2017-11-07,2017-12-18,2018-01-11,2018-02-10,37.5944940433327,21.536254976001608,EPSG:32634
EMSR261_2_32UNC_x580875_y5762085_S1RTC,2016-10-14,2016-10-21,2016-12-10,2017-01-15,51.99187147906182,10.196444421642381,EPSG:32633
EMSR203_4_15SVV_x418495_y3971225_S1RTC,2016-03-02,2016-04-14,2016-05-01,2016-05-08,35.870501981321944,-93.8887201684399,EPSG:32615
EMSR629_1_42RVR_x413795_y3050615_S1RTC,2021-07-06,2021-07-22,2021-08-23,2021-08-27,27.565254559651134,68.13965692892813,EPSG:32642
EMSR502_5_29UNT_x551585_y5748255_S1RTC,2019-12-28,2020-01-28,2020-02-21,2020-03-19,51.87109681446483,-8.232211263937055,EPSG:32629
EMSR664_6_32TPQ_x694105_y4930075_S1RTC,2022-03-04,2022-04-09,2022-05-15,2022-06-13,44.486084272052544,11.45708063688184,EPSG:32633
EMSR771_1_32TPQ_x706435_y4943295_S1RTC,2023-08-27,2023-09-24,2023-10-14,2023-11-19,44.60153556698232,11.617310942012521,EPSG:32632
EMSR779_3_33PVN_x486485_y1261145_S1RTC,2023-09-30,2023-10-24,2023-11-17,2023-12-11,11.396919909566753,14.887804356697247,EPSG:32633
EMSR261_3_32UNC_x601695_y5786725_S1RTC,2016-10-14,2016-10-23,2016-12-13,2017-01-18,52.20985893072173,10.507015384980047,EPSG:32633
EMSR779_1_33PWM_x515605_y1137655_S1RTC,2023-09-18,2023-10-24,2023-11-17,2023-12-23,10.280048911552983,15.15415456043716,EPSG:32633
EMSR184_4_55HCC_x336975_y6289365_S1RTC,2015-07-28,2015-09-02,NaN,2015-10-20,-33.53456456869785,145.25801911180244,EPSG:32755
EMSR311_8_17SQV_x716065_y3903825_S1RTC,2017-07-26,2017-08-19,2017-09-12,2017-10-18,35.24249097214708,-78.61139928955885,EPSG:32617
EMSR265_16_31UEP_x512785_y5369265_S1RTC,2016-12-04,2017-01-09,2017-01-21,2017-02-14,48.46488652949408,3.190198320754118,EPSG:32631
EMSR352_1_39RTQ_x823285_y3461475_S1RTC,2018-02-18,2018-02-22,2018-04-07,2018-04-07,31.23090977873899,48.407046584170764,EPSG:32639
EMSR352_1_38RQU_x801695_y3391715_S1RTC,2018-02-10,2018-02-22,2018-04-07,2018-04-07,30.60821285753069,48.15996304459031,EPSG:32638
EMSR350_2_50KPC_x634415_y7731725_S1RTC,2018-02-08,2018-02-15,2018-03-23,2018-04-04,-20.519851354575945,118.3014035779672,EPSG:32750
EMSR481_3_16PEC_x607045_y1743295_S1RTC,2019-09-03,2019-10-07,2019-10-31,2019-12-01,15.754324828581717,-85.98885518414727,EPSG:32616
EMSR416_1_30TXP_x646295_y4832195_S1RTC,2018-10-09,2018-11-27,2018-12-08,2019-01-13,43.616637332661,-1.1711311576031112,EPSG:32630
EMSR229_3_14RNR_x586385_y3053385_S1RTC,NaN,NaN,NaN,NaN,27.590084683618723,-98.11180324153281,EPSG:32614
EMSR779_1_33PVM_x462515_y1196535_S1RTC,2023-09-18,2023-10-24,2023-11-17,2023-12-23,10.812434576396083,14.668749058041831,EPSG:32633
EMSR429_1_29UMU_x495985_y5861495_S1RTC,2018-12-21,2019-01-26,2019-02-19,2019-02-22,52.89166464753351,-9.04072639763744,EPSG:32629
EMSR199_10_17MNQ_x535835_y9426255_S1RTC,2016-01-31,2016-02-24,2016-04-03,2016-04-12,-5.202154047656797,-80.66513353775372,EPSG:32717
EMSR326_3_30STF_x268485_y4042265_S1RTC,2017-09-17,2017-09-18,2017-10-18,2017-11-05,36.48656680103797,-5.57022786481458,EPSG:32630
EMSR352_1_39RTQ_x848885_y3420515_S1RTC,2018-02-17,2018-02-22,2018-04-06,2018-04-06,30.85468405302697,48.66116890996429,EPSG:32639
EMSR427_2_33VVE_x415325_y6411125_S1RTC,2018-12-24,2019-01-17,2019-02-17,2019-03-18,57.822825019369134,13.595919709410625,EPSG:32633
EMSR264_17_38KMD_x454885_y7838815_S1RTC,2016-12-10,2016-12-10,2017-01-10,2017-02-03,-19.55651502862221,44.58206136672448,EPSG:32738
EMSR332_1_32TPR_x652585_y5044625_S1RTC,2017-09-14,2017-09-26,2017-10-25,2017-11-13,45.52669160582084,10.970300361220813,EPSG:32633
EMSR165_6_31UDQ_x452705_y5412685_S1RTC,2015-04-23,2015-04-28,2015-06-03,2015-06-10,48.85394973795066,2.372648022399236,EPSG:32631
EMSR441_8_35WNS_x521265_y7617565_S1RTC,2019-04-05,2019-05-20,2019-06-01,2019-06-13,68.6576408157063,27.554966703508484,EPSG:32635
EMSR200_3_55KFS_x703805_y7670885_S1RTC,NaN,NaN,NaN,NaN,-21.06300055052129,148.9738117311049,EPSG:32756
EMSR348_14_36KXD_x660845_y7881585_S1RTC,2018-01-23,2018-02-16,2018-03-19,2018-04-12,-19.164000134528848,34.54170397464708,EPSG:32736
EMSR481_1_16PDC_x408315_y1736405_S1RTC,2019-09-18,2019-10-24,2019-11-05,2019-12-01,15.692753293194292,-87.84371634265959,EPSG:32616
EMSR352_1_39RTQ_x861685_y3430755_S1RTC,2018-02-17,2018-02-22,2018-04-06,2018-04-06,30.94302856476975,48.79840153772386,EPSG:32639
EMSR482_5_16PFC_x644705_y1756285_S1RTC,2019-09-25,2019-11-02,2019-11-14,2019-12-08,15.869813712014121,-85.63658303127451,EPSG:32616
EMSR326_2_30SUG_x353455_y4131595_S1RTC,2017-08-25,2017-09-24,2017-10-18,2017-10-19,37.30817616599367,-4.639266043033263,EPSG:32629
EMSR352_9_39RTP_x229065_y3358565_S1RTC,2018-02-10,2018-02-22,2018-04-07,2018-05-01,30.317403625628707,48.19566436506053,EPSG:32638
EMSR350_2_50KPC_x642095_y7741965_S1RTC,2018-02-08,2018-02-15,2018-03-23,2018-04-04,-20.42677930373542,118.37422309985064,EPSG:32750
EMSR759_1_34TCT_x358265_y5276515_S1RTC,2023-07-26,2023-08-31,2023-09-16,2023-10-10,47.615332227738534,19.13086703607546,EPSG:32633
EMSR445_2_34TFQ_x685805_y4994525_S1RTC,2019-05-18,2019-06-06,2019-06-23,2019-06-30,45.06798344348494,23.37646353331814,EPSG:32634
EMSR777_1_16QCE_x352375_y1942255_S1RTC,2023-09-29,2023-11-04,2023-11-16,2023-11-28,17.550438002924064,-88.37889037244513,EPSG:32616
EMSR280_3_33VWH_x541605_y6715715_S1RTC,2017-03-11,2017-04-04,2017-05-10,2017-05-29,60.56363934161367,15.78212072932043,EPSG:32633
EMSR280_5_33VVH_x441955_y6780515_S1RTC,2017-03-11,2017-04-04,2017-04-21,2017-05-22,61.143601154275686,13.945577106375067,EPSG:32633
EMSR779_1_33PVM_x485555_y1186295_S1RTC,2023-09-18,2023-10-24,2023-11-17,2023-12-23,10.719976850071767,14.879556341722282,EPSG:32633
EMSR416_1_30TXP_x641175_y4814275_S1RTC,2018-10-09,2018-11-27,2018-12-08,2019-01-13,43.456355199459665,-1.239254812053043,EPSG:32630
EMSR429_6_29UMU_x485845_y5899685_S1RTC,2018-12-21,2019-01-26,2019-02-19,2019-02-19,53.23481810535024,-9.192971337925577,EPSG:32629
EMSR548_1_33SWB_x512925_y4173385_S1RTC,2020-08-19,2020-09-24,2020-10-24,2020-11-11,37.69610215310842,15.161073651591318,EPSG:32633
EMSR332_8_32TQS_x311025_y5101975_S1RTC,2017-09-22,2017-10-04,2017-10-28,2017-11-02,46.03412955406622,12.574430454989564,EPSG:32633
EMSR311_3_17SPT_x668105_y3761575_S1RTC,2017-07-31,2017-08-19,2017-09-12,2017-10-06,33.969601802672734,-79.16661891535433,EPSG:32617
EMSR706_7_31UDR_x413425_y5588825_S1RTC,2022-09-01,2022-10-12,2022-11-17,2022-11-29,50.43376714912608,1.798916732654177,EPSG:32631
EMSR184_4_55HCC_x324175_y6253525_S1RTC,2015-07-28,2015-09-02,2015-10-01,2015-10-20,-33.85562814585949,145.11318027641536,EPSG:32755
EMSR475_1_48QWF_x571485_y2063995_S1RTC,2019-08-25,2019-09-30,2019-10-24,2019-11-05,18.65432408272876,105.68988168895504,EPSG:32648
EMSR184_4_55HCC_x403535_y6276565_S1RTC,2015-07-28,2015-09-02,NaN,2015-10-20,-33.65800495176548,145.97334071363383,EPSG:32755
EMSR444_1_34UGV_x327395_y5415955_S1RTC,2019-04-19,2019-06-02,2019-06-23,2019-07-05,48.86140403562105,24.663975176004993,EPSG:32634
EMSR354_2_37LEG_x606505_y8664425_S1RTC,2018-03-14,2018-03-26,2018-05-01,2018-05-25,-12.091348998217189,39.99037672312867,EPSG:32737
EMSR481_1_16PDB_x405685_y1689345_S1RTC,2019-09-20,2019-10-14,2019-11-05,2019-12-01,15.267244210084742,-87.8664851763003,EPSG:32616
EMSR264_5_38KPG_x673195_y8166625_S1RTC,2016-11-23,2016-12-17,2017-01-10,2017-02-03,-16.587643676336356,46.63536791196101,EPSG:32738
EMSR311_3_17SQT_x718725_y3765055_S1RTC,2017-07-26,2017-08-19,2017-09-12,2017-10-06,33.99158224063958,-78.61819681215503,EPSG:32617
EMSR442_6_34WFC_x422455_y7771095_S1RTC,2019-05-04,2019-05-18,2019-06-06,2019-06-11,70.02416818138059,24.999271837113454,EPSG:32635
EMSR265_6_31UDP_x427495_y5381245_S1RTC,2016-11-19,2017-01-11,2017-01-23,2017-02-19,48.56877180381063,2.0344502131508415,EPSG:32631
EMSR352_1_39RTQ_x833525_y3433315_S1RTC,2018-02-17,2018-02-22,2018-04-06,2018-04-06,30.974406360024496,48.50503374486548,EPSG:32639
EMSR265_15_31UEQ_x593385_y5431095_S1RTC,2016-12-01,2017-01-06,2017-01-21,2017-02-14,49.01400527620589,4.294563830730662,EPSG:32631
EMSR742_1_34VFJ_x650915_y6311065_S1RTC,2023-06-19,2023-07-06,2023-07-30,2023-09-04,56.90677254483884,23.49934693896583,EPSG:32635
EMSR445_2_34TFR_x660935_y5036365_S1RTC,2019-05-02,2019-06-07,2019-06-24,2019-07-25,45.450497037779186,23.0744295896131,EPSG:32634
EMSR554_3_55JGG_x739345_y6661265_S1RTC,2020-09-28,2020-11-15,2020-11-27,2020-12-23,-30.16773803636774,149.49864251172082,EPSG:32755
EMSR265_14_31UEQ_x525115_y5417955_S1RTC,2016-12-04,2017-01-06,2017-01-21,2017-02-14,48.902502189735166,3.3601003975326362,EPSG:32631
EMSR233_10_19QCB_x394275_y2135385_S1RTC,NaN,2016-08-07,2016-08-31,NaN,19.298085684077133,-69.99414451219059,EPSG:32619
EMSR779_1_33PVM_x477875_y1183735_S1RTC,2023-09-18,2023-10-24,2023-11-17,2023-12-23,10.696788806629115,14.809335100725331,EPSG:32633
EMSR487_1_32TPQ_x656135_y4945215_S1RTC,2019-10-15,2019-11-15,2019-12-09,2020-01-07,44.631575498713815,10.98451874064465,EPSG:32632
EMSR280_4_33VWH_x545635_y6744355_S1RTC,2017-03-11,2017-04-04,2017-04-16,2017-05-10,60.820299207635344,15.862474234448486,EPSG:32633
EMSR698_3_30VUH_x406105_y6244035_S1RTC,2022-08-31,2022-09-02,2022-10-01,2022-10-08,56.32051224112125,-4.497543164324704,EPSG:32630
EMSR264_8_39KTU_x275495_y7869055_S1RTC,2016-11-13,2016-12-07,2016-12-31,2017-01-24,-19.27136590433583,48.87596339781262,EPSG:32739
EMSR342_7_54KVF_x465385_y8008675_S1RTC,2017-12-21,2018-01-02,2018-02-19,2018-03-03,-18.02156713260682,140.68502651035206,EPSG:32754
EMSR771_8_32TNQ_x604055_y4977165_S1RTC,2023-08-15,2023-09-24,2023-10-18,2023-11-11,44.928641870478806,10.33475948124897,EPSG:32632
EMSR779_1_33PWM_x561685_y1112055_S1RTC,2023-09-18,2023-10-24,2023-11-17,2023-12-23,10.048048600194427,15.57455160280308,EPSG:32633
EMSR352_1_39STS_x850295_y3605745_S1RTC,2018-02-18,2018-03-13,2018-04-06,2018-05-01,32.521946499143695,48.74230658404172,EPSG:32639
EMSR444_4_34UGV_x314245_y5435975_S1RTC,2019-04-19,2019-06-02,2019-06-23,2019-07-01,49.03755321489936,24.475788928137348,EPSG:32634
EMSR629_3_42RVS_x446065_y3122135_S1RTC,2021-06-24,2021-07-22,2021-08-23,2021-08-27,28.212508723573656,68.46336360598994,EPSG:32642
EMSR479_1_15QVA_x459425_y1997855_S1RTC,2019-09-12,2019-10-06,2019-11-08,2019-11-23,18.05744020578876,-93.37135415336373,EPSG:32615
EMSR264_5_38LPH_x652815_y8215825_S1RTC,2016-11-23,2016-12-17,2017-01-10,2017-02-03,-16.144425969524384,46.44111740647707,EPSG:32738
EMSR165_5_31UDQ_x415725_y5428695_S1RTC,2015-04-24,2015-04-28,2015-06-03,2015-06-10,48.9940987593809,1.8653530387298,EPSG:32631
EMSR483_3_33SXD_x675225_y4360205_S1RTC,2019-10-13,2019-10-25,2019-11-18,2019-12-12,39.3618098605571,17.048689082233704,EPSG:32633
EMSR637_1_55HFC_x610465_y6294975_S1RTC,2021-09-01,2021-09-13,2021-10-31,2021-12-06,-33.49038076570186,148.2028202381848,EPSG:32755
EMSR788_6_30TWT_x575165_y5283035_S1RTC,2023-12-11,2024-01-09,2024-01-24,2024-02-26,47.68470594847749,-1.9814589976461505,EPSG:32630
EMSR756_8_33UWT_x561855_y5735625_S1RTC,2023-07-16,2023-09-02,2023-09-17,2023-10-20,51.75648404895175,15.91463936741047,EPSG:32633
EMSR445_1_35UMP_x457695_y5342105_S1RTC,2019-05-08,2019-06-09,2019-06-21,2019-06-25,48.21936779578848,26.44762006731867,EPSG:32635
EMSR788_6_30TWT_x567485_y5277915_S1RTC,2023-12-11,2024-01-09,2024-01-24,2024-02-26,47.63950621990197,-2.0845842170942466,EPSG:32630
EMSR314_2_32NKP_x256575_y863655_S1RTC,2017-07-23,2017-08-28,2017-09-21,2017-10-15,7.796044450066654,6.804214489054262,EPSG:32632
EMSR350_2_50KPC_x688175_y7718925_S1RTC,2018-02-15,2018-02-15,2018-03-23,2018-04-04,-20.630822245006893,118.81821756513855,EPSG:32750
EMSR229_5_15RUP_x401705_y3300415_S1RTC,NaN,NaN,NaN,2016-10-04,29.818890612061512,-94.00408950616855,EPSG:32615
EMSR261_3_32UND_x598855_y5793055_S1RTC,2016-10-06,2016-10-30,2016-12-10,2017-01-18,52.26727408150935,10.467341009862674,EPSG:32633
EMSR311_3_17SPT_x688585_y3733415_S1RTC,2017-08-07,2017-08-19,2017-09-12,2017-10-06,33.71228455944751,-78.95112875289534,EPSG:32617
EMSR332_8_32TQR_x297635_y5093135_S1RTC,2017-09-22,2017-10-04,2017-10-28,2017-11-09,45.95084659903832,12.405290484835335,EPSG:32632
EMSR763_1_33UVU_x463895_y5827005_S1RTC,2023-08-12,2023-08-29,2023-09-22,2023-10-11,52.58049678935614,14.48597070633973,EPSG:32633
EMSR470_1_31PBM_x249535_y1175795_S1RTC,2019-08-21,2019-09-14,2019-10-20,2019-10-20,10.616779917473334,0.722411217421348,EPSG:32631
EMSR280_1_33VVH_x420695_y6715485_S1RTC,2017-03-11,2017-04-04,2017-04-16,2017-05-22,60.556286097611995,13.577022212541706,EPSG:32632
EMSR203_4_15SVA_x413575_y4022055_S1RTC,2016-03-02,2016-04-14,2016-05-01,2016-05-08,36.32829666857813,-93.94870610722583,EPSG:32615
EMSR187_1_35TNL_x576985_y5033095_S1RTC,2015-08-29,2015-09-22,2015-10-08,2015-11-09,45.435521104854814,28.000564197267778,EPSG:32635
EMSR570_1_56JNN_x522785_y6798955_S1RTC,2021-02-04,2021-03-19,2021-03-31,2021-04-12,-28.948635649476042,153.24690038617163,EPSG:32756
EMSR422_1_31TDG_x461085_y4609935_S1RTC,2018-11-21,2019-01-03,2019-01-27,2019-02-20,41.62877970919135,2.548124707105934,EPSG:32631
EMSR472_1_48QYD_x723505_y1878975_S1RTC,2019-08-20,2019-09-18,2019-10-12,2019-11-17,16.972300913726936,107.11102693800572,EPSG:32648
EMSR280_5_33VVH_x452195_y6775395_S1RTC,2017-03-11,2017-04-04,2017-04-21,2017-05-22,61.098988424011104,14.136996626760777,EPSG:32633
EMSR779_1_33PWM_x523285_y1112055_S1RTC,2023-09-18,2023-10-24,2023-11-17,2023-12-23,10.04847095349877,15.224129530655013,EPSG:32633
EMSR422_1_31TDG_x461085_y4615055_S1RTC,2018-11-21,2019-01-03,2019-01-27,2019-02-20,41.67489521472083,2.5478023014333933,EPSG:32631
EMSR274_6_39KTV_x285025_y7911645_S1RTC,2017-02-05,2017-02-17,2017-03-18,2017-04-06,-18.88772841538848,48.97128847496318,EPSG:32739
EMSR424_1_38LQJ_x757435_y8306455_S1RTC,2018-12-07,NaN,2019-02-05,2019-02-05,-15.31694905891338,47.40940869538954,EPSG:32738
EMSR280_3_33VWH_x531365_y6720835_S1RTC,2017-03-11,2017-04-04,2017-05-10,2017-05-29,60.61056907572366,15.596205818073896,EPSG:32633
EMSR502_5_29UNT_x549025_y5753375_S1RTC,2019-12-28,2020-01-28,2020-02-21,2020-03-19,51.917364350362305,-8.26864484738339,EPSG:32629
EMSR427_2_33VVD_x408735_y6347765_S1RTC,2018-12-24,2019-01-17,2019-02-17,2019-03-18,57.25259998876678,13.508441686444115,EPSG:32632
EMSR265_26_31UCQ_x383445_y5448305_S1RTC,2016-12-06,2017-01-07,2017-01-26,2017-02-19,49.165250943823004,1.4186321046146209,EPSG:32631
EMSR429_7_29UNU_x583785_y5897245_S1RTC,2019-01-12,2019-01-29,2019-02-19,2019-02-22,53.206235329836325,-7.726429346859635,EPSG:32629
EMSR229_5_15RUP_x383785_y3308095_S1RTC,NaN,NaN,NaN,2016-10-04,29.886646845039042,-94.19034019614807,EPSG:32615
EMSR203_2_15SVB_x408905_y4141785_S1RTC,NaN,2016-04-14,2016-05-08,2016-06-13,37.407026697108165,-94.01490637382827,EPSG:32615
EMSR184_4_55HCD_x373785_y6342415_S1RTC,2015-08-14,2015-09-02,2015-10-01,2015-11-25,-33.06113015326882,145.6616653177213,EPSG:32755
EMSR184_1_55HEC_x599445_y6286435_S1RTC,NaN,2015-09-09,2015-10-03,2015-10-15,-33.568488957458385,148.08517719942847,EPSG:32755
EMSR348_14_36KXD_x663405_y7889265_S1RTC,2018-01-23,2018-02-16,2018-03-19,2018-04-12,-19.09441177999808,34.565388112897196,EPSG:32736
EMSR352_1_39RTQ_x823285_y3494755_S1RTC,2018-02-18,2018-02-22,2018-04-07,2018-04-07,31.530650606037497,48.41789517643163,EPSG:32639
EMSR507_3_51LYK_x768925_y8986715_S1RTC,2020-02-10,2020-03-05,2020-03-29,2020-04-10,-9.169897584922744,125.45872271020788,EPSG:32751
EMSR469_4_48QYD_x769965_y1829085_S1RTC,2019-08-05,2019-09-10,2019-10-04,2019-10-28,16.51677211750126,107.5410854772434,EPSG:32648
EMSR243_2_19QGV_x790835_y1999795_S1RTC,2016-07-28,2016-08-21,NaN,2016-10-27,18.055616077946016,-66.24067043064134,EPSG:32619
EMSR265_6_31UDP_x473575_y5376125_S1RTC,2016-11-19,2017-01-14,2017-01-26,2017-02-19,48.52625511127631,2.659369365242354,EPSG:32631
EMSR471_3_34UCU_x372205_y5394475_S1RTC,2019-09-09,2019-09-13,2019-10-15,2019-10-15,48.67901660616124,19.281211210711724,EPSG:32634
EMSR421_3_31TDH_x418135_y4765355_S1RTC,2018-11-21,2019-01-08,2019-01-20,2019-02-13,43.025128942833945,2.0108672526605686,EPSG:32631
EMSR279_11_31TBF_x293145_y4495265_S1RTC,2017-02-17,2017-03-25,2017-04-12,2017-05-06,40.57117591156581,0.5713598310581496,EPSG:32631
EMSR261_1_32UNC_x531625_y5785955_S1RTC,2016-10-11,2016-10-23,2016-12-10,2016-12-22,52.21157621417638,9.481513488109465,EPSG:32632
EMSR779_1_33PVM_x465075_y1173495_S1RTC,2023-09-18,2023-10-24,2023-11-17,2023-12-23,10.604083980309376,14.692378093123041,EPSG:32633
EMSR328_1_13QDF_x412885_y2530415_S1RTC,2017-09-01,2017-10-05,2017-10-17,2017-10-29,22.867899495087066,-105.8367813879081,EPSG:32613
EMSR407_2_30UXE_x682325_y5892645_S1RTC,2018-09-13,2018-10-12,2018-11-07,2018-11-29,53.14004850693485,-0.2550249015629123,EPSG:32631
EMSR280_2_33VVH_x461785_y6710645_S1RTC,2017-03-11,2017-04-04,2017-04-16,2017-05-22,60.518711471235235,14.32715947408564,EPSG:32633
EMSR777_5_16QCE_x349895_y1953755_S1RTC,2023-09-29,2023-11-04,2023-11-16,2023-11-28,17.654191218725884,-88.403053893177,EPSG:32616
EMSR507_2_51LZL_x830105_y9061185_S1RTC,2020-02-10,2020-03-05,2020-03-29,2020-04-10,-8.493030327173196,126.00949495758498,EPSG:32751
EMSR779_3_33PVN_x473685_y1238105_S1RTC,2023-09-30,2023-10-24,2023-11-17,2023-12-11,11.188483530359346,14.770641616644758,EPSG:32633
EMSR793_1_37LFD_x669715_y8356045_S1RTC,2024-01-13,2024-02-18,2024-03-13,2024-03-25,-14.876089450350678,40.589404275767734,EPSG:32737
EMSR200_12_56JNN_x513685_y6799335_S1RTC,2016-01-26,2016-02-26,2016-04-02,2016-04-26,-28.945344687676474,153.15351275112621,EPSG:32756
EMSR793_1_37LFD_x656915_y8327885_S1RTC,2024-01-13,2024-02-18,2024-03-13,2024-03-25,-15.131399199984672,40.47219472310156,EPSG:32737
EMSR416_1_30TXP_x671895_y4832195_S1RTC,2018-10-09,2018-11-27,2018-12-08,2019-01-13,43.61112318285023,-0.8540675014849816,EPSG:32630
EMSR470_1_31PBM_x226495_y1168115_S1RTC,2019-08-21,2019-09-14,2019-10-20,2019-10-20,10.545789888153896,0.5125177436427508,EPSG:32631
EMSR265_22_31UDQ_x413515_y5428805_S1RTC,2016-12-06,2017-01-06,2017-01-26,2017-02-19,48.9947870396431,1.8351247382912934,EPSG:32631
EMSR348_5_36KXD_x668775_y7832385_S1RTC,2018-01-30,2018-02-23,2018-03-19,2018-03-31,-19.607808648613883,34.62148852175461,EPSG:32736
EMSR348_2_36KZE_x223625_y7943505_S1RTC,2018-01-30,2018-02-23,2018-03-19,2018-04-12,-18.59280934558348,36.39321908571471,EPSG:32737
EMSR328_2_13QDF_x425825_y2501145_S1RTC,2017-09-01,2017-10-07,2017-10-19,2017-10-29,22.60411555660114,-105.70928328115109,EPSG:32613
EMSR629_3_42RVS_x438385_y3111895_S1RTC,2021-06-24,2021-07-22,2021-08-23,2021-08-27,28.119747432889195,68.38563150059944,EPSG:32642
EMSR472_1_48QXE_x608825_y1975855_S1RTC,2019-09-03,2019-09-15,2019-10-12,2019-10-21,17.85617874432481,106.03914141579041,EPSG:32648
EMSR261_2_32UNC_x578315_y5767205_S1RTC,2016-10-14,2016-10-21,2016-12-10,2017-01-15,52.03826840738807,10.160358777728574,EPSG:32633
EMSR481_1_16PCC_x393375_y1705725_S1RTC,2019-09-14,2019-10-12,2019-11-05,2019-11-13,15.414840720949655,-87.98180890022735,EPSG:32616
EMSR192_7_32TLQ_x398615_y4979485_S1RTC,2015-09-23,2015-10-29,2015-11-22,2015-12-04,44.95027532034703,7.730912648751729,EPSG:32632
EMSR756_1_33UWS_x573835_y5646085_S1RTC,2023-07-28,2023-09-02,2023-09-14,2023-10-11,50.95000864051891,16.06927070545609,EPSG:32633
EMSR712_6_32UND_x553775_y5800975_S1RTC,2022-11-09,2022-11-21,2022-12-18,2023-01-11,52.344832883043466,9.808118066420748,EPSG:32632
EMSR348_1_37KBA_x287735_y8030025_S1RTC,2018-01-25,2018-02-18,2018-03-14,2018-04-07,-17.818705939818525,37.00929768631728,EPSG:32737
EMSR184_4_55HCC_x308815_y6276565_S1RTC,2015-07-28,2015-09-07,2015-10-01,2015-10-25,-33.64530450488227,144.9521784432195,EPSG:32755
EMSR311_3_17SPT_x668105_y3774375_S1RTC,2017-07-31,2017-08-19,2017-09-12,2017-10-06,34.08498410551605,-79.16413497424492,EPSG:32617
EMSR187_1_35TNL_x569305_y5056135_S1RTC,2015-08-29,2015-09-22,2015-10-08,2015-11-09,45.64369782244662,27.90571072222794,EPSG:32635
EMSR551_1_38SNE_x533065_y3948605_S1RTC,2020-09-21,2020-11-08,2020-11-14,2020-11-19,35.66924315117333,45.37943627787268,EPSG:32638
EMSR410_1_38PKT_x288555_y1279405_S1RTC,2018-09-27,2018-10-21,2018-11-26,2018-12-08,11.555674251764131,43.0727748812747,EPSG:32638
EMSR427_4_33VUE_x692015_y6407325_S1RTC,2018-12-29,2019-01-17,2019-02-22,2019-03-18,57.754814839833465,12.248628056027039,EPSG:32632
EMSR471_5_33UXP_x658515_y5360885_S1RTC,2019-09-06,2019-09-26,2019-10-08,2019-10-20,48.36941710145751,17.15759363572427,EPSG:32634
EMSR416_1_30TXP_x674455_y4824515_S1RTC,2018-10-10,2018-11-27,2018-12-08,2019-01-13,43.54142131061372,-0.8248561603755441,EPSG:32630
EMSR264_9_39KTU_x249675_y7803675_S1RTC,2016-11-13,2016-12-31,2017-01-05,2017-01-24,-19.85868456412269,48.62178841526356,EPSG:32739
EMSR472_5_49PBS_x272595_y1673855_S1RTC,2019-08-20,2019-09-13,2019-10-11,2019-10-19,15.119078171155346,108.8958535506589,EPSG:32649
EMSR184_4_55HCC_x326735_y6258645_S1RTC,2015-07-28,2015-09-02,2015-10-01,2015-10-25,-33.80989480759986,145.1418393147659,EPSG:32755
EMSR264_17_38KMD_x467685_y7846495_S1RTC,2016-12-10,2016-12-10,2017-01-10,2017-02-03,-19.487351701820355,44.70421209046666,EPSG:32738
EMSR352_7_39RTQ_x289855_y3489105_S1RTC,2018-02-17,2018-02-22,2018-04-06,2018-05-12,31.50647554531295,48.800637745405076,EPSG:32639
EMSR264_16_38KND_x538985_y7838845_S1RTC,2016-11-23,2016-12-17,2017-01-10,2017-02-03,-19.55631969110929,45.38380947490388,EPSG:32738
EMSR264_7_39KUA_x332955_y8031535_S1RTC,2016-11-13,2016-12-07,2016-12-31,2017-02-05,-17.808942371579175,49.435937488791026,EPSG:32739
EMSR429_6_29UMU_x501205_y5838245_S1RTC,2018-12-21,2019-01-26,2019-02-19,2019-02-19,52.68265416425017,-8.963314367895851,EPSG:32629
EMSR332_1_32TPR_x683305_y5029265_S1RTC,2017-09-14,2017-09-26,2017-10-25,2017-11-13,45.381090554419,11.357619981974596,EPSG:32633
EMSR777_1_16QCE_x337015_y1906415_S1RTC,2023-09-29,2023-11-04,2023-11-16,2023-11-28,17.22552769231014,-88.520896147117,EPSG:32616
EMSR200_3_55KFS_x698685_y7658085_S1RTC,NaN,NaN,NaN,NaN,-21.179155102061888,148.92604734527336,EPSG:32756
EMSR265_6_31UDQ_x442995_y5413795_S1RTC,2016-12-06,2017-01-06,2017-01-23,2017-02-19,48.86313806928729,2.2401397406794192,EPSG:32631
EMSR233_10_19QDB_x406235_y2135315_S1RTC,2016-08-07,2016-08-31,2016-08-31,2016-09-24,19.298037441099844,-69.88031769073204,EPSG:32619
EMSR279_6_30TYM_x708505_y4596055_S1RTC,2017-02-17,2017-03-18,2017-04-11,2017-05-05,41.477196383408014,-0.4875254667261781,EPSG:32631
EMSR429_3_29UMV_x496485_y5981685_S1RTC,2018-12-19,2019-01-29,2019-02-19,2019-02-22,53.97202772164324,-9.03414973625016,EPSG:32629
EMSR311_3_17SQT_x744325_y3754815_S1RTC,2017-07-26,2017-08-19,2017-09-12,2017-10-06,33.89365157848203,-78.34415784798712,EPSG:32617
EMSR321_1_16PDA_x437375_y1501025_S1RTC,2017-08-30,2017-09-12,2017-10-05,2017-11-05,13.565546796960467,-87.56704670267267,EPSG:32616
EMSR664_4_32TQQ_x729715_y4908595_S1RTC,2022-03-05,2022-03-29,2022-05-15,2022-06-20,44.2824438172439,11.894840356583193,EPSG:32632
EMSR629_1_42RVR_x426595_y3053175_S1RTC,2021-07-06,2021-07-22,2021-08-23,2021-08-27,27.589106417503245,68.26915879374039,EPSG:32642
EMSR243_1_19QGA_x756175_y1998495_S1RTC,2016-07-28,NaN,2016-09-14,2016-10-13,18.048274516021785,-66.5680060712644,EPSG:32619
EMSR184_4_55HCC_x383055_y6266325_S1RTC,2015-07-28,2015-09-02,NaN,2015-10-20,-33.748309611707185,145.75116243764458,EPSG:32755
EMSR788_5_30TWT_x583915_y5294915_S1RTC,2023-12-11,2024-01-12,2024-01-24,2024-02-21,47.79048234260097,-1.8625647062437227,EPSG:32630
EMSR265_26_31UCQ_x383445_y5458545_S1RTC,2016-12-06,2017-01-07,2017-01-26,2017-02-19,49.25732747856989,1.415691749839367,EPSG:32631
EMSR314_1_31PGK_x794165_y970195_S1RTC,2017-07-16,2017-09-02,2017-09-14,2017-10-08,8.75590208345405,5.685199312828983,EPSG:32632
EMSR184_4_55HCC_x316495_y6276565_S1RTC,2015-07-28,2015-09-02,2015-10-01,2015-10-20,-33.646648235460916,145.03494933452131,EPSG:32755
EMSR504_6_56HKH_x288805_y6252245_S1RTC,2020-01-17,2020-03-08,2020-03-20,2020-04-13,-33.86072036793,150.73077911499806,EPSG:32756
EMSR332_1_32TPR_x662825_y5031825_S1RTC,2017-09-14,2017-09-26,2017-10-25,2017-11-13,45.40921740618503,11.097070212308317,EPSG:32633
EMSR264_5_38KQG_x718295_y8197265_S1RTC,2016-11-23,2016-12-17,2017-01-10,2017-02-03,-16.30708622143156,47.05501265332001,EPSG:32738
EMSR200_6_55KEU_x535645_y7823845_S1RTC,2016-02-03,2016-03-10,2016-04-03,2016-04-27,-19.69193801599583,147.35226409108648,EPSG:32755
EMSR314_3_32NKN_x265575_y721745_S1RTC,2017-07-11,2017-08-16,2017-09-21,2017-10-03,6.513632995048443,6.891684461211738,EPSG:32632
EMSR706_4_31UDS_x435895_y5637225_S1RTC,2022-09-01,2022-10-07,2022-11-05,2022-12-06,50.87181316382555,2.107048876516657,EPSG:32631
EMSR229_3_14RPS_x611355_y3129335_S1RTC,2016-07-10,NaN,NaN,NaN,28.27372857008738,-97.85161182824083,EPSG:32614
EMSR419_6_40RFR_x652915_y3068595_S1RTC,2018-11-20,2018-12-14,2019-01-07,2019-01-23,27.72139822307211,58.56409076956585,EPSG:32640
EMSR429_6_29UMU_x498645_y5828005_S1RTC,2018-12-21,2019-01-26,2019-02-19,2019-02-19,52.5906023994873,-9.00118092617918,EPSG:32629
EMSR502_5_29UNT_x551585_y5750815_S1RTC,2019-12-28,2020-01-28,2020-02-21,2020-03-19,51.89411206029285,-8.231819057388005,EPSG:32629
EMSR468_5_32TMR_x467515_y5000815_S1RTC,2019-08-05,2019-09-22,2019-10-04,2019-10-04,45.148646347413646,8.602982973851804,EPSG:32632
EMSR388_2_30SXH_x702245_y4229475_S1RTC,2018-07-29,2018-08-10,2018-09-10,2018-10-09,38.178753458112254,-0.6764339971104582,EPSG:32630
EMSR728_6_32UNU_x606855_y5351605_S1RTC,2023-04-09,2023-04-29,2023-06-04,2023-06-16,48.29692229617628,10.457954659120979,EPSG:32632
EMSR645_6_38LRH_x807905_y8200745_S1RTC,2021-11-16,2022-01-03,2022-01-27,2022-01-27,-16.26585077104206,47.89257398929927,EPSG:32739
EMSR481_1_16PDC_x428795_y1733845_S1RTC,2019-09-18,2019-10-19,2019-11-05,2019-12-01,15.670264601700174,-87.65253134706333,EPSG:32616
EMSR427_10_33VVD_x453205_y6293015_S1RTC,2018-12-24,2019-01-17,2019-03-01,2019-03-30,56.76738288761469,14.255305115892773,EPSG:32633
EMSR427_10_33VVC_x458055_y6285605_S1RTC,2018-12-24,2019-01-17,2019-03-01,2019-03-18,56.70126532574763,14.335818349189879,EPSG:32633
EMSR314_1_31PHK_x805715_y983085_S1RTC,2017-07-28,2017-09-02,2017-09-14,2017-10-08,8.871595764661716,5.790965630216725,EPSG:32631
EMSR229_4_14RNS_x553165_y3168195_S1RTC,2016-07-10,NaN,NaN,NaN,28.628188494097227,-98.44305355120731,EPSG:32614
EMSR712_5_32UPD_x613985_y5815655_S1RTC,2022-11-07,2022-12-06,2022-12-30,2023-01-11,52.46740555340891,10.69672894507969,EPSG:32632
EMSR779_3_33PVN_x476245_y1250905_S1RTC,2023-09-30,2023-10-24,2023-11-17,2023-12-11,11.304261228715362,14.79400807735822,EPSG:32633
EMSR167_3_31UFS_x686815_y5665395_S1RTC,2015-04-26,2015-05-03,2015-06-05,2015-07-02,51.09768048814752,5.68635685842356,EPSG:32631
EMSR258_12_34TCK_x401775_y4471545_S1RTC,2016-09-29,2016-11-22,2016-11-28,2016-12-17,40.37737927116319,19.85791841101939,EPSG:32634
EMSR504_2_56JML_x476505_y6518235_S1RTC,2020-01-24,2020-02-17,2020-03-24,2020-04-17,-31.481951900924777,152.7660626092646,EPSG:32756
EMSR264_5_38KPG_x685995_y8184545_S1RTC,2016-11-23,2016-12-17,2017-01-10,2017-02-03,-16.42474633218752,46.7538466128005,EPSG:32738
EMSR429_7_29UNV_x573185_y5925935_S1RTC,2018-12-31,2019-01-29,2019-02-19,2019-02-22,53.4656685786519,-7.878358586452044,EPSG:32629
EMSR261_3_32UND_x575815_y5828895_S1RTC,2016-10-09,2016-11-02,2016-12-10,2017-01-18,52.59313586923186,10.138055161057945,EPSG:32633
EMSR203_2_15SVA_x413805_y4070885_S1RTC,NaN,2016-04-14,2016-05-08,2016-06-13,36.76846454349686,-93.95152406545026,EPSG:32615
EMSR712_5_32UND_x570935_y5835165_S1RTC,2022-11-09,2022-12-06,2022-12-30,2023-01-11,52.65016368568672,10.067397499817117,EPSG:32632
EMSR464_4_48QYD_x780795_y1823945_S1RTC,2019-07-15,2019-08-17,2019-09-10,2019-10-16,16.46909765452405,107.64183834828998,EPSG:32649
EMSR280_2_33VVH_x469465_y6728565_S1RTC,2017-03-11,2017-04-04,2017-04-16,2017-05-22,60.68022985199581,14.464379838325092,EPSG:32633
EMSR470_1_31PBM_x236735_y1178355_S1RTC,2019-08-21,2019-09-14,2019-10-20,2019-10-20,10.639043449580443,0.60530839540104,EPSG:32631
EMSR712_7_32UNC_x587565_y5741365_S1RTC,2022-11-04,2022-11-21,2022-12-18,2023-02-01,51.80459305088619,10.28851305636214,EPSG:32633
EMSR243_1_19QGA_x758735_y1998495_S1RTC,2016-07-28,NaN,2016-09-14,2016-10-13,18.047968807856876,-66.54383934288921,EPSG:32619
EMSR166_4_33UUP_x371115_y5377545_S1RTC,2015-04-22,2015-05-04,2015-05-31,2015-06-09,48.526558020001005,13.271614101827623,EPSG:32633
EMSR184_1_55HEC_x589205_y6283875_S1RTC,NaN,2015-09-09,2015-10-03,2015-10-15,-33.59249365372997,147.97512377866877,EPSG:32755
EMSR779_1_33PWM_x518165_y1155575_S1RTC,2023-09-18,2023-10-24,2023-11-17,2023-12-23,10.442111370882534,15.177624624741625,EPSG:32633
EMSR712_4_32UNC_x531745_y5744815_S1RTC,2022-11-02,2022-11-21,2022-12-27,2023-01-20,51.84169574233744,9.47929921547361,EPSG:32632
EMSR186_4_17RNL_x581565_y3004755_S1RTC,NaN,2015-09-21,2015-10-15,NaN,27.15139826626401,-80.16394204060717,EPSG:32617
EMSR783_4_30VVH_x420915_y6222505_S1RTC,2023-11-15,2023-12-09,2023-12-26,2024-01-14,56.129782492176155,-4.25183448721299,EPSG:32630
EMSR482_3_16PDC_x426235_y1718485_S1RTC,2019-09-18,2019-11-07,2019-11-19,2019-12-01,15.531336007826818,-87.67596331420721,EPSG:32616
EMSR416_2_30TXP_x674245_y4853245_S1RTC,2018-10-09,2018-12-08,2018-12-08,2019-01-13,43.79996943188951,-0.8181047215596509,EPSG:32630
EMSR779_3_33PVP_x460995_y1329625_S1RTC,2023-09-30,2023-11-05,2023-11-17,2023-12-11,12.01603034258112,14.653386599282527,EPSG:32633
EMSR429_3_29UNV_x510355_y5963755_S1RTC,2018-12-31,2019-01-26,2019-02-19,2019-02-19,53.81074625169178,-8.823377009368675,EPSG:32629
EMSR352_1_39RTQ_x823285_y3423075_S1RTC,2018-02-18,2018-02-22,2018-04-07,2018-04-07,30.88503345290447,48.39472876528388,EPSG:32639
EMSR261_3_32UND_x593735_y5828895_S1RTC,2016-10-06,2016-10-30,2016-12-10,2017-01-18,52.590298962837856,10.402524328915504,EPSG:32633
EMSR712_6_32UNC_x563755_y5740155_S1RTC,2022-11-09,2022-11-21,2022-12-27,2023-01-20,51.79699173147271,9.94301153530681,EPSG:32633
EMSR167_1_31UFS_x626585_y5659635_S1RTC,2015-04-26,2015-05-03,2015-06-01,2015-07-02,51.06250871930263,4.824673910174149,EPSG:32631
EMSR472_3_48QZD_x826235_y1803385_S1RTC,2019-08-20,2019-09-10,2019-10-11,2019-10-23,16.277702391209168,108.06411189032478,EPSG:32649
EMSR472_4_48PZC_x200895_y1760155_S1RTC,2019-08-20,2019-09-17,2019-10-11,2019-10-19,15.891191089421861,108.21875861617697,EPSG:32648
EMSR764_2_33UWP_x533765_y5326825_S1RTC,2023-07-31,2023-08-17,2023-09-17,2023-10-11,48.08225820731444,15.470482373841643,EPSG:32633
EMSR328_1_13QDF_x418005_y2515055_S1RTC,2017-09-01,2017-10-05,2017-10-17,2017-10-29,22.729410036929988,-105.78607857376987,EPSG:32613
EMSR326_2_30SUG_x350895_y4123915_S1RTC,2017-08-25,2017-09-24,2017-10-18,2017-10-19,37.23857431276274,-4.666616187501495,EPSG:32629
EMSR229_5_15RVP_x434435_y3304095_S1RTC,NaN,NaN,NaN,NaN,29.854239661639678,-93.66560081251437,EPSG:32615
EMSR548_1_33SWB_x507805_y4158025_S1RTC,2020-08-19,2020-09-24,2020-10-24,2020-11-11,37.55772046878556,15.102805639408286,EPSG:32633
EMSR264_17_38KMD_x472805_y7828575_S1RTC,2016-12-10,2016-12-17,2017-01-10,2017-02-03,-19.649368566911704,44.752754670100245,EPSG:32738
EMSR779_1_33PWM_x515605_y1129975_S1RTC,2023-09-18,2023-10-24,2023-11-17,2023-12-23,10.210587866867485,15.154121004431307,EPSG:32633
EMSR429_3_29UMV_x478565_y5971445_S1RTC,2018-12-21,2019-01-29,2019-02-19,2019-02-22,53.87960344407687,-9.306669866900503,EPSG:32629
EMSR264_17_38KMD_x470245_y7805535_S1RTC,NaN,2016-12-17,2017-01-10,2017-02-03,-19.85754204120206,44.72798293461776,EPSG:32738
EMSR264_11_38KRC_x237315_y7718005_S1RTC,2016-11-13,2016-12-31,2017-01-05,2017-01-24,-20.630480712562616,48.49145087173103,EPSG:32739
EMSR774_1_15QTV_x252265_y1989295_S1RTC,2023-08-24,2023-10-02,2023-10-26,2023-11-07,17.966466215917023,-95.32715032023043,EPSG:32614
EMSR265_6_31UDP_x430055_y5388925_S1RTC,2016-11-19,2017-01-11,2017-01-23,2017-02-19,48.63813951793722,2.067876686330029,EPSG:32631
EMSR445_1_35UMP_x483295_y5342105_S1RTC,2019-05-08,2019-06-09,2019-06-21,2019-06-25,48.22050705895807,26.79226422338394,EPSG:32635
EMSR280_4_33VWH_x535395_y6741795_S1RTC,2017-03-11,2017-04-04,2017-04-16,2017-05-10,60.7983931019577,15.673738720423202,EPSG:32633
EMSR479_1_15QVA_x482465_y2023455_S1RTC,2019-09-12,2019-10-06,2019-11-08,2019-11-23,18.289120130492105,-93.15384780790043,EPSG:32615
EMSR712_5_32UPD_x644705_y5802855_S1RTC,2022-11-07,2022-12-06,2022-12-30,2023-01-11,52.34506218109555,11.14306364178934,EPSG:32632
EMSR773_6_31TBE_x750415_y4499185_S1RTC,2023-09-20,2023-10-02,2023-11-01,2023-12-07,40.59371452854874,-0.02570474368758459,EPSG:32631
EMSR167_4_31UFS_x666355_y5641985_S1RTC,2015-04-26,2015-05-03,2015-06-01,2015-07-02,50.89369571507731,5.383623914234612,EPSG:32631
EMSR501_1_34TCM_x364115_y4643775_S1RTC,2019-11-07,2019-12-13,2020-02-05,2020-02-17,41.92298770196535,19.376600967070228,EPSG:32633
EMSR472_1_48QWF_x586755_y1996015_S1RTC,2019-08-25,2019-09-18,2019-10-12,2019-11-14,18.03937758194491,105.8317104452019,EPSG:32648
EMSR777_5_16QCE_x334535_y1938395_S1RTC,2023-09-29,2023-11-04,2023-11-16,2023-11-28,17.514318592509017,-88.54663842930077,EPSG:32616
EMSR668_5_34WEC_x586405_y7755735_S1RTC,2022-04-08,2022-04-28,2022-05-19,2022-05-22,69.88293340383231,23.28467016688425,EPSG:32634
EMSR779_3_33PVN_x450645_y1204825_S1RTC,2023-09-30,2023-10-24,2023-11-17,2023-12-11,10.887272386013688,14.560054023062127,EPSG:32633
EMSR312_5_51QUV_x381725_y1939035_S1RTC,2017-08-04,2017-08-16,2017-09-09,2017-10-03,17.523069821592006,121.8977752143528,EPSG:32651
EMSR186_4_17RNL_x558525_y3035475_S1RTC,NaN,2015-09-21,2015-10-15,NaN,27.42992225009919,-80.39495828718258,EPSG:32617
EMSR472_1_48QXE_x642105_y1988655_S1RTC,2019-08-29,2019-09-10,2019-10-12,2019-10-16,17.969916515222334,106.35406465872038,EPSG:32648
EMSR311_3_17SPT_x698825_y3766695_S1RTC,2017-08-07,2017-08-19,2017-09-12,2017-10-06,34.01034447587563,-78.83312442829748,EPSG:32617
EMSR332_8_32TQR_x318115_y5090575_S1RTC,2017-09-22,2017-10-04,2017-10-28,2017-11-09,45.933517608582974,12.67027982148566,EPSG:32632
EMSR280_2_33VVG_x451495_y6694115_S1RTC,2017-03-11,2017-04-04,2017-04-16,2017-05-22,60.369234952988386,14.14366923628332,EPSG:32633
EMSR328_2_13QDE_x446255_y2493615_S1RTC,2017-09-01,2017-09-23,2017-10-19,2017-11-12,22.536847878246796,-105.5102656367743,EPSG:32613
EMSR421_4_31TDH_x470505_y4732245_S1RTC,2018-11-28,2019-01-04,2019-01-16,2019-02-13,42.73071981282034,2.655279509533127,EPSG:32631
EMSR712_8_32UNC_x584775_y5787035_S1RTC,2022-11-07,2022-11-19,2022-12-18,2022-12-30,52.215547379081436,10.259533082107895,EPSG:32633
EMSR712_5_32UND_x535095_y5842845_S1RTC,2022-11-09,2022-12-06,2022-12-30,2023-01-11,52.722790672180274,9.538502504858197,EPSG:32632
EMSR280_2_33VVH_x441305_y6718325_S1RTC,2017-03-11,2017-04-04,2017-04-16,2017-05-22,60.58525427607484,13.951960240034023,EPSG:32633
EMSR756_1_33UWS_x601995_y5633285_S1RTC,2023-07-23,2023-09-02,2023-09-14,2023-10-11,50.83058284271069,16.46641847455275,EPSG:32633
EMSR471_5_33UXP_x640595_y5376245_S1RTC,2019-09-06,2019-09-26,2019-10-08,2019-10-17,48.51180837767583,16.92097777671359,EPSG:32634
EMSR279_6_30TYM_x705945_y4593495_S1RTC,2017-02-17,2017-03-18,2017-04-11,2017-05-05,41.45482426324334,-0.5190369471353745,EPSG:32631
EMSR640_2_30VWJ_x542745_y6345475_S1RTC,2021-10-08,2021-10-30,2021-11-13,2021-11-18,57.23876283180525,-2.270680473762002,EPSG:32630
EMSR482_3_16PDC_x426235_y1731285_S1RTC,2019-09-18,2019-11-07,2019-11-19,2019-12-01,15.647049545566766,-87.67634195439923,EPSG:32616
EMSR427_4_33VUE_x671535_y6417565_S1RTC,2018-12-29,2019-01-17,2019-02-22,2019-03-18,57.85502680757188,11.912356383689279,EPSG:32632
EMSR200_3_55KFS_x703805_y7676005_S1RTC,NaN,NaN,NaN,NaN,-21.01676582664623,148.9732024791877,EPSG:32756
EMSR771_4_32TPQ_x696495_y4926905_S1RTC,2023-08-27,2023-09-24,2023-10-14,2023-11-19,44.456922097769095,11.485897719372389,EPSG:32632
EMSR422_1_31TEG_x500665_y4632885_S1RTC,2018-11-28,2019-01-03,2019-01-27,2019-02-20,41.836378132935685,3.023365205596171,EPSG:32631
EMSR444_1_34UGV_x327395_y5405715_S1RTC,2019-04-19,2019-06-02,2019-06-23,2019-07-05,48.76936246805995,24.66825008871733,EPSG:32634
EMSR279_11_31TBF_x300825_y4515745_S1RTC,2017-02-17,2017-03-25,2017-04-12,2017-05-06,40.75739237330282,0.6555653307382217,EPSG:32631
EMSR586_1_56HKH_x287825_y6233555_S1RTC,2021-05-02,2021-06-07,2021-07-01,2021-07-25,-34.02895594183787,150.7156956157835,EPSG:32756
EMSR233_10_19QDB_x421595_y2150675_S1RTC,2016-08-07,2016-08-31,2016-08-31,2016-09-24,19.437485587155486,-69.73475312427631,EPSG:32619
EMSR471_1_34UDV_x447385_y5438765_S1RTC,2019-09-04,2019-09-08,2019-10-10,2019-11-03,49.08812160777622,20.29683893295821,EPSG:32634
EMSR481_3_16PEC_x596805_y1733055_S1RTC,2019-09-03,2019-10-07,2019-10-31,2019-12-01,15.662183011316817,-86.08484759213148,EPSG:32616
EMSR502_5_29UMT_x506725_y5753245_S1RTC,2019-12-28,2020-02-02,2020-02-19,2020-03-12,51.918410036976674,-8.883679120073804,EPSG:32629
EMSR759_1_34UCU_x359795_y5295075_S1RTC,2023-07-26,2023-08-11,2023-09-16,2023-10-10,47.78257135156396,19.145303959704894,EPSG:32633
EMSR771_7_32TPQ_x642715_y4949865_S1RTC,2023-08-15,2023-09-24,2023-10-14,2023-11-07,44.6762300757906,10.81672338372848,EPSG:32632
EMSR481_1_16PCB_x406145_y1699645_S1RTC,2019-09-20,2019-10-20,2019-11-05,2019-12-07,15.360372188801906,-87.86258292861027,EPSG:32616
EMSR779_1_33PVM_x493235_y1188855_S1RTC,2023-09-18,2023-10-24,2023-11-17,2023-12-23,10.743149141257039,14.949788426841065,EPSG:32633
EMSR273_4_34TCM_x366105_y4636485_S1RTC,2017-01-15,2017-02-14,2017-03-16,2017-04-16,41.857690197830955,19.402228151406987,EPSG:32634
EMSR779_3_33PVN_x481365_y1281625_S1RTC,2023-09-30,2023-10-24,2023-11-17,2023-12-11,11.582112692796258,14.840769034757832,EPSG:32633
EMSR184_4_55HCC_x303695_y6268885_S1RTC,NaN,2015-09-07,2015-10-01,2015-10-25,-33.71360000767654,144.89531425011305,EPSG:32755
EMSR311_8_17SPV_x686115_y3898515_S1RTC,2017-07-26,2017-08-19,2017-09-12,2017-10-18,35.2006893831421,-78.94155916868561,EPSG:32617
EMSR165_8_31UDP_x473065_y5381075_S1RTC,2015-04-23,2015-05-01,2015-05-29,2015-07-04,48.57076545385315,2.652157012915172,EPSG:32631
EMSR326_3_30STF_x271045_y4039705_S1RTC,2017-09-13,2017-09-18,2017-10-18,2017-11-05,36.46412259095733,-5.540922244831688,EPSG:32630
EMSR481_3_16PFC_x657505_y1753725_S1RTC,2019-09-20,2019-10-02,2019-10-31,2019-11-02,15.845891846274654,-85.51723095983132,EPSG:32616
EMSR631_1_42RVP_x490945_y2879265_S1RTC,2021-07-22,2021-08-30,2021-09-04,2021-09-11,26.020803373267725,68.92224669344156,EPSG:32642
EMSR417_1_29TNE_x553785_y4449045_S1RTC,2018-10-17,2018-11-28,2018-12-17,2019-01-03,40.17850211505582,-8.353280124926966,EPSG:32629
EMSR788_4_30UWU_x590325_y5311585_S1RTC,2023-11-25,2024-01-12,2024-01-24,2024-02-21,47.9395548131674,-1.7734665288134448,EPSG:32630
EMSR251_2_32VMK_x460545_y6466455_S1RTC,2016-09-03,2016-10-04,2016-10-16,2016-10-28,58.32590546338294,8.348137437011566,EPSG:32632
EMSR421_4_31TDH_x473065_y4734805_S1RTC,2018-11-28,2019-01-04,2019-01-16,2019-02-13,42.75386339007412,2.686434473207841,EPSG:32631
EMSR264_16_38KND_x546665_y7833725_S1RTC,2016-11-23,2016-12-17,2017-01-10,2017-02-03,-19.602417763190854,45.45715390536353,EPSG:32738
EMSR279_4_30TXM_x639795_y4645905_S1RTC,2017-02-17,2017-03-12,2017-04-11,2017-04-17,41.94103595301059,-1.2982158807137334,EPSG:32631
EMSR233_10_19QCB_x399395_y2145625_S1RTC,NaN,2016-08-07,2016-08-31,NaN,19.390874263452545,-69.94595094354115,EPSG:32619
EMSR402_1_49PBR_x307155_y1541785_S1RTC,2018-09-06,2018-10-16,2018-10-28,2018-11-09,13.928296765995851,109.22685268124704,EPSG:32649
EMSR264_5_38LPH_x698895_y8213265_S1RTC,2016-11-23,2016-12-17,2017-01-10,2017-02-03,-16.164208515598435,46.872148472415915,EPSG:32738
EMSR251_3_32VML_x488485_y6561985_S1RTC,2016-09-10,2016-10-04,2016-10-16,2016-10-21,59.185395842143876,8.820800823347765,EPSG:32632
EMSR166_4_33UUP_x340395_y5369865_S1RTC,2015-04-22,2015-05-04,2015-06-09,2015-06-09,48.45051758799667,12.858717573461659,EPSG:32633
EMSR264_1_39LTF_x285505_y8522265_S1RTC,2016-11-18,2016-12-12,2017-01-05,2017-01-29,-13.370988842289389,49.031158527474965,EPSG:32739
EMSR184_4_55HCC_x349775_y6286805_S1RTC,2015-07-28,2015-09-02,2015-10-01,2015-10-20,-33.55950781649171,145.39539400454606,EPSG:32755
EMSR429_5_29UNA_x578105_y6006065_S1RTC,2018-12-31,2019-01-29,2019-02-19,2019-03-13,54.185013307536614,-7.7835787970324235,EPSG:32629
EMSR265_7_31UDP_x466105_y5385125_S1RTC,2016-11-19,2017-01-11,2017-01-23,2017-02-19,48.606875565979124,2.557492950831229,EPSG:32631
EMSR470_1_31PBN_x262405_y1200935_S1RTC,2019-08-09,2019-09-20,2019-10-20,2019-10-20,10.844817814063555,0.8383688545247047,EPSG:32631
EMSR312_5_51QUV_x371485_y1933915_S1RTC,2017-08-04,2017-08-16,2017-09-09,2017-10-03,17.476240269131406,121.80162514932228,EPSG:32651
EMSR200_6_55KEU_x584285_y7813605_S1RTC,NaN,NaN,NaN,NaN,-19.78295660452903,147.81679718504802,EPSG:32755
EMSR184_4_55HDD_x413225_y6301045_S1RTC,2015-07-28,2015-09-02,NaN,2015-11-25,-33.438057976358444,146.08018086316244,EPSG:32755
EMSR184_4_55HCD_x345625_y6334735_S1RTC,2015-08-14,2015-09-02,2015-10-01,2015-11-25,-33.12677625476041,145.35883138856963,EPSG:32755
EMSR279_5_30TXM_x692535_y4626245_S1RTC,2017-02-17,2017-03-12,2017-04-11,2017-04-17,41.75291927719126,-0.6688678933752832,EPSG:32631
EMSR788_1_30UXU_x613765_y5321525_S1RTC,2023-12-07,2024-01-12,2024-01-24,2024-02-21,48.025174632047964,-1.4570456556928295,EPSG:32630
EMSR479_1_15QVA_x474785_y2026015_S1RTC,2019-09-12,2019-10-06,2019-11-08,2019-11-23,18.31218584008669,-93.22654365299783,EPSG:32615
EMSR264_4_38LQJ_x788745_y8306315_S1RTC,2016-11-18,2016-12-12,2017-01-05,2017-01-29,-15.314880188723773,47.70080032324244,EPSG:32739
EMSR712_5_32UND_x588855_y5827485_S1RTC,2022-11-09,2022-12-06,2022-12-30,2023-01-11,52.57845744281999,10.330124404497909,EPSG:32632
EMSR346_3_36KXD_x692195_y7829385_S1RTC,2018-01-18,2018-02-23,2018-03-07,2018-03-31,-19.632757779786726,34.845034958716305,EPSG:32736
EMSR385_5_17RQK_x711025_y2943095_S1RTC,2018-07-14,2018-08-19,2018-08-31,2018-09-27,26.581214858138253,-78.86834426048729,EPSG:32617
EMSR774_1_15QTV_x208745_y1994415_S1RTC,2023-08-24,2023-10-02,2023-10-26,2023-11-07,18.0073304236923,-95.73847428221178,EPSG:32614
EMSR437_2_30TXP_x661595_y4841105_S1RTC,2019-03-27,2019-04-19,2019-05-13,2019-05-13,43.69362364740558,-0.9789371065617162,EPSG:32630
EMSR200_6_55KEU_x581725_y7805925_S1RTC,NaN,NaN,NaN,NaN,-19.852463068261667,147.7927038544504,EPSG:32755
EMSR184_4_55HDD_x415785_y6331765_S1RTC,2015-07-28,2015-09-02,NaN,2015-11-25,-33.161200115298875,146.11053539824846,EPSG:32755
EMSR469_4_48QYD_x772525_y1816285_S1RTC,2019-08-05,2019-09-10,2019-10-04,2019-10-28,16.400883294962647,107.5635312314241,EPSG:32648
EMSR184_3_55HDC_x466055_y6286955_S1RTC,2015-07-28,2015-09-02,2015-10-20,2015-10-20,-33.56805551802594,146.64800134094415,EPSG:32755
EMSR728_1_32UNV_x538895_y5393495_S1RTC,2023-04-22,2023-05-08,2023-06-01,2023-07-03,48.68173107229525,9.545734062648952,EPSG:32632
EMSR200_2_55KFT_x672095_y7732825_S1RTC,NaN,NaN,NaN,NaN,-20.506829161299454,148.66258341285723,EPSG:32755
EMSR712_5_32UND_x532535_y5845405_S1RTC,2022-11-09,2022-12-06,2022-12-30,2023-01-11,52.745969823551874,9.500863891566153,EPSG:32632
EMSR779_1_33PVM_x467635_y1193975_S1RTC,2023-09-18,2023-10-24,2023-11-17,2023-12-23,10.789328578240605,14.715608431056092,EPSG:32633
EMSR265_5_31UDQ_x458305_y5413555_S1RTC,2016-12-06,2017-01-06,2017-01-26,2017-02-19,48.86216584723591,2.4488982608572645,EPSG:32631
EMSR184_3_55HED_x507745_y6342035_S1RTC,2015-08-21,2015-09-02,2015-10-08,2015-10-20,-33.07170171954776,147.09663572840049,EPSG:32755
EMSR629_2_42RVR_x461955_y3095955_S1RTC,2021-07-06,2021-08-03,2021-08-23,2021-09-20,27.97672169732038,68.62610849810946,EPSG:32642
EMSR697_1_34SEJ_x603435_y4308285_S1RTC,2022-08-13,2022-09-05,2022-09-23,2022-10-05,38.905743394809164,22.20761785012207,EPSG:32634
EMSR280_3_33VWH_x544165_y6692675_S1RTC,2017-03-11,2017-04-04,2017-05-10,2017-05-29,60.35651169814081,15.823553972189023,EPSG:32633
EMSR634_9_33TUJ_x347695_y4830025_S1RTC,2021-07-15,2021-09-05,2021-09-12,2021-09-13,43.59641489994882,13.128878492033156,EPSG:32633
EMSR472_4_48PZC_x203455_y1731995_S1RTC,2019-08-20,2019-09-17,2019-10-11,2019-10-19,15.637209808554244,108.24607855654078,EPSG:32648
EMSR277_3_35TMF_x461245_y4537435_S1RTC,2017-01-25,2017-03-02,2017-03-26,2017-04-19,40.975744280112536,26.55451209798036,EPSG:32635
EMSR429_3_29UNV_x502675_y5986795_S1RTC,2018-12-31,2019-01-26,2019-02-19,2019-02-19,54.01794575594932,-8.939714301061656,EPSG:32629
EMSR229_5_15RUP_x396585_y3326015_S1RTC,NaN,NaN,NaN,2016-10-04,30.049470144471197,-94.05951529399974,EPSG:32615
EMSR477_1_16PFA_x688575_y1586165_S1RTC,2019-09-15,2019-10-14,2019-11-02,2019-12-01,14.329501456610027,-85.23968679216732,EPSG:32616
EMSR504_6_56HKH_x296485_y6280405_S1RTC,2020-01-17,2020-03-08,2020-03-20,2020-04-13,-33.608421808958,150.82017638422988,EPSG:32756
EMSR233_10_19QCB_x389155_y2130265_S1RTC,2016-07-21,2016-08-07,2016-08-31,NaN,19.25154999865327,-70.04257758923413,EPSG:32619
EMSR203_4_15SVA_x428935_y4022055_S1RTC,NaN,2016-04-14,2016-05-08,2016-05-08,36.32953248519836,-93.7775871247669,EPSG:32615
EMSR492_1_30TXP_x659115_y4841345_S1RTC,2019-11-21,2019-12-03,2020-01-02,2020-01-14,43.69632317586039,-1.0096216574639338,EPSG:32630
EMSR442_7_35WNU_x552405_y7805605_S1RTC,2019-04-22,2019-05-04,2019-06-08,2019-06-09,70.3391885276636,28.429666761676636,EPSG:32635
EMSR779_1_33PVM_x493235_y1155575_S1RTC,2023-09-18,2023-10-24,2023-11-17,2023-12-23,10.442156826431225,14.949837413397436,EPSG:32633
EMSR793_1_37LFD_x610835_y8366285_S1RTC,2024-01-13,2024-02-18,2024-03-13,2024-03-25,-14.786660015135569,40.041735301779944,EPSG:32737
EMSR437_1_30TXP_x641455_y4835885_S1RTC,2019-03-27,2019-04-12,2019-05-13,2019-05-26,43.65079026849401,-1.230111078471058,EPSG:32630
EMSR264_3_38LQJ_x783025_y8366805_S1RTC,2016-11-23,2016-12-17,2017-01-10,2017-02-03,-14.769201340734982,47.64083596973707,EPSG:32739
EMSR437_6_30TYP_x702105_y4877245_S1RTC,2019-04-07,2019-04-07,2019-05-13,2019-05-13,44.008712443622876,-0.46292953953666466,EPSG:32630
EMSR264_1_39LTF_x295745_y8558105_S1RTC,2016-11-18,2016-12-12,2017-01-05,2017-01-29,-13.047795391129386,49.128147207988,EPSG:32739
EMSR779_1_33PWM_x523285_y1160695_S1RTC,2023-09-18,2023-10-24,2023-11-17,2023-12-23,10.488388468955835,15.224439482265202,EPSG:32633
EMSR779_3_33PVN_x478805_y1217625_S1RTC,2023-09-30,2023-10-24,2023-11-17,2023-12-11,11.003296689361338,14.81765388710477,EPSG:32633
EMSR184_6_55HED_x515265_y6337765_S1RTC,2015-08-21,2015-09-02,2015-09-26,2015-09-26,-33.110129533600464,147.17727823392607,EPSG:32755
EMSR429_5_29UNA_x585785_y5995825_S1RTC,2018-12-31,2019-01-29,2019-02-19,2019-03-10,54.09175836762498,-7.668878054578128,EPSG:32629
EMSR264_16_38KND_x528745_y7836285_S1RTC,2016-11-23,2016-12-17,2017-01-10,2017-02-03,-19.57963555328294,45.28623068008238,EPSG:32738
EMSR350_2_50KPC_x649775_y7752205_S1RTC,2018-02-08,2018-02-15,2018-03-23,2018-04-04,-20.333680870090383,118.44695667333362,EPSG:32750
EMSR779_1_33PWM_x538645_y1132535_S1RTC,2023-09-18,2023-10-24,2023-11-17,2023-12-23,10.23357401964191,15.364509512837662,EPSG:32633
EMSR187_1_35TNL_x574425_y5045895_S1RTC,2015-08-29,2015-09-22,2015-10-08,2015-11-09,45.551001274806104,27.969814445165184,EPSG:32635
EMSR265_1_31UDP_x457175_y5394155_S1RTC,2016-11-19,2017-01-06,2017-01-23,2017-02-19,48.68757788285348,2.435452369184598,EPSG:32631
EMSR397_1_31TCG_x310395_y4604025_S1RTC,2018-09-04,2018-09-28,2018-10-22,2018-11-21,41.5542533532306,0.7417302836079299,EPSG:32630
EMSR471_5_33UXP_x638035_y5371125_S1RTC,2019-09-06,2019-09-26,2019-10-08,2019-10-17,48.466344790651306,16.884626791172664,EPSG:32634
EMSR445_2_34TFR_x686535_y5013325_S1RTC,2019-05-02,2019-06-07,2019-06-24,2019-07-25,45.236874497509945,23.392797570409464,EPSG:32634
EMSR405_1_49PBS_x259225_y1671965_S1RTC,2018-09-06,2018-10-04,2018-11-09,2018-11-29,15.10081165788508,108.77168906212569,EPSG:32649
EMSR481_1_16PCB_x393345_y1699645_S1RTC,2019-09-20,2019-10-20,2019-11-05,2019-12-07,15.359878823637674,-87.98183081414177,EPSG:32616
EMSR482_5_16PEC_x591685_y1727935_S1RTC,2019-09-20,2019-11-07,2019-11-19,2019-12-13,15.61609427783407,-86.13281151458993,EPSG:32616
EMSR184_4_55HCC_x339535_y6284245_S1RTC,2015-07-28,2015-09-02,2015-10-01,2015-10-20,-33.58110870230947,145.2846659477534,EPSG:32755
EMSR637_1_55HED_x596615_y6303045_S1RTC,2021-09-01,2021-09-13,2021-10-31,2021-12-06,-33.41896135510057,148.05287604842547,EPSG:32755
EMSR568_1_37LFE_x674705_y8401245_S1RTC,2021-02-03,2021-02-21,2021-03-17,2021-03-17,-14.46725554322387,40.632742164649265,EPSG:32737
EMSR265_18_31UEP_x598895_y5379195_S1RTC,2016-12-01,2017-01-06,2017-01-18,2017-02-14,48.54637732938275,4.357250943660771,EPSG:32631
EMSR265_14_31UEQ_x548155_y5423075_S1RTC,2016-12-04,2017-01-06,2017-01-21,2017-02-14,48.94714703810673,3.6750919585571755,EPSG:32631
EMSR326_2_30SUG_x338095_y4129035_S1RTC,2017-08-25,2017-09-24,2017-10-18,2017-10-19,37.2825845930747,-4.81196357205824,EPSG:32629
EMSR229_4_14RNS_x535245_y3191235_S1RTC,2016-07-10,NaN,NaN,NaN,28.83677997391239,-98.62563910547725,EPSG:32614
EMSR192_8_32TMR_x416655_y5006315_S1RTC,2015-09-23,2015-10-29,2015-11-22,2015-11-23,45.194066099767944,7.95517129957066,EPSG:32632
EMSR483_2_33SXD_x675515_y4317565_S1RTC,2019-10-07,2019-10-25,2019-11-18,2019-12-06,38.97776317798572,17.040919627291483,EPSG:32633
EMSR264_9_39KTU_x252235_y7811355_S1RTC,2016-11-13,2016-12-31,2017-01-05,2017-01-24,-19.789664702067572,48.64723995691876,EPSG:32739
EMSR312_5_51QUV_x366365_y1944155_S1RTC,2017-08-04,2017-08-16,2017-09-09,2017-10-03,17.56848188862502,121.75277996016331,EPSG:32651
EMSR481_3_16PFC_x616545_y1756285_S1RTC,2019-09-20,2019-10-02,2019-10-31,2019-11-02,15.871310498605844,-85.89955132136727,EPSG:32616
EMSR261_1_32UND_x577525_y5828895_S1RTC,2016-10-09,2016-10-23,2016-12-10,2016-12-10,52.592890643686594,10.163293748322369,EPSG:32632
EMSR629_3_42RVS_x453745_y3117015_S1RTC,2021-06-24,2021-07-22,2021-08-23,2021-08-27,28.166576301868336,68.54182220010871,EPSG:32642
EMSR498_1_31TCK_x406465_y4981295_S1RTC,2019-12-10,2020-01-04,2020-01-27,2020-02-20,44.96762792989374,1.8300738703201536,EPSG:32631
EMSR199_13_17MQM_x734405_y9095855_S1RTC,2016-02-07,2016-03-05,2016-03-26,2016-04-19,-8.185392559018005,-78.8608296995044,EPSG:32717
EMSR471_5_33UXP_x655955_y5355765_S1RTC,2019-09-06,2019-09-26,2019-10-08,2019-10-20,48.324028846794356,17.121139774213084,EPSG:32634
EMSR311_3_17SQT_x705925_y3775295_S1RTC,2017-07-26,2017-08-19,2017-09-12,2017-10-06,34.08646865653367,-78.75424626921178,EPSG:32617
EMSR417_1_29TNE_x533305_y4436245_S1RTC,2018-10-17,2018-11-28,2018-12-17,2019-01-03,40.06427577276603,-8.594510933851877,EPSG:32629
EMSR712_5_32UND_x565815_y5840285_S1RTC,2022-11-09,2022-12-06,2022-12-30,2023-01-11,52.6968426716676,9.992769975544169,EPSG:32632
EMSR774_1_15QTA_x233605_y2022055_S1RTC,2023-09-20,2023-10-14,2023-11-04,2023-11-19,18.26009177446295,-95.50743265453896,EPSG:32615
EMSR274_13_39LUC_x357175_y8289255_S1RTC,2017-01-29,2017-02-10,2017-03-13,2017-04-06,-15.481515294741502,49.68044857003888,EPSG:32739
EMSR645_4_38KMD_x463935_y7817775_S1RTC,2021-11-14,2022-01-01,2022-01-25,2022-02-01,-19.746830241466764,44.667945323197294,EPSG:32738
EMSR342_7_54KVF_x467945_y8006115_S1RTC,2017-12-21,2018-01-02,2018-02-19,2018-03-03,-18.044743513592827,140.7091733963665,EPSG:32754
EMSR197_1_39LUC_x356945_y8293715_S1RTC,2016-01-06,2016-02-28,2016-03-18,2016-03-18,-15.441191064499533,49.67856051327266,EPSG:32739
EMSR200_3_55KFS_x701245_y7663205_S1RTC,NaN,NaN,NaN,NaN,-21.13263770272503,148.95008917881356,EPSG:32756
EMSR668_5_34WEC_x586405_y7760855_S1RTC,2022-04-08,2022-04-28,2022-05-19,2022-05-22,69.92880943274716,23.28967472928347,EPSG:32634
EMSR326_3_30SUF_x308835_y4054445_S1RTC,2017-08-31,2017-09-25,2017-10-18,2017-10-19,36.60514749820232,-5.12309940741688,EPSG:32630
EMSR280_2_33VVH_x456665_y6702965_S1RTC,2017-03-11,2017-04-04,2017-04-16,2017-05-22,60.449259462216375,14.235534944114542,EPSG:32633
EMSR429_3_29UMA_x483835_y5996145_S1RTC,2018-12-21,2019-01-26,2019-02-19,2019-03-15,54.10178162656497,-9.227712447346086,EPSG:32629
EMSR504_1_56JML_x491315_y6572975_S1RTC,2020-01-24,2020-03-12,2020-03-24,2020-04-17,-30.988229032471487,152.92239033490173,EPSG:32756
EMSR777_5_16QCE_x308935_y1917915_S1RTC,2023-09-29,2023-11-04,2023-11-16,2023-11-28,17.327260922307502,-88.78590548869502,EPSG:32616
EMSR166_4_33UUP_x358315_y5364745_S1RTC,2015-04-22,2015-05-04,2015-06-09,2015-06-09,48.40873408584574,13.102638706717846,EPSG:32633
EMSR492_1_30TXP_x641195_y4828545_S1RTC,2019-11-21,2019-12-03,2020-01-02,2020-01-14,43.58478137188241,-1.2352672481055103,EPSG:32630
EMSR200_12_56JNP_x511225_y6811045_S1RTC,2016-01-26,2016-02-26,2016-04-02,2016-04-26,-28.839675594159953,153.12813955553887,EPSG:32756
EMSR326_3_30SUF_x308835_y4041645_S1RTC,2017-08-31,2017-09-25,2017-10-18,2017-10-19,36.48983331753693,-5.119946691722556,EPSG:32630
EMSR243_2_19QGV_x790835_y1986995_S1RTC,2016-07-28,2016-08-21,NaN,2016-10-27,17.940056256462082,-66.24246834298592,EPSG:32619
EMSR279_6_30TYM_x739225_y4593495_S1RTC,2017-02-17,2017-03-19,2017-04-12,2017-05-06,41.445545781352486,-0.12103826756095602,EPSG:32631
EMSR405_3_49PBQ_x304435_y1448845_S1RTC,2018-09-18,2018-10-16,2018-11-05,2018-11-09,13.088130666040387,109.20796996805902,EPSG:32649
EMSR429_7_29UNU_x558185_y5889565_S1RTC,2019-01-12,2019-01-29,2019-02-22,2019-02-22,53.1406866476328,-8.111094788276445,EPSG:32629
EMSR629_3_42RVS_x430705_y3129815_S1RTC,2021-06-24,2021-07-22,2021-08-23,2021-08-27,28.28112733878607,68.30639610323009,EPSG:32642
EMSR165_8_31UDP_x457705_y5375955_S1RTC,2015-04-23,2015-05-01,2015-05-29,2015-07-04,48.52388919880585,2.4444519111495455,EPSG:32631
EMSR397_1_31TCG_x310395_y4609145_S1RTC,2018-09-04,2018-09-28,2018-10-22,2018-11-21,41.60033497923796,0.7401236531419031,EPSG:32630
EMSR504_6_56HKH_x288805_y6254805_S1RTC,2020-01-17,2020-03-08,2020-03-20,2020-04-13,-33.8376495248578,150.7313893446214,EPSG:32756
EMSR346_3_36KXD_x697315_y7819145_S1RTC,2018-01-30,2018-02-23,2018-03-07,2018-03-31,-19.72473881293352,34.894929951916566,EPSG:32736
EMSR187_1_35TNL_x556505_y5051015_S1RTC,2015-08-29,2015-09-22,2015-10-08,2015-11-09,45.59880094724319,27.740864214060917,EPSG:32635
EMSR265_23_31UDP_x470575_y5310705_S1RTC,2016-11-19,2017-01-02,2017-01-26,2017-02-19,47.937568483578225,2.6230856641901514,EPSG:32631
EMSR280_3_33VWH_x554405_y6713155_S1RTC,2017-03-11,2017-04-04,2017-05-10,2017-05-29,60.53908788404524,16.014831443873778,EPSG:32633
EMSR165_6_31UDQ_x455265_y5420365_S1RTC,2015-04-23,2015-04-28,2015-06-03,2015-06-10,48.92321830864553,2.406727581459375,EPSG:32631
EMSR445_1_35UMP_x457695_y5336985_S1RTC,2019-05-08,2019-06-09,2019-06-21,2019-06-25,48.173305920052414,26.448114985830923,EPSG:32635
EMSR265_8_31UDP_x481775_y5365575_S1RTC,2016-11-19,2016-12-25,2017-01-18,2017-02-19,48.43161852958671,2.770856555051384,EPSG:32631
EMSR471_1_34UDV_x483225_y5420845_S1RTC,2019-09-04,2019-09-08,2019-10-10,2019-11-03,48.928867977349924,20.788386090516635,EPSG:32634
EMSR471_4_33UYQ_x731965_y5424795_S1RTC,2019-09-06,2019-09-13,2019-10-12,2019-11-05,48.920628254749225,18.184009015676807,EPSG:32634
EMSR779_3_33PVP_x476355_y1321945_S1RTC,2023-09-30,2023-11-05,2023-11-17,2023-12-11,11.946716822485538,14.794545657193654,EPSG:32633
EMSR200_4_55KFS_x704355_y7684285_S1RTC,NaN,NaN,NaN,NaN,-20.941933830453547,148.977507585235,EPSG:32756
EMSR229_4_14RPT_x613425_y3227125_S1RTC,2016-07-10,NaN,NaN,NaN,29.156050151719466,-97.82064940540513,EPSG:32614
EMSR347_6_36LXH_x663295_y8286435_S1RTC,2018-01-23,2018-02-28,2018-03-12,2018-03-24,-15.505618025174401,34.53428416220297,EPSG:32736
EMSR712_5_32UND_x558135_y5832605_S1RTC,2022-11-09,2022-12-06,2022-12-30,2023-01-11,52.62870512494687,9.877755822499505,EPSG:32632
EMSR233_10_19QDB_x424155_y2127635_S1RTC,2016-08-07,2016-08-31,2016-08-31,2016-09-24,19.22937801790129,-69.70946780650884,EPSG:32619
EMSR328_2_13QDE_x430895_y2498735_S1RTC,2017-09-01,2017-09-23,2017-10-19,2017-11-12,22.582555640296107,-105.65985338693463,EPSG:32613
EMSR322_17_16RFU_x704655_y3358455_S1RTC,NaN,2017-09-20,2017-10-09,2017-10-09,30.328941520299907,-84.8579988905866,EPSG:32616
EMSR264_4_38LQJ_x778505_y8301195_S1RTC,2016-11-18,2016-12-12,2017-01-05,2017-01-29,-15.362253691483609,47.60608639073499,EPSG:32739
EMSR548_5_33SVB_x505215_y4146145_S1RTC,2020-09-06,2020-09-24,2020-10-30,2020-11-11,37.4506601644623,15.073376275494933,EPSG:32633
EMSR264_3_38LQJ_x790705_y8356565_S1RTC,2016-11-18,2016-12-12,2017-01-05,2017-01-29,-14.86085407788213,47.713270123377946,EPSG:32739
EMSR258_6_34TCK_x360785_y4485735_S1RTC,2016-10-23,2016-11-16,2016-11-28,2016-12-16,40.49939160515517,19.372128728466443,EPSG:32634
EMSR405_3_49PCQ_x312865_y1433405_S1RTC,2018-09-30,2018-10-16,2018-11-05,2018-11-09,12.949102281717886,109.28665815896106,EPSG:32649
EMSR468_5_32TMR_x459835_y5005935_S1RTC,2019-08-05,2019-09-22,2019-10-04,2019-10-04,45.19435171507232,8.50489116142988,EPSG:32632
EMSR779_1_33PVM_x470195_y1181175_S1RTC,2023-09-18,2023-10-24,2023-11-17,2023-12-23,10.673585116177883,14.739124776816078,EPSG:32633
EMSR779_3_33PWN_x500235_y1245785_S1RTC,2023-09-30,2023-11-05,2023-11-17,2023-12-11,11.258028098610184,15.01383446096204,EPSG:32633
EMSR311_3_17SQT_x711045_y3736895_S1RTC,2017-07-26,2017-08-19,2017-09-12,2017-10-06,33.73938964658761,-78.70807861901699,EPSG:32617
EMSR203_3_15SVB_x452905_y4110715_S1RTC,NaN,2016-04-14,2016-05-08,2016-05-08,37.130195062399665,-93.51584889032449,EPSG:32615
EMSR199_10_17MNP_x517905_y9391925_S1RTC,2016-01-31,2016-02-24,2016-04-03,2016-04-03,-5.512784894012244,-80.82683885893914,EPSG:32717
EMSR229_5_15RVP_x431875_y3316895_S1RTC,NaN,NaN,NaN,NaN,29.969611497403378,-93.69290232763632,EPSG:32615
EMSR203_3_15SVA_x478365_y4071585_S1RTC,NaN,2016-04-14,2016-05-08,2016-05-08,36.77836129682171,-93.2281648672038,EPSG:32615
EMSR482_3_16PDC_x405755_y1708245_S1RTC,2019-09-18,2019-11-07,2019-11-19,2019-12-01,15.438100970067458,-87.86653812046944,EPSG:32616
EMSR472_4_48PZC_x211135_y1762715_S1RTC,2019-08-20,2019-09-17,2019-10-11,2019-10-19,15.915518077984496,108.31399920382829,EPSG:32648
EMSR264_5_38KQG_x713175_y8197265_S1RTC,2016-11-23,2016-12-17,2017-01-10,2017-02-03,-16.307546836072703,47.00711475668347,EPSG:32738
EMSR777_1_16QCD_x344545_y1855285_S1RTC,2023-10-03,2023-10-27,2023-11-16,2023-11-20,16.76400638829938,-88.44654420256508,EPSG:32616
EMSR777_5_16QCE_x344775_y1930715_S1RTC,2023-09-29,2023-11-04,2023-11-16,2023-11-28,17.445648938171242,-88.44965310446874,EPSG:32616
EMSR264_6_39KUA_x300025_y8070015_S1RTC,2016-11-13,2016-12-07,2016-12-31,2017-01-24,-17.45857811023773,49.12894126304163,EPSG:32739
EMSR779_1_33PVM_x493235_y1124855_S1RTC,2023-09-18,2023-10-24,2023-11-17,2023-12-23,10.164312737896228,14.949881328418051,EPSG:32633
EMSR167_3_31UFS_x674015_y5673075_S1RTC,2015-04-26,2015-05-03,2015-06-05,2015-07-02,51.170730930001874,5.50747383505751,EPSG:32631
EMSR742_1_34VFJ_x640675_y6295705_S1RTC,2023-06-19,2023-07-06,2023-07-30,2023-09-04,56.77214452115113,23.32278545119444,EPSG:32635
EMSR264_5_38KPG_x657835_y8181985_S1RTC,2016-11-23,2016-12-17,2017-01-10,2017-02-03,-16.44991855445605,46.49036548813306,EPSG:32738
EMSR779_1_33PWM_x543765_y1106935_S1RTC,2023-09-18,2023-10-24,2023-11-17,2023-12-23,10.001984864415187,15.410964908164292,EPSG:32633
EMSR492_1_30TXP_x674475_y4856705_S1RTC,2019-11-21,2019-12-03,2020-01-08,2020-01-20,43.83104528113673,-0.8141118224172414,EPSG:32630
EMSR350_2_50KPC_x647215_y7749645_S1RTC,2018-02-08,2018-02-15,2018-03-23,2018-04-04,-20.357007982493425,118.42265102959571,EPSG:32750
EMSR504_2_56JML_x486745_y6518235_S1RTC,2020-01-24,2020-02-17,2020-03-24,2020-04-17,-31.482103508438215,152.87387142257668,EPSG:32756
EMSR274_6_39KTV_x292705_y7919325_S1RTC,2017-02-05,2017-02-17,2017-03-18,2017-04-06,-18.819139685518756,49.04496866786682,EPSG:32739
EMSR264_5_38KPG_x706475_y8176865_S1RTC,2016-11-23,2016-12-17,2017-01-10,2017-02-03,-16.492443788270883,46.946264759466665,EPSG:32738
EMSR280_4_33VWH_x563555_y6749475_S1RTC,2017-03-11,2017-04-04,2017-04-16,2017-05-10,60.86373907719516,16.193586393044964,EPSG:32633
EMSR783_1_30VVJ_x446405_y6340125_S1RTC,2023-11-15,2023-12-09,2023-12-26,2024-01-19,57.189835003253464,-3.865690885368982,EPSG:32630
EMSR471_5_33UXP_x640595_y5363445_S1RTC,2019-09-06,2019-09-26,2019-10-08,2019-10-20,48.39671817796099,16.91663949138307,EPSG:32634
EMSR472_1_48QWE_x600835_y1983505_S1RTC,2019-08-25,2019-09-27,2019-10-12,2019-10-21,17.925702311560837,105.96411188334963,EPSG:32648
EMSR184_4_55HCD_x355865_y6311695_S1RTC,2015-08-14,2015-09-02,2015-10-01,2015-11-25,-33.33592075616934,145.46493852502564,EPSG:32755
EMSR187_1_35TNL_x564185_y5058695_S1RTC,2015-08-29,2015-09-22,2015-10-08,2015-11-09,45.667239584212865,27.84036080964737,EPSG:32635
EMSR483_2_33SXD_x672955_y4330365_S1RTC,2019-10-07,2019-10-25,2019-11-18,2019-12-06,39.093549528610396,17.01465515836723,EPSG:32633
EMSR793_1_37LFD_x644115_y8361165_S1RTC,2024-01-13,2024-02-18,2024-03-13,2024-03-25,-14.8313356555404,40.35120818005821,EPSG:32737
EMSR783_1_30VVJ_x448965_y6329885_S1RTC,2023-11-15,2023-12-09,2023-12-26,2024-01-19,57.098140571941656,-3.821297915671994,EPSG:32630
EMSR712_6_32UND_x530735_y5826575_S1RTC,2022-11-09,2022-11-21,2022-12-18,2023-01-11,52.57680451445591,9.472371128999608,EPSG:32632
EMSR199_13_17MQM_x719045_y9100975_S1RTC,2016-02-07,2016-03-05,2016-03-26,2016-04-19,-8.139822455776288,-79.00041623038766,EPSG:32717
EMSR779_3_33PVN_x455765_y1230425_S1RTC,2023-09-30,2023-10-24,2023-11-17,2023-12-11,11.118856989426927,14.606595719013434,EPSG:32633
EMSR352_1_39STS_x781175_y3613425_S1RTC,2018-02-18,2018-03-14,2018-04-07,2018-05-01,32.61087213842911,48.0098474759805,EPSG:32639
EMSR261_3_32UNC_x583775_y5779045_S1RTC,2016-10-14,2016-10-23,2016-12-13,2017-01-18,52.14388404900446,10.242895753357475,EPSG:32633
EMSR779_3_33PVP_x471235_y1314265_S1RTC,2023-09-30,2023-11-05,2023-11-17,2023-12-11,11.877225553363964,14.747586115393153,EPSG:32633
EMSR637_17_55JGH_x789505_y6740155_S1RTC,2021-08-08,2021-09-11,2021-10-17,2021-10-29,-29.445802732251614,149.9976672644648,EPSG:32755
EMSR277_3_35TMF_x440765_y4555355_S1RTC,2017-01-24,2017-03-07,2017-03-31,2017-04-24,41.135961082313706,26.309414239462605,EPSG:32635
EMSR794_1_30TUK_x378015_y4448895_S1RTC,2024-01-04,2024-02-02,2024-03-09,2024-03-22,40.17027722582131,-4.417636389944429,EPSG:32630
EMSR472_1_48QXE_x624185_y1988655_S1RTC,2019-08-29,2019-09-10,2019-10-12,2019-10-16,17.971023642319818,106.18485863616714,EPSG:32648
EMSR706_5_31UDS_x462025_y5636895_S1RTC,2022-09-01,2022-10-07,2022-11-05,2022-11-29,50.87109583816211,2.4784239021215537,EPSG:32631
EMSR332_8_32TQR_x302755_y5095695_S1RTC,2017-09-22,2017-10-04,2017-10-28,2017-11-09,45.97534553458071,12.4702408638404,EPSG:32632
EMSR728_6_32UPU_x611295_y5331485_S1RTC,2023-04-21,2023-04-29,2023-06-04,2023-06-16,48.11519439718416,10.512461108526617,EPSG:32632
EMSR199_13_17MQM_x729285_y9111215_S1RTC,2016-02-07,2016-03-05,2016-03-26,2016-04-19,-8.0467903309925,-78.9079990537148,EPSG:32717
EMSR637_12_55HBA_x303975_y5996225_S1RTC,2021-08-25,2021-09-30,2021-10-24,2021-11-17,-36.17066055359139,144.83465764207222,EPSG:32755
EMSR352_1_38RQU_x801695_y3381475_S1RTC,2018-02-10,2018-02-22,2018-04-07,2018-04-07,30.51594966813368,48.15697156143913,EPSG:32638
EMSR444_3_34UFU_x686395_y5350855_S1RTC,2019-04-20,2019-05-18,2019-06-23,2019-07-05,48.27159584909129,23.52923143317525,EPSG:32634
EMSR279_1_30TWN_x562455_y4767375_S1RTC,2017-02-21,2017-03-29,2017-04-10,2017-04-22,43.04491871566945,-2.217548417222533,EPSG:32630
EMSR514_1_21NUH_x334135_y780955_S1RTC,2020-04-12,2020-05-18,2020-06-11,2020-06-11,7.051275598067335,-58.49016190610718,EPSG:32621
EMSR504_6_56HKH_x288805_y6272725_S1RTC,2020-01-20,2020-03-08,2020-03-20,2020-04-13,-33.67615093296762,150.7356415603942,EPSG:32756
EMSR279_3_30TWM_x596565_y4691935_S1RTC,2017-02-09,2017-03-24,2017-04-10,2017-04-17,42.36205812236743,-1.8118578936960679,EPSG:32630
EMSR279_4_30TXM_x639795_y4653585_S1RTC,2017-02-17,2017-03-12,2017-04-11,2017-04-17,42.01017685126315,-1.2963737031769427,EPSG:32631
EMSR264_12_38KQV_x790595_y7481155_S1RTC,2016-11-13,2016-12-31,2017-01-05,2017-01-29,-22.76329813747463,47.842269789551935,EPSG:32739
EMSR479_1_15QVA_x477345_y2018335_S1RTC,2019-09-12,2019-10-06,2019-11-08,2019-11-23,18.242798728401606,-93.20223810022941,EPSG:32615
EMSR277_2_35TMF_x479165_y4586275_S1RTC,2017-01-25,2017-03-02,2017-03-26,2017-04-19,41.41631427180795,26.76594515512069,EPSG:32635
EMSR167_3_31UFS_x671455_y5667955_S1RTC,2015-04-26,2015-05-03,2015-06-05,2015-07-02,51.12551216541712,5.468434101909662,EPSG:32631
EMSR777_1_16QCE_x311415_y1906415_S1RTC,2023-09-29,2023-11-04,2023-11-16,2023-11-28,17.223565086873524,-88.76158902154842,EPSG:32616
EMSR567_15_56HLJ_x325415_y6399895_S1RTC,2020-12-21,2021-02-07,2021-02-28,2021-03-27,-32.5362590385313,151.1544773384147,EPSG:32756
EMSR464_4_48QYD_x770555_y1826505_S1RTC,2019-07-15,2019-08-17,2019-09-10,2019-10-16,16.493404825865287,107.54630372706922,EPSG:32649
EMSR771_8_32TNQ_x598935_y4979725_S1RTC,2023-08-15,2023-09-24,2023-10-18,2023-11-11,44.95242117660536,10.270402389284603,EPSG:32632
EMSR771_7_32TPQ_x647835_y4957545_S1RTC,2023-08-15,2023-09-24,2023-10-14,2023-11-07,44.74428538601313,10.883528903256893,EPSG:32632
EMSR200_3_55KFS_x685885_y7647845_S1RTC,NaN,NaN,NaN,NaN,-21.272991086124353,148.80392777592442,EPSG:32756
EMSR429_6_29UMU_x493525_y5833125_S1RTC,2018-12-17,2019-01-26,2019-02-19,2019-02-19,52.63660638792533,-9.076840701473143,EPSG:32629
EMSR312_6_51QUV_x374035_y1914165_S1RTC,2017-08-04,2017-08-16,2017-09-09,2017-10-03,17.297897015217508,121.82677607605052,EPSG:32651
EMSR479_1_15QVA_x464545_y1995295_S1RTC,2019-09-12,2019-10-06,2019-11-08,2019-11-23,18.03438868373166,-93.32293254326108,EPSG:32615
EMSR279_6_30TYM_x734105_y4596055_S1RTC,2017-02-17,2017-03-19,2017-04-12,2017-05-06,41.47009404041793,-0.18125865284641002,EPSG:32631
EMSR279_5_30TXM_x695095_y4610885_S1RTC,2017-02-17,2017-03-12,2017-04-11,2017-04-17,41.61405806233259,-0.6431539623015886,EPSG:32631
EMSR416_1_30TXP_x664215_y4814275_S1RTC,2018-10-09,2018-11-27,2018-12-08,2019-01-13,43.451616813885515,-0.954636197824675,EPSG:32630
EMSR229_3_14RPR_x612915_y3071485_S1RTC,2016-07-10,NaN,NaN,NaN,27.751473502219817,-97.84131071935121,EPSG:32614
EMSR358_4_33TXK_x694095_y4999385_S1RTC,2018-03-23,2018-04-15,2018-05-10,2018-06-07,45.109451953326364,17.483568407539913,EPSG:32633
EMSR472_1_48QXE_x629305_y1970735_S1RTC,2019-08-29,2019-09-10,2019-10-12,2019-10-16,17.808785800009794,106.23208652438007,EPSG:32648
EMSR442_6_34WFC_x422455_y7768535_S1RTC,2019-05-04,2019-05-18,2019-06-06,2019-06-11,70.00122613585447,25.00147236539322,EPSG:32635
EMSR779_1_33PWM_x523285_y1124855_S1RTC,2023-09-18,2023-10-24,2023-11-17,2023-12-23,10.164239871723462,15.22420974092395,EPSG:32633
EMSR777_5_16QCE_x321735_y1963995_S1RTC,2023-09-29,2023-11-04,2023-11-16,2023-11-28,17.744641530077015,-88.66930370953258,EPSG:32616
EMSR280_4_33VWH_x566115_y6749475_S1RTC,2017-03-11,2017-04-04,2017-04-16,2017-05-10,60.86331263943493,16.240705859939254,EPSG:32633
EMSR347_6_36LXH_x650495_y8255715_S1RTC,2018-01-23,2018-02-28,2018-03-12,2018-03-24,-15.784059403422663,34.41688718268688,EPSG:32736
EMSR779_3_33PVN_x458325_y1258585_S1RTC,2023-09-30,2023-10-24,2023-11-17,2023-12-11,11.3735564358881,14.629713430684987,EPSG:32633
EMSR429_3_29UMA_x483835_y5993585_S1RTC,2018-12-21,2019-01-26,2019-02-19,2019-03-15,54.07877308765569,-9.227586494385115,EPSG:32629
EMSR429_7_29UNU_x545385_y5881885_S1RTC,2019-01-12,2019-01-29,2019-02-19,2019-02-22,53.0729287265444,-8.303548593744503,EPSG:32629
EMSR265_6_31UDQ_x460915_y5400995_S1RTC,2016-12-06,2017-01-06,2017-01-23,2017-02-19,48.74934623819582,2.485639248414482,EPSG:32631
EMSR472_1_48QXD_x688185_y1891415_S1RTC,2019-08-25,2019-09-18,2019-10-12,2019-11-17,17.08786189735602,106.78050891816437,EPSG:32648
EMSR184_3_55HED_x502625_y6329235_S1RTC,2015-08-21,2015-09-02,2015-10-08,2015-10-20,-33.18719057279248,147.0418373796654,EPSG:32755
EMSR774_1_15QTV_x203625_y1981615_S1RTC,2023-08-24,2023-10-02,2023-10-26,2023-11-07,17.891083186837854,-95.78497372044527,EPSG:32614
EMSR477_1_16PFA_x701375_y1596405_S1RTC,2019-09-15,2019-10-14,2019-11-02,2019-12-01,14.421129002425445,-85.12027424395716,EPSG:32616
EMSR706_1_31UDS_x413205_y5637115_S1RTC,2022-09-01,2022-10-12,2022-11-17,2022-11-29,50.86791221047162,1.7846675217021695,EPSG:32631
EMSR712_5_32UPD_x644705_y5805415_S1RTC,2022-11-07,2022-12-06,2022-12-30,2023-01-11,52.368061514587424,11.144176969935542,EPSG:32632
EMSR258_6_34TCK_x376145_y4485735_S1RTC,2016-10-18,2016-11-16,2016-11-28,2016-12-16,40.501802585300815,19.553338401329672,EPSG:32634
EMSR568_1_37LFE_x656785_y8398685_S1RTC,2021-02-03,2021-02-21,2021-03-17,2021-03-17,-14.49148919783876,40.46667344855786,EPSG:32737
EMSR483_2_33SXD_x672955_y4335485_S1RTC,2019-10-07,2019-10-25,2019-11-18,2019-12-06,39.13965814541397,17.015969171027294,EPSG:32633
EMSR283_7_32VPM_x665185_y6676205_S1RTC,2017-04-09,2017-04-26,2017-05-08,2017-05-20,60.17720641956365,12.001101677284433,EPSG:32633
EMSR280_1_33VVH_x425815_y6728285_S1RTC,2017-03-11,2017-04-04,2017-04-16,2017-05-22,60.67214041543615,13.665625204992281,EPSG:32632
EMSR712_4_32UMC_x502075_y5780545_S1RTC,2022-10-31,2022-11-21,2022-12-27,2023-01-20,52.1639087849407,9.048976944889125,EPSG:32632
EMSR261_3_32UPC_x629025_y5789495_S1RTC,2016-10-09,2016-10-30,2016-12-13,2017-01-03,52.22896543369218,10.907854730110966,EPSG:32632
EMSR771_5_32TPQ_x678815_y4953035_S1RTC,2023-08-27,2023-09-24,2023-10-14,2023-11-19,44.69659476508254,11.272991421990989,EPSG:32632
EMSR471_1_34UEV_x515915_y5421915_S1RTC,2019-08-15,2019-09-16,2019-10-10,2019-11-15,48.938448679270884,21.234731580999945,EPSG:32634
EMSR322_17_16RFU_x679055_y3361015_S1RTC,NaN,2017-09-20,2017-10-14,2017-10-14,30.356120536717523,-85.1237110200598,EPSG:32616
EMSR664_7_32TQQ_x268135_y4932495_S1RTC,2022-03-16,2022-04-09,2022-05-15,2022-05-16,44.4974647126303,12.09956386685826,EPSG:32633
EMSR492_1_30TXP_x697515_y4869505_S1RTC,2019-11-21,2019-12-03,2020-01-08,2020-01-20,43.94034693426561,-0.5230314282636989,EPSG:32630
EMSR329_4_32SNJ_x551625_y4366265_S1RTC,2017-08-26,2017-09-07,2017-10-19,2017-11-24,39.43282800803178,9.614672874072136,EPSG:32632
EMSR728_1_32UMV_x496335_y5408845_S1RTC,2023-04-22,2023-05-08,2023-06-01,2023-07-03,48.821107751209695,8.967440516927294,EPSG:32632
EMSR314_3_32NKN_x255335_y729425_S1RTC,2017-07-11,2017-08-16,2017-09-21,2017-10-03,6.582660644090058,6.79882798166429,EPSG:32632
EMSR779_1_33PVM_x467635_y1173495_S1RTC,2023-09-18,2023-10-24,2023-11-17,2023-12-23,10.604105985809474,14.715780918862505,EPSG:32633
EMSR422_6_30TYK_x748025_y4416125_S1RTC,2018-12-15,2019-01-08,2019-01-20,2019-02-06,39.84709287937882,-0.08613475462481486,EPSG:32631
EMSR332_1_32TPR_x683305_y5024145_S1RTC,2017-09-14,2017-09-26,2017-10-25,2017-11-13,45.33504263310521,11.355707414269343,EPSG:32633
EMSR265_6_31UDP_x494055_y5399165_S1RTC,2016-11-19,2017-01-09,2017-01-21,2017-02-19,48.73401390307677,2.936489550173135,EPSG:32631
EMSR421_5_31TDH_x496355_y4734465_S1RTC,2018-12-03,2018-12-22,2019-01-16,2019-02-20,42.751227120095464,2.9710397857410307,EPSG:32631
EMSR788_1_30UXU_x608645_y5321525_S1RTC,2023-12-07,2024-01-12,2024-01-24,2024-02-21,48.02607627266979,-1.525692680075656,EPSG:32630
EMSR229_3_14RNR_x591505_y3048265_S1RTC,NaN,NaN,NaN,NaN,27.543526730789623,-98.0603251487768,EPSG:32614
EMSR482_3_16PDC_x415995_y1741525_S1RTC,2019-09-18,2019-11-07,2019-11-19,2019-12-01,15.739301982667005,-87.77222504784987,EPSG:32616
EMSR706_4_31UDS_x423095_y5626985_S1RTC,2022-09-01,2022-10-07,2022-11-05,2022-12-06,50.77821010869893,1.9272763560129738,EPSG:32631
EMSR200_12_56JNP_x529145_y6800805_S1RTC,2016-02-02,2016-02-26,2016-04-02,2016-04-26,-28.931802147726263,153.31211506627756,EPSG:32756
EMSR314_2_32NKP_x264255_y866215_S1RTC,2017-07-23,2017-08-28,2017-09-21,2017-10-15,7.8195405778026315,6.8737054197323015,EPSG:32632
EMSR332_8_32TQS_x290545_y5101975_S1RTC,2017-09-22,2017-10-04,2017-10-28,2017-11-02,46.02820926953118,12.310056809182798,EPSG:32633
EMSR166_4_33UUP_x376235_y5364745_S1RTC,2015-04-22,2015-05-04,2015-05-31,2015-06-09,48.412471785684055,13.344678958091647,EPSG:32633
EMSR728_6_32UPU_x626655_y5311005_S1RTC,2023-04-21,2023-04-29,2023-06-04,2023-06-16,47.928114736072324,10.7126306129462,EPSG:32632
EMSR424_3_38KPG_x670935_y8163915_S1RTC,2018-12-07,NaN,2019-02-05,2019-03-01,-16.612297400590997,46.6143947544943,EPSG:32738
EMSR165_1_31UDP_x476805_y5359145_S1RTC,2015-04-23,2015-05-01,2015-05-29,2015-07-04,48.373618060204684,2.7040048329857687,EPSG:32631
EMSR629_3_42RVS_x435825_y3127255_S1RTC,2021-06-24,2021-07-22,2021-08-23,2021-08-27,28.258274928971836,68.35874062785196,EPSG:32642
EMSR479_1_15QVA_x474785_y2010655_S1RTC,2019-09-12,2019-10-06,2019-11-08,2019-11-23,18.173356918827537,-93.22636388658788,EPSG:32615
EMSR200_3_55KFS_x688445_y7658085_S1RTC,NaN,NaN,NaN,NaN,-21.180249861255867,148.82745300252094,EPSG:32756
EMSR696_1_34SFB_x650295_y3620135_S1RTC,2022-07-27,2022-08-13,2022-09-06,2022-09-30,32.69706614810505,22.616936719623887,EPSG:32634
EMSR350_2_50KPC_x672815_y7757325_S1RTC,2018-02-15,2018-02-15,2018-03-23,2018-04-04,-20.2854683302734,118.66710346987287,EPSG:32750
EMSR332_1_32TPR_x685865_y5044625_S1RTC,2017-09-14,2017-09-26,2017-10-25,2017-11-13,45.51854904026278,11.396135397099854,EPSG:32633
EMSR184_4_55HCC_x329295_y6279125_S1RTC,2015-07-28,2015-09-02,2015-10-01,2015-10-20,-33.6256867156193,145.17340011828213,EPSG:32755
EMSR429_6_29UMU_x506325_y5879205_S1RTC,2018-12-21,2019-01-26,2019-02-19,2019-02-19,53.05082119191225,-8.886620521294212,EPSG:32629
EMSR481_3_16PFC_x608865_y1743485_S1RTC,2019-09-20,2019-10-02,2019-10-31,2019-11-02,15.755962768835403,-85.9718591708294,EPSG:32616
EMSR311_3_17SQT_x716165_y3767615_S1RTC,2017-07-26,2017-08-19,2017-09-12,2017-10-06,34.01518443722329,-78.64525479209009,EPSG:32617
EMSR697_1_34SEJ_x585515_y4305725_S1RTC,2022-08-13,2022-09-05,2022-09-23,2022-10-05,38.884632091289724,22.00065556424003,EPSG:32634
EMSR200_6_55KET_x568835_y7791185_S1RTC,NaN,NaN,NaN,NaN,-19.986160705318465,147.67016385014577,EPSG:32755
EMSR472_5_49PBS_x262355_y1678975_S1RTC,2019-08-20,2019-09-13,2019-10-11,2019-10-19,15.164427742596175,108.80014145149427,EPSG:32649
EMSR199_13_17MQM_x726725_y9103535_S1RTC,2016-02-07,2016-03-05,2016-03-26,2016-04-19,-8.116332003541197,-78.93086317547449,EPSG:32717
EMSR482_8_16PFB_x620495_y1636795_S1RTC,2019-09-25,2019-10-31,2019-11-24,2019-12-06,14.791028299344955,-85.86849036390758,EPSG:32616
EMSR456_2_16PHA_x814115_y1552295_S1RTC,2019-06-23,2019-07-17,2019-08-10,2019-09-15,14.012178144151664,-84.08044240026412,EPSG:32616
EMSR264_9_39KTT_x249925_y7789245_S1RTC,2016-11-13,2016-12-31,2016-12-31,2017-01-05,-19.98900415204371,48.62222559913318,EPSG:32739
EMSR184_4_55HCC_x324175_y6291925_S1RTC,2015-07-28,2015-09-02,NaN,2015-10-20,-33.5094713817935,145.12073004118025,EPSG:32755
EMSR277_3_35TMF_x433085_y4529755_S1RTC,2017-01-24,2017-03-07,2017-03-31,2017-04-24,40.904787557976455,26.220638727776382,EPSG:32635
EMSR283_2_32VPP_x358455_y6803655_S1RTC,2017-03-28,2017-04-09,2017-05-08,2017-05-20,61.33016984622884,12.378790885232148,EPSG:32632
EMSR167_3_31UFS_x671455_y5680755_S1RTC,2015-04-26,2015-05-03,2015-06-05,2015-07-02,51.24050536666385,5.474587330551925,EPSG:32631
EMSR264_7_39KUA_x335515_y8023855_S1RTC,2016-11-13,2016-12-07,2016-12-31,2017-02-05,-17.878526694896095,49.45948800477397,EPSG:32739
EMSR469_8_49PBS_x267855_y1676385_S1RTC,2019-08-20,2019-09-13,2019-10-07,2019-10-31,15.141521352085688,108.85153927305223,EPSG:32649
EMSR280_5_33VVH_x477795_y6767715_S1RTC,2017-03-11,2017-04-04,2017-04-21,2017-05-22,61.032237327659445,14.612628320697606,EPSG:32633
EMSR779_3_33PVN_x501845_y1248345_S1RTC,2023-09-30,2023-10-24,2023-11-17,2023-12-11,11.281179284750976,15.028587397407268,EPSG:32633
EMSR203_3_15SVA_x501405_y4084385_S1RTC,NaN,2016-04-14,2016-05-08,2016-05-08,36.8939641818328,-92.96992125723854,EPSG:32615
EMSR637_12_55HBA_x301415_y5996225_S1RTC,2021-08-25,2021-09-30,2021-10-24,2021-11-17,-36.17014250198216,144.80621276411335,EPSG:32755
EMSR471_4_33UYQ_x770365_y5455515_S1RTC,2019-09-06,2019-09-13,2019-10-12,2019-11-05,49.180741502488765,18.727731641480144,EPSG:32634
EMSR774_1_15QTV_x221545_y1968815_S1RTC,2023-08-24,2023-10-02,2023-10-26,2023-11-07,17.777852397942574,-95.61430094246371,EPSG:32614
EMSR471_4_33UYQ_x765245_y5470875_S1RTC,2019-09-06,2019-09-13,2019-10-12,2019-11-05,49.32087036235467,18.667836288204605,EPSG:32634
EMSR645_4_38KMD_x453695_y7815215_S1RTC,2021-11-14,2022-01-01,2022-01-25,2022-02-01,-19.769756276296008,44.57014904566254,EPSG:32738
EMSR229_5_15RUP_x391465_y3326015_S1RTC,NaN,NaN,NaN,2016-10-04,30.049031594323644,-94.11261773465355,EPSG:32615
EMSR277_2_35TMF_x445885_y4583715_S1RTC,2017-01-24,2017-03-01,2017-03-25,2017-04-18,41.391757018210505,26.367956290225106,EPSG:32635
EMSR696_1_34SFB_x652855_y3627815_S1RTC,2022-07-27,2022-08-13,2022-09-06,2022-09-30,32.76596201328692,22.645509118202646,EPSG:32634
EMSR203_3_15SWB_x526495_y4131065_S1RTC,NaN,2016-04-14,2016-05-08,2016-05-08,37.31433914445205,-92.68659917984706,EPSG:32615
EMSR200_3_55KFS_x706365_y7645285_S1RTC,NaN,NaN,NaN,NaN,-21.29387856030087,149.0015488204176,EPSG:32756
EMSR348_1_37KBA_x277495_y8035145_S1RTC,2018-01-30,2018-02-18,2018-03-14,2018-04-07,-17.771450297241348,36.913266256187065,EPSG:32737
EMSR417_1_29TNE_x538425_y4441365_S1RTC,2018-10-17,2018-11-28,2018-12-17,2019-01-03,40.11017805984948,-8.534160644844109,EPSG:32629
EMSR264_16_38KND_x528745_y7820925_S1RTC,2016-11-23,2016-12-17,2017-01-10,2017-02-03,-19.718442796336056,45.28647690699847,EPSG:32738
EMSR472_4_48PZC_x229055_y1706395_S1RTC,2019-08-20,2019-09-17,2019-10-11,2019-10-19,15.408857076404505,108.48747358374553,EPSG:32648
EMSR350_2_50KPC_x636975_y7724045_S1RTC,2018-02-08,2018-02-15,2018-03-23,2018-04-04,-20.58904414788542,118.32655039886546,EPSG:32750
EMSR264_11_38KRC_x234755_y7728245_S1RTC,2016-11-13,2016-12-31,2017-01-05,2017-01-24,-20.537683542146016,48.46842887858198,EPSG:32739
EMSR742_1_34VFJ_x663715_y6293145_S1RTC,2023-06-19,2023-07-06,2023-07-30,2023-09-04,56.74158580580735,23.697708807872964,EPSG:32635
EMSR229_3_14RPR_x623155_y3079165_S1RTC,2016-07-10,NaN,NaN,NaN,27.81987895949807,-97.73662384759592,EPSG:32614
EMSR279_2_30TWN_x568185_y4757575_S1RTC,2017-02-09,2017-03-24,2017-04-10,2017-04-29,42.956176036163946,-2.1484246395543924,EPSG:32630
EMSR322_17_16RFU_x668815_y3366135_S1RTC,NaN,2017-09-20,2017-10-14,2017-10-14,30.403787414802743,-85.22937918140376,EPSG:32616
EMSR712_9_32UNC_x606095_y5791235_S1RTC,2022-11-04,2022-11-19,2022-12-18,2023-02-01,52.249551576594065,10.572817810607013,EPSG:32633
EMSR358_4_33TXK_x691535_y4989145_S1RTC,2018-03-23,2018-04-15,2018-05-10,2018-06-07,45.01806042777929,17.447120856310473,EPSG:32633
EMSR321_1_16PDA_x439935_y1501025_S1RTC,2017-08-30,2017-09-12,2017-10-05,2017-11-05,13.565599411149957,-87.54338586526434,EPSG:32616
EMSR397_1_31TCG_x353915_y4627065_S1RTC,2018-09-04,2018-09-28,2018-10-22,2018-11-21,41.770747405437405,1.257729494241917,EPSG:32630
EMSR280_4_33VWH_x550755_y6764835_S1RTC,2017-03-11,2017-04-04,2017-04-16,2017-05-10,61.003506304116314,15.962119397885928,EPSG:32633
EMSR184_4_55HCD_x350745_y6319375_S1RTC,2015-08-14,2015-09-02,2015-10-01,2015-11-25,-33.26598229739896,145.41119740919646,EPSG:32755
EMSR326_3_30SUF_x308835_y4044205_S1RTC,2017-08-31,2017-09-25,2017-10-18,2017-10-19,36.51289635119238,-5.1205758016111655,EPSG:32630
EMSR279_2_30TWN_x570745_y4762695_S1RTC,2017-02-09,2017-03-24,2017-04-10,2017-04-29,43.002039003451934,-2.1163828489986494,EPSG:32630
EMSR229_4_14RPT_x615985_y3298805_S1RTC,2016-07-10,2016-07-22,2016-08-27,2016-09-08,29.802606201338346,-97.78665178170876,EPSG:32614
EMSR264_12_38KQV_x790595_y7486275_S1RTC,2016-11-13,2016-12-31,2017-01-05,2017-01-29,-22.717102535172636,47.84131413267009,EPSG:32739
EMSR472_3_48PZC_x818615_y1799585_S1RTC,2019-08-17,2019-09-10,2019-10-11,2019-10-23,16.24441693270492,107.99237206659662,EPSG:32648
EMSR279_2_30TWN_x596345_y4737095_S1RTC,2017-02-09,2017-03-24,2017-04-10,2017-04-29,42.768698856089166,-1.8068041146608955,EPSG:32630
EMSR279_5_30TXM_x695095_y4621125_S1RTC,2017-02-17,2017-03-12,2017-04-11,2017-04-17,41.706213519199146,-0.6397895487592575,EPSG:32631
EMSR504_12_56HKJ_x298645_y6299085_S1RTC,2020-01-17,2020-02-25,2020-03-20,2020-04-10,-33.4404628507077,150.84762002395212,EPSG:32756
EMSR332_8_32TQR_x320675_y5093135_S1RTC,2017-09-22,2017-10-04,2017-10-28,2017-11-09,45.95720840199903,12.7023232152767,EPSG:32632
EMSR352_9_39RTP_x241865_y3358565_S1RTC,2018-02-10,2018-02-22,2018-04-07,2018-05-01,30.320188902132315,48.32865385326106,EPSG:32638
EMSR645_6_38LRH_x810465_y8213545_S1RTC,2021-11-16,2022-01-03,2022-01-27,2022-01-27,-16.149957928190275,47.91480173803533,EPSG:32739
EMSR771_5_32TPQ_x666015_y4953035_S1RTC,2023-08-27,2023-09-24,2023-10-14,2023-11-19,44.69969518056622,11.111550882882371,EPSG:32632
EMSR771_1_32TPQ_x701315_y4950975_S1RTC,2023-08-27,2023-09-24,2023-10-14,2023-11-19,44.672065747833905,11.555891771819057,EPSG:32632
EMSR184_4_55HDD_x415785_y6321525_S1RTC,2015-07-28,2015-09-02,NaN,2015-11-25,-33.253554533125595,146.109600775907,EPSG:32755
EMSR481_3_16PFC_x624225_y1766525_S1RTC,2019-09-25,2019-10-07,2019-10-31,2019-11-02,15.963488991639124,-85.82729310977804,EPSG:32616
EMSR442_7_35WNT_x540045_y7782925_S1RTC,2019-04-26,2019-05-20,2019-06-08,2019-06-14,70.13815920281395,28.089757076317472,EPSG:32636
EMSR777_5_16QCE_x337095_y1966555_S1RTC,2023-09-29,2023-11-04,2023-11-16,2023-11-28,17.76895200985143,-88.52466920883188,EPSG:32616
EMSR280_2_33VVH_x461785_y6702965_S1RTC,2017-03-11,2017-04-04,2017-04-16,2017-05-22,60.44976055140049,14.328585929921758,EPSG:32633
EMSR712_9_32UND_x591875_y5808935_S1RTC,2022-11-09,2022-11-19,2022-12-18,2022-12-30,52.411228175251374,10.369489196204757,EPSG:32632
EMSR167_4_31UFS_x638195_y5644545_S1RTC,2015-04-26,2015-05-03,2015-06-01,2015-07-02,50.924190448347346,4.984462083500126,EPSG:32631
EMSR184_4_55HCC_x329295_y6253525_S1RTC,2015-07-28,2015-09-02,2015-10-01,2015-10-20,-33.856462773640665,145.16850041113676,EPSG:32755
EMSR350_2_50KPC_x662575_y7757325_S1RTC,2018-02-08,2018-02-15,2018-03-23,2018-04-04,-20.2863742261535,118.56907264324981,EPSG:32750
EMSR347_6_36LXH_x663295_y8288995_S1RTC,2018-01-23,2018-02-28,2018-03-12,2018-03-24,-15.482481842306616,34.534113451828944,EPSG:32736
EMSR728_6_32UPU_x611295_y5316125_S1RTC,2023-04-21,2023-04-29,2023-06-04,2023-06-16,47.97704679713691,10.508421072685023,EPSG:32632
EMSR326_3_30STF_x268485_y4078105_S1RTC,2017-09-17,2017-09-18,2017-10-18,2017-11-05,36.80933583254316,-5.580983034205814,EPSG:32630
EMSR421_4_31TDH_x467945_y4742485_S1RTC,2018-11-28,2019-01-04,2019-01-16,2019-02-13,42.82283517120653,2.6234502422241204,EPSG:32631
EMSR321_1_16PDA_x445055_y1498465_S1RTC,2017-08-30,2017-09-12,2017-10-05,2017-11-05,13.542550436637084,-87.49601589225797,EPSG:32616
EMSR280_1_33VVH_x423255_y6720605_S1RTC,2017-03-11,2017-04-04,2017-04-16,2017-05-22,60.6027315094959,13.621734933979605,EPSG:32632
EMSR265_15_31UFQ_x615365_y5434065_S1RTC,2016-11-26,2017-01-06,2017-01-21,2017-02-14,49.036948554599256,4.595904300205948,EPSG:32631
EMSR347_6_36LXJ_x686455_y8313625_S1RTC,2018-01-23,2018-02-28,2018-03-12,2018-03-24,-15.25830645909864,34.74808544395085,EPSG:32736
EMSR229_5_15RUP_x376105_y3315775_S1RTC,NaN,NaN,NaN,2016-10-04,29.95519818928935,-94.27073974916634,EPSG:32615
EMSR167_1_31UFS_x608665_y5677555_S1RTC,2015-04-26,2015-05-03,2015-06-01,2015-07-02,51.22730125794736,4.574523325917306,EPSG:32631
EMSR277_3_35TMF_x440765_y4545115_S1RTC,2017-01-24,2017-03-02,2017-03-26,2017-04-19,41.04372486167308,26.3103793851005,EPSG:32635
EMSR402_1_49PBR_x291795_y1536665_S1RTC,2018-09-06,2018-10-16,2018-10-28,2018-11-09,13.8809515572006,109.0851173141314,EPSG:32649
EMSR742_1_34VFJ_x648355_y6293145_S1RTC,2023-06-19,2023-07-06,2023-07-30,2023-09-04,56.74676460979781,23.446834210202656,EPSG:32635
EMSR200_3_55KFS_x688445_y7645285_S1RTC,NaN,NaN,NaN,NaN,-21.295843750459195,148.8288785711191,EPSG:32756
EMSR788_1_30UWU_x595845_y5295815_S1RTC,2023-11-25,2024-01-12,2024-01-24,2024-02-21,47.79688932876802,-1.703116484501228,EPSG:32630
EMSR264_8_39KTU_x272935_y7869055_S1RTC,2016-11-13,2016-12-07,2016-12-31,2017-01-24,-19.271081278938958,48.85161761021735,EPSG:32739
EMSR429_7_29UNU_x550505_y5897245_S1RTC,2019-01-12,2019-01-29,2019-02-19,2019-02-22,53.21051871045241,-8.224651986005052,EPSG:32629
EMSR229_3_14RNR_x604305_y3068745_S1RTC,NaN,NaN,NaN,NaN,27.727446417221795,-97.9289056219439,EPSG:32614
EMSR312_5_51QUV_x379165_y1941595_S1RTC,2017-08-04,2017-08-16,2017-09-09,2017-10-03,17.546069851650643,121.87351867510186,EPSG:32651
EMSR472_4_48PZC_x188095_y1765275_S1RTC,2019-08-20,2019-09-17,2019-10-11,2019-10-19,15.935848352108575,108.09867206369557,EPSG:32648
EMSR421_5_31TDH_x483555_y4734465_S1RTC,2018-12-03,2018-12-22,2019-01-16,2019-02-20,42.75108076823835,2.8146306512279957,EPSG:32631
EMSR762_2_32TPQ_x698485_y4927755_S1RTC,2023-07-26,2023-08-27,2023-09-12,2023-10-18,44.464020137833145,11.51121541063901,EPSG:32632
EMSR417_1_29TNE_x558905_y4436245_S1RTC,2018-10-17,2018-11-29,2018-12-17,2019-01-09,40.06283629296224,-8.294339310959256,EPSG:32629
EMSR417_1_29TNE_x551225_y4449045_S1RTC,2018-10-17,2018-11-28,2018-12-17,2019-01-03,40.17866616929597,-8.383347505769917,EPSG:32629
EMSR283_7_32VPM_x665185_y6681325_S1RTC,2017-04-09,2017-04-26,2017-05-08,2017-05-20,60.223115678030375,12.005300328540804,EPSG:32633
EMSR771_6_32TPQ_x625085_y4954235_S1RTC,2023-08-15,2023-09-24,2023-10-14,2023-11-07,44.718876707361765,10.595457219069862,EPSG:32632
EMSR498_1_31TCK_x403905_y4976175_S1RTC,2019-12-10,2020-01-04,2020-01-27,2020-02-20,44.921210633900245,1.798579849185312,EPSG:32631
EMSR779_1_33PVM_x490675_y1124855_S1RTC,2023-09-18,2023-10-24,2023-11-17,2023-12-23,10.164308330400868,14.926510884363173,EPSG:32633
EMSR771_8_32TNQ_x606615_y4974605_S1RTC,2023-08-15,2023-09-24,2023-10-18,2023-11-11,44.90521945476137,10.366644800670116,EPSG:32632
EMSR199_13_17MQM_x726725_y9095855_S1RTC,2016-02-07,2016-03-05,2016-03-26,2016-04-19,-8.185755751239386,-78.93050624764383,EPSG:32717
EMSR280_4_33VWH_x555875_y6764835_S1RTC,2017-03-11,2017-04-04,2017-04-16,2017-05-10,61.0027980049293,16.05677842876298,EPSG:32633
EMSR264_3_38LQJ_x803505_y8377045_S1RTC,2016-11-18,2016-12-12,2017-01-05,2017-01-29,-14.674477525766495,47.82971894823128,EPSG:32739
EMSR184_8_55HED_x596565_y6307305_S1RTC,NaN,2015-09-09,2015-09-21,2015-10-15,-33.38054807748707,148.05187530587168,EPSG:32755
EMSR479_1_15QVA_x459425_y2015775_S1RTC,2019-09-12,2019-10-06,2019-11-08,2019-11-23,18.219406886621655,-93.37169613032388,EPSG:32615
EMSR779_3_33PVP_x496835_y1316825_S1RTC,2023-09-30,2023-11-05,2023-11-17,2023-12-11,11.90048897908693,14.982644446096229,EPSG:32633
EMSR332_1_32TPR_x650025_y5047185_S1RTC,2017-09-14,2017-09-26,2017-10-25,2017-11-13,45.55028178766432,10.938327963598006,EPSG:32633
EMSR397_1_31TCG_x335995_y4621945_S1RTC,2018-09-04,2018-09-28,2018-10-22,2018-11-21,41.721187148681125,1.043641121505148,EPSG:32630
EMSR416_1_30TXP_x674455_y4809155_S1RTC,2018-10-09,2018-11-27,2018-12-08,2019-01-13,43.40321419376142,-0.8298095399334211,EPSG:32630
EMSR203_3_15SVB_x432425_y4105595_S1RTC,NaN,2016-04-14,NaN,NaN,37.082818474500726,-93.74594820741913,EPSG:32615
EMSR634_2_33TUJ_x322805_y4804435_S1RTC,2021-08-01,2021-09-05,2021-09-13,2021-09-17,43.36069905943728,12.828981493908914,EPSG:32632
EMSR279_4_30TXM_x657715_y4653585_S1RTC,2017-02-17,2017-03-12,2017-04-11,2017-04-17,42.006761824512566,-1.0800743550427134,EPSG:32631
EMSR472_4_48PZC_x221375_y1701275_S1RTC,2019-08-20,2019-09-17,2019-10-11,2019-10-19,15.3617946501407,108.41654082333447,EPSG:32648
EMSR265_20_31UFP_x625705_y5365145_S1RTC,2016-12-04,2017-01-09,2017-01-21,2017-02-18,48.415180057374194,4.716091840918039,EPSG:32631
EMSR312_6_51QUV_x371475_y1909045_S1RTC,2017-08-04,2017-08-16,2017-09-09,2017-10-03,17.251483611639145,121.80299137477934,EPSG:32651
EMSR482_5_16PEC_x596805_y1727935_S1RTC,2019-09-20,2019-11-07,2019-11-19,2019-12-13,15.615900501272458,-86.08505324519511,EPSG:32616
EMSR322_17_16RFU_x673935_y3384055_S1RTC,NaN,2017-09-20,2017-10-14,2017-10-14,30.564680767773286,-85.17308564870244,EPSG:32616
EMSR279_1_30TWN_x541975_y4752015_S1RTC,2017-02-21,2017-03-29,2017-04-10,2017-04-22,42.908048780503364,-2.4701694751435617,EPSG:32630
EMSR167_1_31UFS_x611225_y5667315_S1RTC,2015-04-26,2015-05-03,2015-06-01,2015-07-02,51.13475841482655,4.607965264201147,EPSG:32631
EMSR166_4_33UUP_x383915_y5377545_S1RTC,2015-04-22,2015-05-04,2015-05-31,2015-06-09,48.529029979664244,13.444910688992303,EPSG:32633
EMSR251_3_32VML_x491045_y6518465_S1RTC,2016-09-10,2016-10-04,2016-10-16,2016-10-21,58.79461262716111,8.867114359555277,EPSG:32632
EMSR280_2_33VVG_x479655_y6696675_S1RTC,2017-03-11,2017-04-04,2017-04-16,2017-05-22,60.39452566187609,14.653977741068909,EPSG:32633
EMSR280_2_33VVG_x469415_y6691555_S1RTC,2017-03-11,2017-04-04,2017-04-16,2017-05-22,60.34794403577226,14.468930704228672,EPSG:32633
EMSR264_17_38KMD_x485605_y7846495_S1RTC,NaN,2016-12-17,2017-01-10,2017-02-03,-19.487550098134832,44.87497573511007,EPSG:32738
EMSR706_1_31UDR_x454005_y5584485_S1RTC,2022-09-01,2022-10-12,2022-11-17,2022-11-29,50.39923304664538,2.3707752417846275,EPSG:32631
EMSR277_2_35TMF_x451005_y4558115_S1RTC,2017-01-24,2017-03-01,2017-03-25,2017-04-18,41.161488727599824,26.431201307363224,EPSG:32635
EMSR469_1_48QWF_x590345_y2028835_S1RTC,2019-08-25,2019-09-03,2019-10-09,2019-11-05,18.33583704454798,105.8670908064447,EPSG:32648
EMSR264_16_38KND_x513385_y7805565_S1RTC,2016-11-23,2016-12-17,2017-01-10,2017-02-03,-19.857423476633056,45.14002021573424,EPSG:32738
EMSR166_4_33UUP_x358315_y5374985_S1RTC,2015-04-22,2015-05-04,2015-06-09,2015-06-09,48.50080729551574,13.09920369077094,EPSG:32633
EMSR629_1_42RVR_x439395_y3050615_S1RTC,2021-07-06,2021-07-22,2021-08-23,2021-08-27,27.56661847147833,68.3989714946076,EPSG:32642
EMSR771_5_32TPQ_x671135_y4940235_S1RTC,2023-08-27,2023-09-24,2023-10-14,2023-11-19,44.583333518147356,11.171828133344837,EPSG:32632
EMSR184_8_55HED_x591445_y6299625_S1RTC,NaN,2015-09-09,2015-09-21,2015-10-15,-33.45026367238782,147.99762948496138,EPSG:32755
EMSR265_20_31UFP_x625705_y5344665_S1RTC,2016-12-04,2017-01-09,2017-01-21,2017-02-18,48.2310105200984,4.709923289143917,EPSG:32631
EMSR352_1_39STS_x773495_y3608305_S1RTC,2018-02-18,2018-03-14,2018-04-07,2018-05-01,32.56667921210745,47.92660049839056,EPSG:32639
EMSR450_4_48QWF_x571525_y2062245_S1RTC,2019-06-14,2019-07-08,2019-08-01,2019-08-25,18.638507294622013,105.6901970259895,EPSG:32648
EMSR229_5_15RUP_x391465_y3300415_S1RTC,NaN,NaN,NaN,2016-10-04,29.818042847545996,-94.11005058539256,EPSG:32615
EMSR264_5_38KPG_x698795_y8194785_S1RTC,2016-11-23,2016-12-17,2017-01-10,2017-02-03,-16.33119000803367,46.872794194762385,EPSG:32738
EMSR470_1_31PBN_x262405_y1213735_S1RTC,2019-08-09,2019-09-20,2019-10-20,2019-10-20,10.960498904521373,0.8375330614211172,EPSG:32631
EMSR339_1_37KBA_x276455_y8027175_S1RTC,2017-11-26,2018-01-01,2018-01-30,2018-01-30,-17.843336451027554,36.9026197891273,EPSG:32737
EMSR311_8_17SPV_x686115_y3901075_S1RTC,2017-07-26,2017-08-19,2017-09-12,2017-10-18,35.22375827941843,-78.94097654355896,EPSG:32617
EMSR277_2_35TMF_x440765_y4570915_S1RTC,2017-01-24,2017-03-01,2017-03-25,2017-04-18,41.2761140294393,26.307939061678976,EPSG:32635
EMSR311_3_17SQT_x713605_y3749695_S1RTC,2017-07-26,2017-08-19,2017-09-12,2017-10-06,33.85422468515845,-78.67734889181565,EPSG:32617
EMSR427_4_33VUE_x712495_y6455965_S1RTC,2018-12-29,2019-01-17,2019-02-22,2019-03-18,58.18155311538649,12.636026310413145,EPSG:32632
EMSR165_1_31UDP_x479365_y5341225_S1RTC,2015-04-23,2015-05-01,2015-05-29,2015-07-04,48.212482145206444,2.739394896477322,EPSG:32631
EMSR783_1_30VVJ_x431045_y6337565_S1RTC,2023-11-15,2023-12-09,2023-12-26,2024-01-19,57.16483307132638,-4.11909455256401,EPSG:32630
EMSR352_1_39STS_x824695_y3618545_S1RTC,2018-02-18,2018-03-13,2018-04-06,2018-05-01,32.6450126754378,48.47470283043746,EPSG:32639
EMSR203_2_15SVB_x424265_y4136665_S1RTC,NaN,2016-04-14,2016-05-08,2016-06-13,37.362243210853045,-93.84085194605119,EPSG:32615
EMSR793_1_37LFD_x659475_y8322765_S1RTC,2024-01-13,2024-02-18,2024-03-13,2024-03-25,-15.177517309945888,40.496338895461975,EPSG:32737
EMSR251_3_32VML_x496165_y6536385_S1RTC,2016-09-10,2016-10-04,2016-10-16,2016-10-21,58.95560968893808,8.95549856645758,EPSG:32632
EMSR314_2_32NKP_x264255_y868775_S1RTC,2017-07-23,2017-08-28,2017-09-21,2017-10-15,7.842681334717466,6.873588025291349,EPSG:32632
EMSR280_3_33VWH_x556965_y6728515_S1RTC,2017-03-11,2017-04-04,2017-05-10,2017-05-29,60.676610274664085,16.066018966134767,EPSG:32633
EMSR326_3_30STF_x281285_y4070425_S1RTC,2017-09-18,2017-09-18,2017-10-18,2017-11-05,36.74319215374343,-5.435426188556875,EPSG:32630
EMSR251_2_32VMK_x470785_y6476695_S1RTC,2016-09-03,2016-10-04,2016-10-16,2016-10-28,58.41864419284899,8.521718183217232,EPSG:32632
EMSR280_3_33VWH_x533925_y6718275_S1RTC,2017-03-11,2017-04-04,2017-05-10,2017-05-29,60.58736913723411,15.64250691063421,EPSG:32633
EMSR229_4_14RNS_x553165_y3196355_S1RTC,2016-07-10,NaN,NaN,NaN,28.882356924213518,-98.44170311238132,EPSG:32614
EMSR712_9_32UPC_x625795_y5796445_S1RTC,2022-11-04,2022-12-01,2022-12-18,2022-12-30,52.292171551905206,10.863204790632793,EPSG:32633
EMSR187_1_35TNL_x566745_y5033095_S1RTC,2015-08-29,2015-09-22,2015-10-08,2015-11-09,45.43659284527227,27.86966079187083,EPSG:32635
EMSR167_3_31UFS_x663775_y5670515_S1RTC,2015-04-26,2015-05-03,2015-06-05,2015-07-02,51.150777141636,5.3599564240087725,EPSG:32631
EMSR703_1_14QMD_x412825_y1855555_S1RTC,2022-09-11,2022-09-23,2022-10-26,2022-11-10,16.7699465704171,-99.80600366804215,EPSG:32614
EMSR470_1_31PBM_x246975_y1178355_S1RTC,2019-08-21,2019-09-14,2019-10-20,2019-10-20,10.639743949067256,0.6988525991497135,EPSG:32631
EMSR771_8_32TNQ_x606615_y4972045_S1RTC,2023-08-15,2023-09-24,2023-10-18,2023-11-11,44.882180654488465,10.36609915458589,EPSG:32632
EMSR265_9_31UDP_x501055_y5348545_S1RTC,2016-11-19,2016-12-25,2017-01-21,2017-02-19,48.27862979487175,3.0314046039380953,EPSG:32631
EMSR777_1_16QCD_x339425_y1845045_S1RTC,2023-10-03,2023-10-27,2023-11-16,2023-11-20,16.67112792517292,-88.49384876513328,EPSG:32616
EMSR712_5_32UPD_x603745_y5815655_S1RTC,2022-11-07,2022-12-06,2022-12-30,2023-01-11,52.46947122563276,10.546049636070117,EPSG:32632
EMSR567_7_56JNP_x528175_y6817035_S1RTC,2021-01-06,2021-02-04,2021-02-23,2021-03-12,-28.785332341517243,153.30173952824734,EPSG:32756
EMSR728_6_32UPU_x626655_y5334045_S1RTC,2023-04-21,2023-04-29,2023-06-04,2023-06-16,48.13531568577674,10.719511975809539,EPSG:32632
EMSR416_2_30TXP_x651205_y4843005_S1RTC,2018-10-09,2018-12-08,2018-12-08,2019-01-13,43.71292841811311,-1.107257434150236,EPSG:32630
EMSR203_3_15SWB_x523935_y4128505_S1RTC,NaN,2016-04-14,2016-05-08,2016-05-08,37.29133665838044,-92.71557686284531,EPSG:32615
EMSR771_8_32TPQ_x626095_y4985235_S1RTC,2023-08-15,2023-10-02,2023-10-14,2023-11-07,44.99765392742505,10.615990556896872,EPSG:32632
EMSR777_5_16QCE_x334535_y1943515_S1RTC,2023-09-29,2023-11-04,2023-11-16,2023-11-28,17.560581651236557,-88.5470308221395,EPSG:32616
EMSR777_5_16QCE_x344775_y1953755_S1RTC,2023-09-29,2023-11-04,2023-11-16,2023-11-28,17.65384165356981,-88.45131014347992,EPSG:32616
EMSR280_2_33VVH_x474585_y6713205_S1RTC,2017-03-11,2017-04-04,2017-04-16,2017-05-22,60.542667156541135,14.559982045977184,EPSG:32633
EMSR504_1_56JML_x483635_y6575535_S1RTC,2020-01-24,2020-03-12,2020-03-24,2020-04-17,-30.96505620620604,152.84199103771255,EPSG:32756
EMSR570_1_56JNN_x520225_y6781035_S1RTC,2021-02-04,2021-03-19,2021-03-31,2021-04-12,-29.110424724484968,153.2209743495023,EPSG:32756
EMSR314_3_32NKN_x268135_y721745_S1RTC,2017-07-11,2017-08-16,2017-09-21,2017-10-03,6.513729111924699,6.914823406667359,EPSG:32632
EMSR203_3_15SVB_x450345_y4105595_S1RTC,NaN,2016-04-14,2016-05-08,2016-05-08,37.08391519326486,-93.54433824337275,EPSG:32615
EMSR280_2_33VVG_x466855_y6696675_S1RTC,2017-03-11,2017-04-04,2017-04-16,2017-05-22,60.3937196956046,14.421734750527424,EPSG:32633
EMSR267_1_34UEG_x526965_y6120355_S1RTC,2016-12-09,2016-12-31,2017-01-26,2017-01-31,55.21745612584835,21.443872425203917,EPSG:32634
EMSR429_6_29UMU_x485845_y5886885_S1RTC,2018-12-17,2019-01-26,2019-02-19,2019-02-19,53.11975749771515,-9.192455691603406,EPSG:32629
EMSR779_3_33PVN_x468565_y1276505_S1RTC,2023-09-30,2023-10-24,2023-11-17,2023-12-11,11.535721263468183,14.723409892792656,EPSG:32633
EMSR261_3_32UPC_x618785_y5763895_S1RTC,2016-10-09,2016-10-30,2016-12-13,2017-01-03,52.00123704423641,10.748970909784582,EPSG:32632
EMSR728_6_32TPT_x621625_y5299835_S1RTC,2023-04-05,2023-05-15,2023-05-27,2023-06-16,47.828639731076414,10.642143590044585,EPSG:32632
EMSR472_4_48PZC_x208575_y1752475_S1RTC,2019-08-20,2019-09-17,2019-10-11,2019-10-19,15.822748477891619,108.29134502133591,EPSG:32648
EMSR184_4_55HCD_x378905_y6321935_S1RTC,2015-08-14,2015-09-02,2015-10-01,2015-11-25,-33.246392738404964,145.71380448443136,EPSG:32755
EMSR199_10_17MNQ_x512795_y9426255_S1RTC,2016-01-31,2016-02-24,2016-04-03,2016-04-12,-5.202230213665306,-80.87303706729892,EPSG:32717
EMSR279_4_30TXM_x619315_y4653585_S1RTC,2017-02-21,2017-03-12,2017-04-11,2017-04-17,42.01358082262778,-1.5436158250586949,EPSG:32631
EMSR203_3_15SVB_x458025_y4128635_S1RTC,NaN,2016-04-14,2016-05-08,2016-05-08,37.291959493215245,-93.45918669581393,EPSG:32615
EMSR261_1_32UNC_x570025_y5796195_S1RTC,2016-10-09,2016-10-21,2016-12-10,2016-12-22,52.29999363893427,10.045611716813713,EPSG:32632
EMSR419_6_40RFR_x704115_y3066035_S1RTC,2018-11-15,2018-12-14,2019-01-07,2019-01-23,27.691461049958384,59.08277610659,EPSG:32640
EMSR471_3_34UCU_x359405_y5391915_S1RTC,2019-09-09,2019-09-13,2019-10-15,2019-10-15,48.65327411153404,19.108278136735326,EPSG:32634
EMSR314_1_31PHK_x815955_y985645_S1RTC,2017-07-28,2017-09-02,2017-09-14,2017-10-08,8.894014732719436,5.8841626573497425,EPSG:32631
EMSR445_1_35UMP_x447455_y5344665_S1RTC,2019-05-08,2019-06-09,2019-06-21,2019-06-25,48.24165304548225,26.30946024602399,EPSG:32635
EMSR629_2_42RVR_x449155_y3093395_S1RTC,2021-07-06,2021-08-03,2021-08-23,2021-09-20,27.953197307021476,68.49606411554045,EPSG:32642
EMSR264_17_38KMD_x436965_y7843935_S1RTC,2016-12-10,2016-12-10,2017-01-10,2017-02-03,-19.509771001184564,44.41139853130427,EPSG:32738
EMSR264_7_39KUA_x315035_y8039215_S1RTC,2016-11-13,2016-12-07,2016-12-31,2017-02-05,-17.73813077241147,49.26758250775744,EPSG:32739
EMSR233_10_19QCB_x396835_y2140505_S1RTC,NaN,2016-08-07,2016-08-31,NaN,19.34448138780515,-69.97005429948446,EPSG:32619
EMSR779_3_33PVP_x468675_y1329625_S1RTC,2023-09-30,2023-11-05,2023-11-17,2023-12-11,12.016108911225551,14.723939648208285,EPSG:32633
EMSR472_4_48PZC_x226495_y1734555_S1RTC,2019-08-20,2019-09-17,2019-10-11,2019-10-19,15.662923887917014,108.46052416275914,EPSG:32648
EMSR712_5_32UND_x560695_y5840285_S1RTC,2022-11-09,2022-12-06,2022-12-30,2023-01-11,52.69745283492135,9.917017345115692,EPSG:32632
EMSR417_1_29TNE_x512825_y4443925_S1RTC,2018-10-17,2018-11-28,2018-12-17,2019-01-03,40.134061198547045,-8.834492581433222,EPSG:32629
EMSR274_8_39KTU_x253055_y7798035_S1RTC,2017-01-24,2017-02-17,2017-03-13,2017-04-06,-19.910036840822993,48.65329389672366,EPSG:32739
EMSR472_1_48QXE_x660025_y1942575_S1RTC,2019-08-29,2019-09-10,2019-10-12,2019-10-16,17.552298865320633,106.51973687093785,EPSG:32648
EMSR728_1_32UMU_x504005_y5383865_S1RTC,2023-04-22,2023-05-08,2023-06-01,2023-07-03,48.59636817228331,9.07161097022557,EPSG:32632
EMSR645_6_38LRH_x802785_y8226345_S1RTC,2021-11-16,2022-01-03,2022-01-27,2022-01-27,-16.035354812295378,47.841412378695146,EPSG:32739
EMSR280_2_33VVG_x474535_y6694115_S1RTC,2017-03-11,2017-04-04,2017-04-16,2017-05-22,60.37126697624808,14.56138809666733,EPSG:32633
EMSR712_5_32UPD_x631905_y5810535_S1RTC,2022-11-07,2022-12-06,2022-12-30,2023-01-11,52.41732574948762,10.958329208505907,EPSG:32632
EMSR504_1_56JML_x501555_y6562735_S1RTC,2020-01-24,2020-03-12,2020-03-24,2020-04-17,-31.080646268190037,153.02966904026164,EPSG:32756
EMSR348_3_36KXD_x692195_y7829385_S1RTC,2018-01-18,2018-02-23,2018-03-19,2018-04-24,-19.632757779786726,34.845034958716305,EPSG:32736
EMSR200_12_56JMN_x501115_y6786585_S1RTC,2016-02-02,2016-02-26,2016-03-26,2016-04-02,-29.060511042105045,153.02455231750935,EPSG:32756
EMSR631_1_42RVP_x493505_y2879265_S1RTC,2021-07-22,2021-08-30,2021-09-04,2021-09-11,26.02081487107237,68.94783131848169,EPSG:32642
EMSR502_5_29UNT_x531105_y5758495_S1RTC,2019-12-28,2020-02-02,2020-02-26,2020-03-21,51.96472741824547,-8.528704913470763,EPSG:32629
EMSR265_22_31UDQ_x418635_y5423685_S1RTC,2016-12-06,2017-01-06,2017-01-26,2017-02-19,48.94942305600168,1.906112657699406,EPSG:32631
EMSR793_2_37LFC_x623635_y8292805_S1RTC,2024-01-25,2024-02-18,2024-03-13,2024-03-25,-15.450297360168811,40.16427592689963,EPSG:32737
EMSR472_4_48PZC_x213695_y1737115_S1RTC,2019-08-20,2019-09-17,2019-10-11,2019-10-19,15.684626272521415,108.34091138035116,EPSG:32648
EMSR350_4_53KMU_x408845_y7838645_S1RTC,2018-02-10,2018-02-22,2018-03-18,2018-04-11,-19.55650191860781,134.14316861889768,EPSG:32753
EMSR279_3_30TWM_x565845_y4674015_S1RTC,2017-02-09,2017-03-24,2017-04-10,2017-04-17,42.20394194784775,-2.1869458565073274,EPSG:32630
EMSR348_14_36KXD_x668525_y7886705_S1RTC,2018-01-30,2018-02-23,2018-03-19,2018-04-12,-19.117118833393537,34.61426726065317,EPSG:32736
EMSR712_9_32UPD_x616155_y5802805_S1RTC,2022-11-04,2022-11-21,2022-12-18,2022-12-30,52.35146990216732,10.724147986736801,EPSG:32633
EMSR514_1_21NUH_x331575_y775835_S1RTC,2020-04-12,2020-05-18,2020-06-11,2020-06-11,7.00490207239352,-58.513184330246645,EPSG:32621
EMSR283_3_32VPN_x650975_y6753665_S1RTC,2017-03-16,2017-04-26,2017-05-08,2017-05-08,60.877417216676214,11.804759715985094,EPSG:32633
EMSR777_1_16QCD_x347105_y1852725_S1RTC,2023-10-03,2023-10-27,2023-11-16,2023-11-20,16.741038860161066,-88.42235938410056,EPSG:32616
EMSR199_10_17MNQ_x525595_y9426255_S1RTC,2016-01-31,2016-02-24,2016-04-03,2016-04-12,-5.202196365184372,-80.75753471915502,EPSG:32717
EMSR482_5_16PFC_x634465_y1753725_S1RTC,2019-09-25,2019-11-02,2019-11-14,2019-12-08,15.847256883049662,-85.73234914581265,EPSG:32616
EMSR203_3_15SVA_x445085_y4076705_S1RTC,NaN,2016-04-14,2016-05-08,2016-05-08,36.82321432411148,-93.60146599531015,EPSG:32615
EMSR645_6_38LRH_x805345_y8221225_S1RTC,2021-11-16,2022-01-03,2022-01-27,2022-01-27,-16.081265020576495,47.86597582323134,EPSG:32739
EMSR279_11_31TCF_x308795_y4519175_S1RTC,2017-02-23,2017-03-25,2017-04-12,2017-05-06,40.79014690736444,0.7488691970181872,EPSG:32631
EMSR332_1_32TPR_x660265_y5019025_S1RTC,2017-09-14,2017-09-26,2017-10-25,2017-11-13,45.29467043534725,11.060193349627497,EPSG:32633
EMSR174_1_34TEM_x540075_y4646375_S1RTC,2015-06-26,2015-07-15,2015-08-07,2015-08-31,41.956798461062235,21.498951849570783,EPSG:32634
EMSR472_4_48PZC_x195775_y1724315_S1RTC,2019-08-20,2019-09-17,2019-10-11,2019-10-19,15.56695091408269,108.17546026427429,EPSG:32648
EMSR273_3_34TCM_x377865_y4655505_S1RTC,2017-01-15,2017-02-26,2017-03-16,2017-04-16,42.03082651960797,19.539960499439584,EPSG:32634
EMSR264_5_38KQG_x710615_y8171665_S1RTC,2016-11-23,2016-12-17,2017-01-10,2017-02-03,-16.539058842891976,46.98551272421015,EPSG:32738
EMSR238_1_32TPP_x607885_y4827095_S1RTC,2016-07-26,2016-08-26,2016-09-07,2016-10-13,43.577353170855304,10.351970113154172,EPSG:32632
EMSR437_1_30TXP_x641455_y4823085_S1RTC,2019-03-27,2019-04-12,2019-05-13,2019-05-26,43.535592087865595,-1.2334849276548476,EPSG:32630
EMSR554_3_55JGG_x716305_y6656145_S1RTC,2020-09-28,2020-11-15,2020-11-27,2020-12-23,-30.218244295180995,149.26060994985312,EPSG:32755
EMSR429_6_29UMU_x496085_y5881765_S1RTC,2018-12-21,2019-01-26,2019-02-19,2019-02-19,53.073881387707154,-9.039405481772777,EPSG:32629
EMSR243_1_19QGV_x728145_y1981595_S1RTC,NaN,2016-08-16,NaN,2016-10-13,17.89878080085795,-66.83450514189269,EPSG:32619
EMSR756_1_33UWS_x599435_y5653765_S1RTC,2023-07-23,2023-09-02,2023-09-14,2023-10-11,51.015145130804456,16.435735564577033,EPSG:32633
EMSR265_14_31UEQ_x550715_y5440995_S1RTC,2016-12-04,2017-01-06,2017-01-21,2017-02-14,49.108125367701945,3.7123498606079735,EPSG:32631
EMSR265_14_31UEQ_x558395_y5415395_S1RTC,2016-12-04,2017-01-06,2017-01-21,2017-02-14,48.877163410922876,3.8138087714945437,EPSG:32631
EMSR742_1_34VFJ_x663715_y6313625_S1RTC,2023-06-19,2023-07-06,2023-07-30,2023-09-04,56.92536755891437,23.710964789468512,EPSG:32635
EMSR429_7_29UNU_x555625_y5894685_S1RTC,2019-01-12,2019-01-29,2019-02-19,2019-02-22,53.186985670779116,-8.148450690447069,EPSG:32629
EMSR472_4_48PZC_x216255_y1757595_S1RTC,2019-08-20,2019-09-17,2019-10-11,2019-10-19,15.869869587005324,108.36238434703118,EPSG:32648
EMSR481_1_16PCB_x395905_y1679165_S1RTC,2019-09-20,2019-10-20,2019-11-05,2019-12-07,15.174848622472922,-87.95714221807526,EPSG:32616
EMSR166_4_33UUP_x378795_y5357065_S1RTC,2015-04-22,2015-05-04,2015-05-31,2015-06-09,48.34389800743553,13.381451473925399,EPSG:32633
EMSR265_21_31UEP_x599315_y5324765_S1RTC,2016-12-04,2017-01-09,2017-01-25,2017-02-18,48.05675642306466,4.349967208085794,EPSG:32631
EMSR444_2_35ULP_x398395_y5355185_S1RTC,2019-04-22,2019-06-06,2019-06-21,2019-06-26,48.330406458791586,25.64633221298943,EPSG:32635
EMSR697_1_34SEJ_x582955_y4305725_S1RTC,2022-08-13,2022-09-05,2022-09-23,2022-10-05,38.88488127431522,21.971143749007886,EPSG:32634
EMSR328_1_13QDF_x418005_y2520175_S1RTC,2017-09-01,2017-10-05,2017-10-17,2017-10-29,22.775658349369433,-105.78634322428857,EPSG:32613
EMSR324_1_31TDH_x451915_y4798765_S1RTC,2017-08-29,2017-09-15,2017-10-09,2017-10-16,43.32879662390746,2.4226153908685486,EPSG:32631
EMSR229_5_15RUN_x394005_y3296255_S1RTC,NaN,NaN,NaN,NaN,29.780724270960473,-94.08336315216214,EPSG:32615
EMSR279_3_30TWN_x591365_y4718405_S1RTC,2017-02-09,2017-03-24,2017-04-11,2017-04-29,42.601035246435906,-1.8707145422297793,EPSG:32630
EMSR793_2_37LFC_x613395_y8295365_S1RTC,2024-01-25,2024-02-18,2024-03-13,2024-03-25,-15.427637371268313,40.06872368721035,EPSG:32737
EMSR664_7_32TQQ_x278375_y4914575_S1RTC,2022-03-16,2022-04-09,2022-05-15,2022-05-16,44.33951936162052,12.235821101628003,EPSG:32633
EMSR470_1_31PBM_x223935_y1165555_S1RTC,2019-08-21,2019-09-14,2019-10-20,2019-10-20,10.52247412735373,0.4893288131978503,EPSG:32631
EMSR261_1_32UND_x564725_y5836575_S1RTC,2016-10-09,2016-10-23,2016-12-10,2016-12-10,52.66362887734221,9.975899590459115,EPSG:32632
EMSR482_5_16PFC_x637025_y1748605_S1RTC,2019-09-25,2019-11-02,2019-11-14,2019-12-08,15.800839910844232,-85.70873994746721,EPSG:32616
EMSR261_3_32UPD_x631035_y5798585_S1RTC,2016-09-29,2016-10-30,2016-12-13,2017-01-01,52.310163423945,10.940831944864177,EPSG:32632
EMSR260_7_32TPQ_x641895_y4951375_S1RTC,2016-10-18,2016-11-11,2016-12-05,2016-12-13,44.689981051606004,10.806804976747452,EPSG:32632
EMSR352_1_39RTQ_x848885_y3448675_S1RTC,2018-02-17,2018-02-22,2018-04-06,2018-04-06,31.10825696502764,48.67087591605271,EPSG:32639
EMSR424_1_38LQJ_x719035_y8306455_S1RTC,2018-12-07,NaN,2019-02-05,2019-02-05,-15.320519064677717,47.05196198140447,EPSG:32738
EMSR402_1_49PBR_x302035_y1531545_S1RTC,2018-09-06,2018-10-16,2018-10-28,2018-11-09,13.835403402868918,109.18020158543995,EPSG:32649
EMSR258_13_34TDK_x411845_y4457675_S1RTC,2016-09-29,2016-11-16,2016-11-28,2016-12-23,40.2535507127123,19.97840997229541,EPSG:32634
EMSR339_6_36KXD_x688065_y7811445_S1RTC,2017-11-19,2018-01-06,2018-01-30,2018-01-30,-19.795199599435037,34.80748434248435,EPSG:32736
EMSR422_1_31TDG_x471325_y4645775_S1RTC,2018-11-17,2019-01-03,2019-01-27,2019-02-20,41.952002632432844,2.6694010570643814,EPSG:32631
EMSR229_4_14RNS_x532685_y3178435_S1RTC,2016-07-10,NaN,NaN,NaN,28.72131618741845,-98.65226423916755,EPSG:32614
EMSR264_5_38LPH_x647695_y8223505_S1RTC,2016-11-23,2016-12-17,2017-01-10,2017-02-03,-16.075335264660957,46.392758836461596,EPSG:32738
EMSR779_3_33PWN_x500235_y1248345_S1RTC,2023-09-30,2023-11-05,2023-11-17,2023-12-11,11.28118033925731,15.013835567794072,EPSG:32633
EMSR203_2_15SVA_x416365_y4088805_S1RTC,NaN,2016-04-14,2016-05-08,2016-06-13,36.93021211790555,-93.92478639668364,EPSG:32615
EMSR264_4_38LQJ_x750345_y8301195_S1RTC,2016-11-23,2016-12-17,2017-01-10,2017-02-03,-15.365166593894276,47.34394872702023,EPSG:32739
EMSR264_17_38KMD_x449765_y7841375_S1RTC,2016-12-10,2016-12-10,2017-01-10,2017-02-03,-19.5332611284114,44.5333186602289,EPSG:32738
EMSR421_2_31TCH_x392385_y4763305_S1RTC,2018-11-21,2018-12-27,2019-01-20,2019-02-13,43.00350598921487,1.6952822887690555,EPSG:32631
EMSR492_1_30TXP_x682155_y4859265_S1RTC,2019-11-21,2019-12-03,2020-01-08,2020-01-20,43.852210241648734,-0.7177869275443929,EPSG:32630
EMSR264_5_38LPH_x680975_y8213265_S1RTC,2016-11-23,2016-12-17,2017-01-10,2017-02-15,-16.165616054479134,46.70460262976672,EPSG:32738
EMSR199_10_17MNQ_x548635_y9421135_S1RTC,2016-01-31,2016-02-24,2016-04-03,2016-04-12,-5.248399050955902,-80.54960025706917,EPSG:32717
EMSR779_1_33PWM_x533525_y1124855_S1RTC,2023-09-18,2023-10-24,2023-11-17,2023-12-23,10.16416258244078,15.317690479044208,EPSG:32633
EMSR634_9_33TUJ_x340015_y4830025_S1RTC,2021-07-15,2021-09-05,2021-09-12,2021-09-13,43.59481837650247,13.033784264721012,EPSG:32633
EMSR249_3_29UMV_x500195_y5902365_S1RTC,2016-09-02,2016-09-14,2016-10-13,2016-11-01,53.25906292747278,-8.977963656565505,EPSG:32629
EMSR405_3_49PCQ_x320545_y1433405_S1RTC,2018-09-30,2018-10-16,2018-11-05,2018-11-09,12.949557981982766,109.35743495606275,EPSG:32649
EMSR279_3_30TWM_x604245_y4679135_S1RTC,2017-02-09,2017-03-24,2017-04-10,2017-04-17,42.245803433431995,-1.7209511733701812,EPSG:32630
EMSR562_4_53JNF_x562005_y6580925_S1RTC,2020-12-05,2020-12-29,2021-02-03,2021-02-27,-30.91482173102371,135.66225842342303,EPSG:32753
EMSR261_1_32UND_x526325_y5839135_S1RTC,2016-10-11,2016-10-23,2016-12-10,2016-12-10,52.68995760939071,9.408344608187651,EPSG:32632
EMSR279_3_30TWN_x591365_y4715845_S1RTC,2017-02-09,2017-03-24,2017-04-11,2017-04-29,42.57798504077867,-1.8711306092609028,EPSG:32630
EMSR472_4_48PZC_x213695_y1752475_S1RTC,2019-08-20,2019-09-17,2019-10-11,2019-10-19,15.823339668304538,108.33910461907908,EPSG:32648
EMSR352_1_39RTQ_x815605_y3471715_S1RTC,2018-02-18,2018-02-22,2018-04-07,2018-04-07,31.325257322553533,48.3297856572204,EPSG:32639
EMSR311_3_17SPT_x683465_y3769255_S1RTC,2017-08-07,2017-08-19,2017-09-12,2017-10-06,34.03623622431389,-78.99882289771033,EPSG:32617
EMSR264_7_39KUA_x332955_y8026415_S1RTC,2016-11-13,2016-12-07,2016-12-31,2017-02-05,-17.855203663054176,49.435533566278615,EPSG:32739
EMSR200_2_55KFT_x684895_y7735385_S1RTC,NaN,NaN,NaN,NaN,-20.482488892975404,148.78502180784056,EPSG:32755
EMSR427_2_33VVD_x411295_y6373365_S1RTC,2018-12-24,2019-01-17,2019-02-17,2019-03-18,57.48298597022905,13.541764003846803,EPSG:32632
EMSR470_1_31PBM_x234175_y1165555_S1RTC,2019-08-21,2019-09-14,2019-10-20,2019-10-20,10.523201258900146,0.5828297006578831,EPSG:32631
EMSR570_1_56JNN_x522785_y6796395_S1RTC,2021-02-04,2021-03-19,2021-03-31,2021-04-12,-28.97174205120198,153.24695521228395,EPSG:32756
EMSR481_1_16PCB_x401025_y1686845_S1RTC,2019-09-20,2019-10-20,2019-11-05,2019-12-07,15.244472546726719,-87.90978283345304,EPSG:32616
EMSR165_1_31UDP_x471685_y5361705_S1RTC,2015-05-01,2015-05-01,2015-05-29,2015-07-04,48.396450193374434,2.6347038251446664,EPSG:32631
EMSR779_3_33PVN_x455765_y1263705_S1RTC,2023-09-30,2023-10-24,2023-11-17,2023-12-11,11.41982897917433,14.606186366221221,EPSG:32633
EMSR229_3_14RNR_x540305_y3053385_S1RTC,NaN,NaN,NaN,NaN,27.592286476338682,-98.57868334083177,EPSG:32614
EMSR712_6_32UND_x538415_y5800975_S1RTC,2022-11-09,2022-11-21,2022-12-18,2023-01-11,52.34615975831414,9.582652811588703,EPSG:32632
EMSR229_5_15RUP_x388905_y3326015_S1RTC,NaN,NaN,NaN,2016-10-04,30.048804281608312,-94.139168508893,EPSG:32615
EMSR265_23_31UDP_x455215_y5313265_S1RTC,2016-11-19,2017-01-02,2017-01-26,2017-02-19,47.95974123309978,2.417173157620356,EPSG:32631
EMSR229_3_14RPS_x608795_y3111415_S1RTC,2016-07-10,NaN,NaN,NaN,28.112211957189512,-97.87939799681962,EPSG:32614
EMSR479_1_15QVA_x449185_y1992735_S1RTC,2019-09-12,2019-10-06,2019-11-08,2019-11-23,18.010953918482812,-93.4679896536919,EPSG:32615
EMSR277_3_35TMF_x451005_y4532315_S1RTC,2017-01-24,2017-03-02,2017-03-26,2017-04-19,40.9290894273685,26.4331989464367,EPSG:32635
EMSR200_2_55KFT_x659295_y7740505_S1RTC,NaN,NaN,NaN,NaN,-20.438588568141473,148.5391766335357,EPSG:32755
EMSR264_1_39LTF_x298305_y8540185_S1RTC,2016-11-18,2016-12-12,2017-01-05,2017-01-29,-13.209924030770742,49.150534807602504,EPSG:32739
EMSR265_14_31UEQ_x555835_y5428195_S1RTC,2016-12-04,2017-01-06,2017-01-21,2017-02-14,48.992539042125046,3.780691055784158,EPSG:32631
EMSR472_4_48PZC_x195775_y1757595_S1RTC,2019-08-20,2019-09-17,2019-10-11,2019-10-19,15.867455492516745,108.17131079457927,EPSG:32648
EMSR279_5_30TXM_x687415_y4608325_S1RTC,2017-02-17,2017-03-12,2017-04-11,2017-04-17,41.59286979551153,-0.7360651090095213,EPSG:32631
EMSR203_4_15SVA_x418695_y4009255_S1RTC,NaN,2016-04-14,2016-05-08,2016-05-08,36.21335096457503,-93.89035655974679,EPSG:32615
EMSR483_3_33SXD_x682905_y4362765_S1RTC,2019-10-07,2019-10-25,2019-11-18,2019-12-06,39.383258289386035,17.13847966140483,EPSG:32633
EMSR706_1_31UDS_x438805_y5629435_S1RTC,2022-09-01,2022-10-12,2022-11-17,2022-11-29,50.80207639391589,2.149675237521868,EPSG:32631
EMSR314_3_32NKN_x270695_y729425_S1RTC,2017-07-11,2017-08-16,2017-09-21,2017-10-03,6.583253174956667,6.937677613217835,EPSG:32632
EMSR793_1_37LFD_x628755_y8340685_S1RTC,2024-01-13,2024-02-18,2024-03-13,2024-03-25,-15.017253794679313,40.20951610717439,EPSG:32737
EMSR429_1_29UMU_x498545_y5853815_S1RTC,2018-12-21,2019-01-26,2019-02-19,2019-02-22,52.82263110471806,-9.002671214826133,EPSG:32629
EMSR280_4_33VWH_x532835_y6741795_S1RTC,2017-03-11,2017-04-04,2017-04-16,2017-05-10,60.79862078343551,15.626707213637138,EPSG:32633
EMSR229_5_15RVP_x408835_y3304095_S1RTC,NaN,NaN,NaN,NaN,29.8526377299841,-93.93061516041266,EPSG:32615
EMSR470_1_31PBN_x262405_y1211175_S1RTC,2019-08-09,2019-09-20,2019-10-20,2019-10-20,10.937362761281403,0.8377009727141362,EPSG:32631
EMSR668_1_32VNM_x558205_y6624805_S1RTC,2022-04-12,2022-04-17,2022-05-18,2022-05-23,59.74538172676331,10.05828475428865,EPSG:32632
EMSR326_3_30STF_x273605_y4078105_S1RTC,2017-09-18,2017-09-18,2017-10-18,2017-11-05,36.810567335480464,-5.523639115312415,EPSG:32630
EMSR279_3_30TWM_x604245_y4674015_S1RTC,2017-02-09,2017-03-24,2017-04-10,2017-04-17,42.19970259542837,-1.72188146114364,EPSG:32630
EMSR564_1_38KND_x514035_y7817615_S1RTC,2020-12-08,2021-01-25,2021-02-06,2021-02-06,-19.74852434442529,45.146129019067004,EPSG:32738
EMSR777_5_16QCE_x324295_y1956315_S1RTC,2023-09-29,2023-11-04,2023-11-16,2023-11-28,17.675455436803066,-88.6445336421566,EPSG:32616
EMSR637_17_55JGH_x784385_y6740155_S1RTC,2021-08-08,2021-09-11,2021-10-17,2021-10-29,-29.446980302668294,149.94494331328255,EPSG:32755
EMSR311_3_17SPT_x675785_y3756455_S1RTC,2017-07-31,2017-08-19,2017-09-12,2017-10-06,33.922184179092284,-79.08456435890115,EPSG:32617
EMSR504_7_56JML_x482515_y6502125_S1RTC,2020-01-24,2020-02-17,2020-03-24,2020-04-17,-31.627402834983158,152.8290722302716,EPSG:32756
EMSR728_6_32TPT_x636985_y5294715_S1RTC,2023-04-05,2023-05-15,2023-05-27,2023-06-16,47.779478071113054,10.845641811337352,EPSG:32632
EMSR758_3_35TNL_x548895_y5060065_S1RTC,2023-07-22,2023-08-15,2023-09-08,2023-10-14,45.68084518899295,27.64422710551129,EPSG:32635
EMSR424_3_38KPG_x681175_y8184395_S1RTC,2018-12-07,NaN,2019-02-05,2019-03-01,-16.426473966250303,46.70873225756331,EPSG:32738
EMSR759_1_34UCU_x336755_y5297635_S1RTC,2023-07-26,2023-08-11,2023-09-16,2023-10-10,47.800208264726386,18.83697808428649,EPSG:32633
EMSR265_26_31UCQ_x396245_y5440625_S1RTC,2016-12-06,2017-01-07,2017-01-26,2017-02-19,49.09845773136536,1.596110772424006,EPSG:32631
EMSR166_4_33UUP_x373675_y5357065_S1RTC,2015-04-22,2015-05-04,2015-05-31,2015-06-09,48.34290519855365,13.31238362053724,EPSG:32633
EMSR481_1_16PDC_x426235_y1741525_S1RTC,2019-09-18,2019-10-19,2019-11-05,2019-12-01,15.739619491622435,-87.6766471478757,EPSG:32616
EMSR348_2_36KZE_x221065_y7948625_S1RTC,2018-01-30,2018-02-23,2018-03-19,2018-04-12,-18.54624621539218,36.369689158358604,EPSG:32737
EMSR203_4_15SVA_x400775_y4016935_S1RTC,2016-03-02,2016-04-14,2016-05-01,2016-05-08,36.280928832111655,-94.09065371965626,EPSG:32615
EMSR165_1_31UDP_x494725_y5341225_S1RTC,2015-04-23,2015-05-01,2015-05-29,2015-07-04,48.212764892945636,2.946155693569106,EPSG:32631
EMSR771_8_32TNQ_x601495_y4979725_S1RTC,2023-08-15,2023-09-24,2023-10-18,2023-11-11,44.95205558607661,10.302848246221258,EPSG:32632
EMSR779_3_33PVP_x489155_y1319385_S1RTC,2023-09-30,2023-11-05,2023-11-17,2023-12-11,11.923627013797764,14.912112882245825,EPSG:32633
EMSR203_3_15SVA_x493725_y4097185_S1RTC,NaN,2016-04-14,2016-05-08,2016-05-08,37.00934032482492,-93.05620175935537,EPSG:32615
EMSR311_8_17SPV_x696355_y3901075_S1RTC,2017-07-26,2017-08-19,2017-09-12,2017-10-18,35.22179265312415,-78.82853048978625,EPSG:32617
EMSR264_17_38KMD_x485605_y7836255_S1RTC,NaN,2016-12-17,2017-01-10,2017-02-03,-19.58009038211569,44.8749044993816,EPSG:32738
EMSR479_1_15QVA_x413345_y2013215_S1RTC,2019-09-12,2019-10-06,2019-11-08,2019-11-23,18.194930841868217,-93.80738709466347,EPSG:32615
EMSR280_2_33VVH_x472025_y6705525_S1RTC,2017-03-11,2017-04-04,2017-04-16,2017-05-22,60.4735523743468,14.514353670946708,EPSG:32633
EMSR774_1_15QTA_x213125_y2037415_S1RTC,2023-09-20,2023-10-14,2023-11-07,2023-11-19,18.396130252945724,-95.7031290025843,EPSG:32615
EMSR229_5_15RVN_x413835_y3292305_S1RTC,NaN,NaN,NaN,NaN,29.746601554951962,-93.8779268155856,EPSG:32615
EMSR472_1_48QXE_x670265_y1929775_S1RTC,2019-08-29,2019-09-10,2019-10-12,2019-10-16,17.435880782984192,106.61516700460368,EPSG:32648
EMSR314_2_32NKP_x261695_y871335_S1RTC,2017-07-23,2017-08-28,2017-09-21,2017-10-15,7.865703829950247,6.850263418338185,EPSG:32632
EMSR229_4_14RNS_x514765_y3186115_S1RTC,2016-07-10,NaN,NaN,NaN,28.790985137494417,-98.83564782436052,EPSG:32614
EMSR788_6_30TWT_x570045_y5295835_S1RTC,2023-12-11,2024-01-09,2024-01-24,2024-02-26,47.800444499532986,-2.047573178643558,EPSG:32630
EMSR783_1_30VVJ_x454085_y6337565_S1RTC,2023-11-15,2023-12-09,2023-12-26,2024-01-19,57.16765163236724,-3.7381714471753518,EPSG:32630
EMSR793_1_37LFD_x677395_y8366285_S1RTC,2024-01-13,2024-02-18,2024-03-13,2024-03-25,-14.783039450263617,40.66006543517028,EPSG:32737
EMSR264_5_38KPG_x680875_y8181985_S1RTC,2016-11-23,2016-12-17,2017-01-10,2017-02-03,-16.44827360086841,46.70611369297507,EPSG:32738
EMSR261_1_32UND_x549365_y5831455_S1RTC,2016-10-09,2016-10-23,2016-12-10,2016-12-10,52.61925653299147,9.74801983987497,EPSG:32632
EMSR482_3_16PDC_x421115_y1746645_S1RTC,2019-09-18,2019-11-07,2019-11-19,2019-12-01,15.785750175036409,-87.72460055747692,EPSG:32616
EMSR416_2_30TXP_x666565_y4848125_S1RTC,2018-10-09,2018-12-08,2018-12-08,2019-01-13,43.755682653110696,-0.9151132372082107,EPSG:32630
EMSR771_7_32TPQ_x645275_y4947305_S1RTC,2023-08-15,2023-09-24,2023-10-14,2023-11-07,44.65267753515388,10.84827400700334,EPSG:32632
EMSR779_3_33PVP_x489155_y1329625_S1RTC,2023-09-30,2023-11-05,2023-11-17,2023-12-11,12.016231383277,14.912082954857357,EPSG:32633
EMSR429_3_29UMV_x473445_y5971445_S1RTC,2018-12-17,2019-01-29,2019-02-19,2019-02-22,53.87937921447402,-9.384552539807105,EPSG:32629
EMSR197_1_39LUD_x361985_y8306695_S1RTC,2016-01-30,2016-01-30,2016-03-18,2016-04-11,-15.324143895296254,49.726240024573286,EPSG:32739
EMSR416_2_30TXP_x656325_y4837885_S1RTC,2018-10-09,2018-12-08,2018-12-08,2019-01-13,43.66578498041932,-1.0452359706164247,EPSG:32630
EMSR199_13_17MQM_x711365_y9106095_S1RTC,2016-02-07,2016-03-10,2016-03-26,2016-04-19,-8.093873155144486,-79.07031192467845,EPSG:32717
EMSR642_3_32TQQ_x278165_y4930945_S1RTC,2021-10-11,2021-10-24,2021-11-17,2021-12-23,44.4866598274958,12.22623518309723,EPSG:32633
EMSR507_5_51LXK_x644975_y8970365_S1RTC,2020-02-06,2020-03-13,2020-04-03,2020-04-18,-9.32365248949531,124.33167636585705,EPSG:32751
EMSR421_5_31TDH_x493795_y4724225_S1RTC,2018-12-03,2018-12-22,2019-01-16,2019-02-20,42.65899809348843,2.93984697578447,EPSG:32631
EMSR265_16_31UEP_x515345_y5366705_S1RTC,2016-12-04,2017-01-09,2017-01-21,2017-02-14,48.441793293594834,3.2247271122559846,EPSG:32631
EMSR788_2_30UWU_x596625_y5331285_S1RTC,2023-12-04,2024-01-12,2024-01-24,2024-02-21,48.11582017625584,-1.6846292005954242,EPSG:32630
EMSR197_1_39LUD_x351745_y8304135_S1RTC,2016-01-30,2016-01-30,2016-03-18,2016-04-11,-15.346717872973679,49.63072054586898,EPSG:32739
EMSR472_1_48QXE_x685625_y1919535_S1RTC,2019-08-29,2019-09-10,2019-10-12,2019-10-16,17.342138199577906,106.75885971625439,EPSG:32648
EMSR479_1_15QVA_x467105_y2026015_S1RTC,2019-09-12,2019-10-06,2019-11-08,2019-11-23,18.312085774936946,-93.29921867016523,EPSG:32615
EMSR264_5_38LPH_x665615_y8220945_S1RTC,2016-11-23,2016-12-17,2017-01-10,2017-02-03,-16.097314062452817,46.56043570466369,EPSG:32738
EMSR279_11_31TBF_x290585_y4492705_S1RTC,2017-02-17,2017-03-25,2017-04-12,2017-05-06,40.54749475628743,0.5419867129790407,EPSG:32631
EMSR475_5_48QYD_x772135_y1826625_S1RTC,2019-08-29,2019-09-22,2019-10-28,2019-11-12,16.494307858701408,107.56110759361309,EPSG:32648
EMSR280_5_33VVH_x475235_y6765155_S1RTC,2017-03-11,2017-04-04,2017-04-21,2017-05-22,61.00911035803257,14.565563719754747,EPSG:32633
EMSR265_6_31UDP_x494055_y5394045_S1RTC,2016-11-19,2017-01-09,2017-01-21,2017-02-19,48.68795405393358,2.936547491722521,EPSG:32631
EMSR264_1_39LTF_x290625_y8550425_S1RTC,2016-11-18,2016-12-12,2017-01-05,2017-01-29,-13.116858095761637,49.08041265749102,EPSG:32739
EMSR332_8_32TQS_x287985_y5119895_S1RTC,2017-09-22,2017-10-04,2017-10-28,2017-11-02,46.18852647709453,12.26906584797086,EPSG:32633
